machine_id,name,org,org_id,org_country,family,map_path,status,status_date,access,physical_qubits,physical_qubits_num,qubit_type,gate_mechanism,connectivity,degree,control,control_placement,readout,err_2q_median,err_2q_median_num,err_2q_best,readout_error,t1,t2,t_2q,t_meas,st_carrier,st_encoding,st_gate,st_connect,st_control,st_readout,st_code,st_decoder,st_interconnect,st_fab,codes,best_logical,decoder,realtime,demonstrated_algorithms,demonstrated_algorithm_ids,targeted_algorithms,targeted_algorithm_ids,roadmap,refs,flags
ibm-falcon,IBM Quantum Falcon r5.11,IBM,IBM,USA,SC,sc,RETIRED,in service 2019-2023,cloud (historical),27 (QEC on 23 of 27),27,fixed-frequency transmon,"fixed capacitive bus, CR/CX",heavy-hex,3,"room-temperature RF, coax per qubit",room-temp,multiplexed dispersive,~1e-2,,,,,,,,transmon,enc_bare,g_cr,cx_nn,ct_rt,ro_disp,code_detect,dec_mwpm,none,fab_sc,heavy_hex;stab_4_2_2;honeycomb_floquet,"d=3 heavy-hex, no distance scaling; logical error per 2 rounds 0.040 (Z) / 0.088 (X), leakage post-selected",matching,offline,small VQE/QAOA and dynamics at 27 q,,n/a (retired),,superseded by Eagle/Heron,ibm-falconqec;ibm-heavyhex,
ibm-eagle,IBM Quantum Eagle r1-r3,IBM,IBM,USA,SC,sc,RETIRED,launched Nov 2021,was cloud service,127 (monolithic die),127,fixed-frequency transmon,echoed cross-resonance (ECR),heavy-hex; QV 128,3,room-temperature RF; first IBM multi-level wiring + TSVs,room-temp,multiplexed dispersive,"7.4e-3 (median ECR, ibm_sherbrooke; Eagle r3 fleet spans 7.1e-3 to 1.24e-2)",0.0074,,,,,,,transmon,enc_bare,g_cr,cx_nn,ct_rt,ro_disp,code_mitig,none,ic_multidie,fab_sc,,none,none,none,"127-qubit Ising ""utility"" dynamics with ZNE (Jun 2023) - rebutted within weeks by tensor-network and sparse-Pauli methods",dynamics-trotter,n/a,,retired,ibm-eplg;ibm-utility;tindall-bp;begusic,rebutted-claim
ibm-osprey,IBM Quantum Osprey,IBM,IBM,USA,SC,sc,RETIRED,announced Nov 2022,was cloud service,433 (monolithic),433,fixed-frequency transmon,CR/ECR,heavy-hex,3,room-temperature RF + custom flex cabling,room-temp,multiplexed dispersive,not published,,,,,,,,transmon,enc_bare,g_cr,cx_nn,ct_rt,ro_disp,none,none,none,fab_sc,none,none,none,none,none of note,,n/a,,retired,ibm-condor;ibm-qdc2024,no-published-error-rates
ibm-condor,IBM Quantum Condor,IBM,IBM,USA,SC,sc,ANNOUNCED (never GA),Dec 2023,lab-only,"1,121 - largest single SC die publicly reported",1121,fixed-frequency transmon,cross-resonance,heavy-hex,3,room-temperature RF; ~1 mile of high-density cryogenic flex wiring,room-temp,multiplexed dispersive,"not published (""Osprey-class"")",,,,,,,,transmon,enc_bare,g_cr,cx_nn,ct_rt,ro_disp,none,none,none,fab_sc,none,none,none,none,none published,,n/a,,end of the monolithic-scaling line,ibm-condor,no-published-error-rates;never-user-accessible;cryo-gap
ibm-egret,IBM Quantum Egret,IBM,IBM,USA,SC,sc,RETIRED,launched 2022,lab/cloud (historical),33,33,fixed-frequency transmon,"first IBM flux-tunable couplers, native CZ",heavy-hex,3,room-temperature RF,room-temp,multiplexed dispersive,not published,,,,,,,,transmon,enc_bare,g_tc,cx_nn,ct_rt,ro_disp,none,none,none,fab_sc,none,none,none,none,none,,n/a,,coupler bridge from CR to Heron,ibm-qdc2024,source-not-confirmed
ibm-heron-r1,IBM Quantum Heron r1,IBM,IBM,USA,SC,sc,DEPLOYED,Dec 2023,cloud service,133 (monolithic),133,fixed-frequency transmon + flux-tunable coupler,"native CZ, ZZ-free idling","heavy-hex, mean degree 2.3",2.3,"room-temperature RF, high-density flex",room-temp,multiplexed dispersive,2.46e-3 (vendor dashboard median; arXiv:2410.00916 measured 4.77e-3 median CZ on ibm_torino),0.00246,,4.81e-2,,,,,transmon,enc_bare,g_tc,cx_nn,ct_rt,ro_disp,none,none,none,fab_sc,none,none,none,none,NISQ workloads; CLOPS 290 k,,"chemistry, materials, optimisation",dynamics-trotter;nisq-chem-sqd;qaoa-grover-opt;qpe-femoco,superseded by r2/r3,ibm-heron-r3;ibm-qdc2024;ibm-eplg,conflicting-claim
ibm-heron-r2,IBM Quantum Heron r2,IBM,IBM,USA,SC,sc,DEPLOYED,Jul 2024,cloud + on-prem (System Two),156 (176 tunable couplers),156,fixed-frequency transmon + flux-tunable coupler,native CZ,"heavy-hex, mean degree 2.3",2.3,room-temperature RF; cryo-CMOS flux control demonstrated Mar 2026 (16 flux channels per ASIC),room-temp + cryo-CMOS (demo),multiplexed dispersive; dynamic circuits in production,2.03e-3 (2nd source ~3e-3),0.00203,,1.67e-2,,,,,transmon,enc_bare,g_tc,cx_nn,ct_rt,ro_disp,code_detect,none,none,fab_sc,rotated_surface,"magic-state injection on ibm_fez: H_L 0.8806(2), T_L 0.8665(3) at 36.28% acceptance; spacetime mitigation of logical errors on ibm_aachen, 22 data + 27 check qubits (arXiv:2609.13108, Sep 2026)",none in loop,none (replay only),cryo-CMOS flux control (Mar 2026); dynamic circuits +24% accuracy at 100+ q,nisq-chem-sqd,"chemistry, materials, optimisation in quantum-centric supercomputing",dynamics-trotter;nisq-chem-sqd;qaoa-grover-opt;qpe-femoco,stable platform under Nighthawk,ibm-cryocmos;ibm-magic;ibm-heron-r3;ibm-aachen-mitig,
ibm-heron-r3,IBM Quantum Heron r3 (ibm_pittsburgh),IBM,IBM,USA,SC,sc,DEPLOYED,Jul 2025,cloud + on-prem,156,156,fixed-frequency transmon + flux-tunable coupler,native CZ,"heavy-hex, mean degree 2.3; 57 of 176 couplings below 1e-3",2.3,"room-temperature RF, high-density flex",room-temp,multiplexed dispersive,1.52e-3,0.00152,<1e-3 on 57 of 176 pairs,1.3e-2,,3.5e-4 (T2),,,transmon,enc_bare,g_tc,cx_nn,ct_rt,ro_disp,code_detect,none,none,fab_sc,rotated_surface;spacetime_circuit,"spacetime_circuit (the IBM/UChicago spacetime detection code, stage-1 id added Sep 2026): 97 physical (70 data + 27 ancilla), depth 70, 468 virtual T, ~10x effective error suppression, certified fidelity lower bound 0.284 (95% c.l.); the 2,869 CZ count and the 0.059% acceptance are not in the cited release or abstract - not re-fetched",none in loop,none (replay only),"all three IBM Jul-2026 advantage claims: doped-Clifford sampling (classically rebutted Aug 2026), Loschmidt echo 56 q, Floquet-Ising <=74 q (cross-validated on Quantinuum)",doped-clifford;dynamics-trotter;loschmidt-echo,"chemistry, materials, optimisation",dynamics-trotter;nisq-chem-sqd;qaoa-grover-opt;qpe-femoco,stable platform; no r4 announced,ibm-heron-r3;ibm-qdc2025;ibm-uchicago;uchicago-arxiv;algorithmiq;manabe,conflicting-claim
ibm-nighthawk-r1,IBM Quantum Nighthawk r1,IBM,IBM,USA,SC,sc,DEPLOYED,Dec 2025,cloud service,120 programmable qubits (218 couplers),120,fixed-frequency transmon + next-gen tunable coupler,"native CZ, ""Heron-class gate fidelity""","square lattice, degree 4",4,room-temperature RF,room-temp,multiplexed dispersive,EPLG 3.7e-3,0.0037,,,,,,,transmon,enc_bare,g_tc,cx_nn,ct_rt,ro_disp,none,none,none,fab_sc,none,none,none,none,"5,000 2Q gates per circuit",,quantum advantage on sampling/dynamics/optimisation,dynamics-trotter;nisq-chem-sqd;qaoa-grover-opt;qpe-femoco,"r2, then 3-module 360 q; a Nighthawk r2-based IBM Quantum System Two at CSCS Lugano (ETH Zurich), expected operational by end-2026 (announced 10 Sep 2026)",nighthawk;ibm-roadmap2026;cscs-nighthawk,
ibm-nighthawk-r2,IBM Quantum Nighthawk r2,IBM,IBM,USA,SC,sc,DEPLOYED,31 Aug 2026,cloud service; Yonsei (Korea) Nov 2026,120 programmable qubits (458 on-chip elements = 120 q + 218 couplers + 120 reset elements),120,fixed-frequency transmon + next-gen tunable coupler,native CZ,"square lattice, degree 4",4,room-temperature RF; per-qubit high-dynamic-range coupler to a cold bath for reset,room-temp,"multiplexed dispersive; effective T1 pulled from ~200 us to ~25 ns on demand, init error /25",EPLG 3.7e-3 (Q-CTRL measured worse 2Q than Heron),0.0037,,,,2.7e-5 median effective as delivered; 1.6e-4 with crosstalk suppression,,,transmon,enc_bare,g_tc,cx_nn,ct_rt,ro_reset,none,none,none,fab_sc,none,none,none,none,"7,500+ 2Q gates with accurate observable estimation; >100,000 circuits/s (25x Heron)",,pre-fault-tolerance quantum advantage,dynamics-trotter;nisq-chem-sqd;qaoa-grover-opt;qpe-femoco,"2027: 10,000 gates and at least 1,000 programmable qubits; 2028: 15,000 gates (IBM publishes no 2028 qubit count; the ~1,080 figure is not in the cited sources - not re-fetched)",nighthawk;qctrl;ibm-roadmap2026;ibm-cryo,conflicting-claim
ibm-loon,IBM Quantum Loon,IBM,IBM,USA,SC,sc,DEMONSTRATED (component testbed),Nov 2025,lab-only,~112 (unconfirmed; IBM has published none),112,fixed-frequency transmon,tunable couplers,"c-couplers giving up to degree 6 - a Tanner-graph connectivity testbed, not a regular lattice",6,room-temperature RF,room-temp,dispersive; integrated qubit reset gadgets,not published,,,,,,,,transmon,enc_bare,g_tc,cx_lr,ct_rt,ro_reset,none,none,none,fab_sc,none,none run,none (targets dec_relaybp),none,none - a hardware-enabler demonstration,,n/a,,feeds Kookaburra,ibm-qdc2025,no-published-error-rates
ibm-kookaburra,IBM Quantum Kookaburra,IBM,IBM,USA,SC,sc,PLANNED (not delivered),2026 target,n/a,not delivered,,fixed-frequency transmon,tunable coupler + c-coupler,"degree-6 Tanner graph for [[144,12,12]]",6,room-temperature RF,room-temp,dispersive,target,,,,,,,,transmon,enc_bare,g_tc,cx_lr,ct_rt,ro_disp,code_qldpc,dec_relaybp,ic_mcm,fab_sc,gross,none - intended first gross-code qLDPC memory + logical processing unit,Relay-BP on FPGA (intended),intended in-loop,none,,n/a,,first logical module; unannounced as of 26 Sep 2026,ibm-roadmap2026;relaybp;tourdegross,schedule-risk
ibm-cockatoo,IBM Quantum Cockatoo,IBM,IBM,USA,SC,sc,PLANNED,2027,n/a,two Kookaburra-class modules,,fixed-frequency transmon,tunable coupler,"l-coupler (""universal adapter""), ~1 m in-fridge cable",6,room-temperature RF,room-temp,dispersive,l-coupler best benchmarked error 3.5e-2 per gate at 235 ns (QDC 2024); the 99.3% Aug-2026 figure is not in the cited release - not re-fetched,0.035,,,,,,,transmon,enc_bare,g_tc,cx_lr,ct_rt,ro_disp,code_qldpc,dec_relaybp,ic_mcm,fab_sc,gross,none,Relay-BP (intended),intended in-loop,none,,n/a,,module-to-module entanglement,ibm-cryo;ibm-qdc2024;ibm-roadmap2026,schedule-risk;source-not-confirmed
ibm-starling,IBM Quantum Starling,IBM,IBM,USA,SC,sc,PLANNED,2029,n/a,"~20,000-25,000 physical inferred from 12 cryogenic modules x thousands per module; IBM publishes no total - not re-fetched",22000,fixed-frequency transmon,tunable coupler + c/l-couplers,bicycle architecture: BB qLDPC memory blocks + logical processing units,6,room-temperature RF + cryo-CMOS,room-temp + cryo-CMOS,dispersive,target,,,,,,,,transmon,enc_bare,g_tc,cx_lr,ct_rt,ro_disp,code_qldpc,dec_relaybp,ic_mcm,fab_sc,gross;qcga;bb288,target 200 logical qubits running 1e8 logical gates,"Relay-BP on FPGA/ASIC, in-loop",intended in-loop,none,,"chemistry, materials, optimisation",dynamics-trotter;nisq-chem-sqd;qaoa-grover-opt;qpe-femoco,"Poughkeepsie NY, 2029",ibm-ftqc;tourdegross,cryo-gap
ibm-bluejay,IBM Quantum Blue Jay,IBM,IBM,USA,SC,sc,PLANNED,2033+,n/a,not published,,fixed-frequency transmon,tunable coupler + l-couplers,distributed across sites,6,room-temperature RF + cryo-CMOS,room-temp + cryo-CMOS,dispersive,target,,,,,,,,transmon,enc_bare,g_tc,cx_lr,ct_rt,ro_disp,code_qldpc,dec_relaybp,ic_mcm,fab_sc,gross;qcga,"target 2,000 logical qubits running 1e9 logical gates (not restated in the cited blog - not re-fetched)",Relay-BP,intended in-loop,none,,"chemistry, materials, cryptanalysis-scale workloads",dynamics-trotter;nisq-chem-sqd;qaoa-grover-opt;qpe-femoco,2033+,ibm-ftqc,cryo-gap
google-sycamore-54,Sycamore,Google Quantum AI,Google Quantum AI (ex-Atlantic Quantum),USA,SC,sc,RETIRED,demonstrated Oct 2019,lab-only,"54 fabricated, 53 operational",53,"frequency-tunable transmon (asymmetric SQUID, Al junctions)","86 tunable couplers; native iSWAP-like fSim, 12 ns; 1Q 25 ns","square lattice, degree 4",4,"277 DACs (14-bit, 1 GS/s) at room temperature",room-temp,frequency-multiplexed dispersive,6.2e-3 simultaneous (3.6e-3 isolated),0.0062,3.6e-3 isolated,,2.0e-5,,1.2e-8,,transmon,enc_bare,g_tc,cx_nn,ct_rt,ro_disp,none,none,ic_multidie,fab_sc,none,none beyond small-code characterisation,none,none,"random circuit sampling, 53 q, the 2019 supremacy claim (since eroded classically)",rcs,n/a,,superseded,sycamore,eroded-claim
google-sycamore-72,Sycamore-class 72-qubit processor,Google Quantum AI,Google Quantum AI (ex-Atlantic Quantum),USA,SC,sc,DEMONSTRATED,2022 (Nature Feb 2023),lab-only,72 transmons + 121 tunable couplers,72,frequency-tunable transmon,"tunable coupler CZ, 34 ns; 1Q 25 ns; reset 160 ns; full QEC cycle 921 ns","square lattice, degree 4",4,room-temperature DACs,room-temp,"dispersive, 500 ns measurement",not published,,,,2.0e-5,3.0e-5,3.4e-8,5.0e-7,transmon,enc_bare,g_tc,cx_nn,ct_rt,ro_reset,code_surface,dec_mwpm,ic_multidie,fab_sc,rotated_surface;xzzx;quantum_repetition,d=5 at 2.914(16)% logical error/cycle vs four averaged d=3 at 3.028(23)% => Lambda 1.04; d=25 repetition floor 1.7e-6/round (1.6e-7 excluding one high-energy event),matching / tensor-network; AlphaQubit trained on this device,offline,QEC benchmarking; Snake-optimiser frequency work on a 68-q sibling,rcs,n/a,,superseded by Willow,syc72;snake,
google-willow,Willow,Google Quantum AI,Google Quantum AI (ex-Atlantic Quantum),USA,SC,sc,DEMONSTRATED + narrow access,"Dec 2024 (early-access programme; applications closed 15 May 2026, selected applicants notified)",invited academic access,105 on one monolithic square-lattice die,105,"frequency-tunable transmon, participation-ratio engineered","tunable transmon couplers, native CZ 42 ns; 1Q XY 25 ns; QEC cycle 1.1 us","square lattice, average connectivity 3.47",3.47,room-temperature control; QEC loop classifies on the control electronics and ships to a workstation over low-latency Ethernet,room-temp,frequency-multiplexed dispersive,1.5e-3 median (1.2e-3 mean),0.0015,1.2e-3 mean (99.88%),8e-3,6.8e-5,8.9e-5,4.2e-8,,transmon,enc_bare,g_tc,cx_nn,ct_rt,∅G-lru,code_surface,dec_mwpm,none,fab_sc,rotated_surface;xzzx;triangular_color;google_dynamic_surface;quantum_repetition,Lambda 2.14(2); d=7 at 7.72(9)e-4 logical error per cycle (2026); T-state fidelity 0.9999(1) at 8% acceptance by cultivation; hexagonal surface code Lambda 2.15(2) at degree 3 and d=3 colour-code lattice-surgery teleportation 86.5-90.7% (neither is in the cited sources - not re-fetched),sparse-blossom MWPM in loop; AlphaQubit2 neural; Tesseract offline MLE,"in-loop (real-time, 63 us mean latency at d=5 for 1e6 cycles)","RCS in <5 min vs ~1e25 yr; Quantum Echoes OTOC(2) on 65 of 103 qubits, 2.1 h vs 3.2 yr per point estimated on Frontier (~13,000x), claimed first verifiable quantum advantage",otoc-echo;rcs,"chemistry, materials, drug discovery; RSA-2048 in <1 M noisy qubits in <1 week assuming this architecture",otoc-echo;qpe-femoco;shor-rsa2048,"Milestone 3: 1,000 physical to 1 logical at 1e-6 - still ahead",willow-qec;willow-rl;alphaqubit2;cultivation;echoes-nature;echoes-blog;google-verif;gidney;willow-eap;defence-echoes,estimated-baseline
google-fluxonium,Google fluxonium line (ex-Atlantic Quantum),Google Quantum AI,Google Quantum AI (ex-Atlantic Quantum),USA,SC,sc,ANNOUNCED (no device),Oct 2025,n/a,"no device, count unpublished",,fluxonium,"resonator-induced-phase / parametric all-microwave 2Q (academic reference: >99% 2Q, parallel 1Q >99.9%)",degree-4 unit cell (academic),4,room-temperature electronics; acquired asset is a cold-stage superconducting control stack,room-temp + cryo (claimed),dispersive,"<1e-2 (>99% RIP 2Q, academic cell)",0.01,,,,,,,fluxonium,enc_bare,∅G-rip,cx_nn,ct_rt,ro_disp,none,none,none,fab_sc,none,none,none,none,none,,n/a,,no Google fluxonium device published; the cited item reports the acquisition as unconfirmed and does not name fluxonium,atlantic;fluxonium-cell,no-device;acquisition-unconfirmed
ustc-zuchongzhi-2.1,Zuchongzhi 2.1,USTC / Hefei National Laboratory,University of Science and Technology of China,China,SC,sc,RETIRED,demonstrated Oct 2021,lab-only,"66 tunable transmons (11x6, 110 couplers)",66,tunable transmon,tunable coupler,square lattice,4,room-temperature RF,room-temp,dispersive,~2e-2 to 3e-2,0.025,,,,,,,transmon,enc_bare,g_tc,cx_nn,ct_rt,ro_disp,none,none,none,fab_sc,none,none,none,none,"RCS, 56 q x 20 cycles",rcs,n/a,,superseded,zcz3,second-hand-numbers;eroded-claim;source-not-confirmed
ustc-zuchongzhi-3.0,Zuchongzhi 3.0,USTC / Hefei National Laboratory,University of Science and Technology of China,China,SC,sc,DEMONSTRATED,Dec 2024 / Mar 2025,lab + Tianyan cloud sibling,"105 readable qubits, 182 tunable couplers (15x7)",105,"tunable transmon, tantalum-aluminium on sapphire","tunable coupler CZ-family; 1Q 28 ns, 2Q 45 ns","rectangular lattice, average connectivity 3.5",3.5,room-temperature RF,room-temp,dispersive,3.8e-3 parallel (99.62%),0.0038,,8.2e-3 to 8.7e-3,7.2e-5,5.8e-5,4.5e-8,,transmon,enc_bare,g_tc,cx_nn,ct_rt,ro_disp,none,none,ic_multidie,fab_sc,none,none on 3.0 itself,none,none,"RCS, 83 q x 32 cycles, 1e6 samples in a few hundred seconds vs an estimated 6.4e9 years on Frontier",rcs,none published,,"surface code at d=7, d=9/d=11 planned",zcz3;zcz3-eurek,estimated-baseline
ustc-zuchongzhi-3.2,Zuchongzhi 3.2,USTC / Hefei National Laboratory,University of Science and Technology of China,China,SC,sc,DEMONSTRATED,22 Dec 2025,lab-only,"107 on chip, 97 used for QEC",107,tunable transmon + tunable coupler,tunable coupler CZ,lattice; coupler geometry not published,4,room-temperature RF; all-microwave leakage-reduction units on data qubits + fast unconditional ancilla reset inside the QEC cycle,room-temp,"dispersive, 0.95% readout error in a 300 ns window",~4e-3,0.004,,9.5e-3,,,,3.0e-7,transmon,enc_bare,g_tc,cx_nn,ct_rt,∅G-lru,code_surface,dec_nn,ic_multidie,fab_sc,rotated_surface;surface-17,Lambda 1.40(6) at d=7 over 40 cycles - the first below-threshold surface-code memory outside the USA; leakage suppressed 72x to 6.4(5)e-4 after 40 cycles; logical CNOT average process fidelity 0.643(2) with no post-selection (Jul 2026),none named for the memory; neural network for the Jul 2026 logical-gate work,offline (memory); unstated for the logical-gate paper,QEC memory and logical Clifford primitives,,none published,,"d=9, d=11 surface codes",zcz32;ustc-logical,
zju-125q,Zhejiang University 125-qubit surface-code processor,Zhejiang University + CAEP,Zhejiang University,China,SC,sc,DEMONSTRATED,4 Jun 2026,lab-only,125 transmons (no product name published),125,transmon,"tunable nearest-neighbour coupling, CZ",planar 2-D array,4,room-temperature RF,room-temp,dispersive; data-qubit idle error 0.024 per measurement cycle,4e-3 (99.6% median CZ),0.004,,2.5e-2 two-state / 4.9e-2 three-state,,,,,transmon,enc_bare,g_tc,cx_nn,ct_rt,ro_disp,code_surface,dec_mwpm,none,fab_sc,rotated_surface,two d=3 patches with lattice merge/split; deterministic logical Bell >=0.532 decoded (0.925(5) at ~0.5% retention); per-cycle logical error 0.0365(2) / 0.0282(1) after leakage rejection (82.4% of runs discarded); logical R_X(pi/4) 0.943 by magic-state injection and gate teleportation,belief-matching,offline,two-qubit logical Deutsch-Jozsa at 97% decoded accuracy (0.06% retention on the balanced instance),,none published,,not published,zju125,post-selection-dominated
tsinghua-kunlun-32,Kunlun,Zhejiang University (H. Wang group) with Tsinghua University IIIS (D.-L. Deng),Tsinghua University,China,SC,sc,DEMONSTRATED,May 2025,lab-only,32 long-range-coupled transmons,32,transmon,tunable coupler,long-range couplers; weight-6 non-local stabilisers,6,room-temperature RF,room-temp,dispersive,not published,,,,,,,,transmon,enc_bare,g_tc,cx_lr,ct_rt,ro_disp,code_qldpc,none,none,fab_sc,qcga;generalized_bicycle,the only on-hardware bivariate-bicycle result in existence: d=4 (4 logical) at 8.91(17)% logical error per cycle; qLDPC d=3 (6 logical) at 7.77(12)%,offline,offline,none,,none published,,none published,kunlun,
ctqg-tianyan-176,Tianyan-176 (and 24-q sibling),China Telecom Quantum Group + QuantumCTek,QuantumCTek,China,SC,sc,DEPLOYED,2023,cloud service,176 (and a 24-q sibling),176,transmon,coupler type not published,not published,4,room-temperature RF,room-temp,dispersive,"4e-3 claimed (press figure, no paper)",0.004,,,,,,,transmon,enc_bare,g_tc,cx_nn,ct_rt,ro_disp,none,none,none,fab_sc,none,none,none,none,cloud jobs only,,n/a,,not published,qudoor-tqi,vendor-claim
ctqg-tianyan-287,Tianyan-287,China Telecom Quantum Group / QuantumCTek / CAS,QuantumCTek,China,SC,sc,DEPLOYED,Oct 2025,cloud service,"105 readable qubits (182 couplers); ""287"" is a platform label, not a qubit count",105,tunable transmon,tunable coupler; explicitly a Zuchongzhi 3.0-like architecture,rectangular lattice,3.5,room-temperature RF,room-temp,dispersive,4.4e-3 (99.56%),0.0044,,1.3e-2,,,,,transmon,enc_bare,g_tc,cx_nn,ct_rt,ro_disp,none,none,ic_multidie,fab_sc,none,none published,none,none,"RCS, 74 q x 24 cycles, 1e6 samples in 18.4 minutes vs ~16,000 years classically",,n/a,,not published,tianyan287,estimated-baseline;name-not-qubit-count
ctqg-tianyan-504,"Tianyan-504 / ""Xiaohong"" chip",China Telecom Quantum Group + CAS + QuantumCTek,QuantumCTek,China,SC,sc,ANNOUNCED / DEPLOYED (reachability disputed),Dec 2024,cloud service (disputed),504 on a single chip,504,transmon,not published,not published,,domestically developed kilo-qubit measurement-and-control system - the actual asset,room-temp,dispersive,none published,,,,,,,,transmon,enc_bare,undisclosed,cx_nn,ct_rt,ro_disp,none,none,none,fab_sc,none,none,none,none,none published - a control-system validation vehicle,,n/a,,">=1,000 qubits with sub-microsecond feedback latency by 2026",qudoor-tqi,no-published-error-rates;access-disputed
originq-wukong-72,Origin Wukong (3rd gen),Origin Quantum,Origin Quantum,China,SC,sc,DEPLOYED,Jan 2024,cloud service + export sales,72,72,transmon,tunable coupler,planar lattice,4,room-temperature RF; in-house Origin Sinan calibration and Origin Pilot OS,room-temp,dispersive,not published,,,,1.5e-5,2.2e-6,,,transmon,enc_bare,g_tc,cx_nn,ct_rt,ro_disp,code_detect,none,none,fab_sc,rotated_surface;css_4_1_2,"d=2 error-detecting rotated surface code with transversal logical CNOT 88.9(5)%, and css_4_1_2 ([[4,1,2]], stage-1 id added Sep 2026) with a universal logical gate set: logical Bell 79.4-79.5%, logical rotations 87.4(7)-94.4(5)% - all post-selected",offline,offline,"~50 M cloud accesses from 160+ countries; >900,000 completed jobs",,none published,,"2021 roadmap promised 1,024 qubits by 2025 and delivered 72",wukong-qec,post-selection-dominated;roadmap-missed
originq-wukong-102,Origin Wukong 102,Origin Quantum,Origin Quantum,China,SC,sc,DEPLOYED,2025,cloud service,102,102,transmon,tunable coupler,planar lattice,4,room-temperature RF,room-temp,dispersive,not published,,,,,,,,transmon,enc_bare,g_tc,cx_nn,ct_rt,ro_disp,code_detect,none,none,fab_sc,none,none,none,none,cloud workloads,,none published,,superseded by Wukong-180,wukong-qec,no-published-error-rates;source-not-confirmed
originq-wukong-180,Origin Wukong-180 (4th gen),Origin Quantum,Origin Quantum,China,SC,sc,DEPLOYED,May 2026,cloud service + export sales,180 computational qubits + 251 coupling qubits on a single-core chip,180,transmon,tunable coupler; 251:180 coupler ratio to cut parallel-gate crosstalk,single-core planar lattice,4,"room-temperature RF; four in-house subsystems (chip, control, cryo, OS)",room-temp,"dispersive, claimed 99.90%",1e-3 claimed (unverified),0.001,,,4.0e-5,2.0e-5,,,transmon,enc_bare,g_tc,cx_nn,ct_rt,ro_disp,none,none,none,fab_sc,none,none,none,none,cloud workloads,,none published,,launch date itself inconsistent across sources (9/14/15 May 2026),qudoor-tqi;wukong-qec,vendor-claim;unverifiable
baqis-baihua-156,Baihua (Quafu platform),Beijing Academy of Quantum Information Sciences,Beijing Academy of Quantum Information Sciences,China,SC,sc,DEPLOYED,2024-,free open-access cloud,156 (119 usable),156,transmon,tunable coupler,2-D lattice,4,room-temperature RF,room-temp,dispersive,9.8e-3 median CZ (99.02%) over 111 available qubits of the 156-qubit chip; average 1.35e-2 (98.65%); best pair 99.82% (Dec 2025),0.0098,,,,,,,transmon,enc_bare,g_tc,cx_nn,ct_rt,ro_disp,none,none,none,fab_sc,none,none,none,none,"open cloud, >5 M jobs across the platform",,n/a,,not published,qudoor-tqi,no-published-error-rates;source-not-confirmed
baqis-dongling-130,Dongling (Quafu platform),Beijing Academy of Quantum Information Sciences,Beijing Academy of Quantum Information Sciences,China,SC,sc,DEPLOYED,2024-,free open-access cloud,130 (105 usable),130,transmon,tunable coupler,2-D lattice,4,room-temperature RF,room-temp,dispersive,not published,,,,,,,,transmon,enc_bare,g_tc,cx_nn,ct_rt,ro_disp,none,none,none,fab_sc,none,none,none,none,open cloud,,n/a,,not published,qudoor-tqi,no-published-error-rates;source-not-confirmed
baqis-haituo-117,Haituo (Quafu platform),Beijing Academy of Quantum Information Sciences,Beijing Academy of Quantum Information Sciences,China,SC,sc,DEPLOYED,2024-,free open-access cloud,117 (105 usable),117,transmon,tunable coupler,2-D lattice,4,room-temperature RF,room-temp,dispersive,not published,,,,,,,,transmon,enc_bare,g_tc,cx_nn,ct_rt,ro_disp,none,none,none,fab_sc,none,none,none,none,open cloud,,n/a,,not published,qudoor-tqi,no-published-error-rates;source-not-confirmed
baqis-scq136,"ScQ-136 ""Baiwang""",Beijing Academy of Quantum Information Sciences,Beijing Academy of Quantum Information Sciences,China,SC,sc,DEPLOYED,2024-,free open-access cloud,136 on a 2-D square lattice,136,transmon,tunable coupler,2-D square lattice,4,room-temperature RF,room-temp,dispersive,1Q ~1e-2 quoted; no 2Q data,,,,,,,,transmon,enc_bare,g_tc,cx_nn,ct_rt,ro_disp,none,none,none,fab_sc,none,none,none,none,open cloud; >20 supported papers,,n/a,,not published,qudoor-tqi,no-published-error-rates;source-not-confirmed
spinq-ursa-major,SpinQ Ursa Major (25 q / 103 q),SpinQ Technology,SpinQ Technology,China,SC,sc,DEPLOYED,2025-2026,on-prem sold + cloud,"25 and 103 (tape-out, packaging and validation complete mid-2026)",103,transmon,tunable coupler,planar lattice,4,room-temperature RF,room-temp,dispersive,not published,,,,,,,,transmon,enc_bare,g_tc,cx_nn,ct_rt,ro_disp,none,none,none,fab_sc,none,none demonstrated (d=3 surface-code validation stated for 2026),"""cascaded quantum Hamming code decoding"" claimed",none,none,,none published,,d=3 surface code in 2026,qudoor-tqi,no-published-error-rates;source-not-confirmed
zhuangzi-2.0,Zhuangzi 2.0,CAS / Peking University,unmatched,China,SC,sc,DEMONSTRATED (unverified),2025,not cloud-accessible,78,78,transmon,tunable coupler (assumed),not published,,room-temperature RF,room-temp,dispersive,not published,,,,,,,,transmon,enc_bare,g_tc,cx_nn,ct_rt,ro_disp,none,none,none,fab_sc,none,none,none,none,demonstration chip only,,n/a,,not published,qudoor-tqi,snippet-only;no-published-error-rates;source-not-confirmed
riken-64q,RIKEN 64-qubit superconducting processor,"RIKEN with AIST, NICT, Osaka University, Fujitsu, NTT",NICT,Japan,SC,sc,DEPLOYED,27 Mar 2023,cloud service (non-commercial),64 = 16 four-qubit unit cells on one ~2 cm chip,64,transmon,coupler type not published (fixed vs tunable unresolved),2-D square arrangement of unit cells,4,"microwave drive at 8-9 GHz; perpendicular (""3-D vertical"") wiring package",room-temp,dispersive,none published,,,,,,,,transmon,enc_bare,undisclosed,cx_nn,ct_vio,ro_disp,none,none,none,fab_sc,none,none,none,none,hybrid error-mitigation evaluation against a 40-qubit state-vector simulator,,n/a,,feeds the 256-qubit machine,fujitsu-tqi,no-published-error-rates;source-not-confirmed
riken-fujitsu-256q,RIKEN-Fujitsu 256-qubit superconducting quantum computer,RIKEN RQC + Fujitsu,Fujitsu,Japan,SC,sc,DEPLOYED,Apr 2025,offered to companies and research institutions,256 = 64 x the same 4-qubit unit cell,256,transmon,coupler type not published,scalable 3-D connection structure tiling unit cells,4,Keysight control electronics (secondary); perpendicular wiring; implementation density quadrupled inside the same dilution refrigerator,room-temp,dispersive,none published,,,,,,,,transmon,enc_bare,undisclosed,cx_nn,ct_vio,ro_disp,none,none,none,fab_sc,none,none (stated intent only),none,none,none published,,larger-molecule chemistry,hubbard-lattice;qpe-catalyst;qpe-p450,"collaboration extended to Mar 2029; 1,000-qubit machine planned",fujitsu-tqi,no-published-error-rates;cryo-gap
fujitsu-1000q,"Fujitsu 1,000-qubit machine",Fujitsu (+ RIKEN),Fujitsu,Japan,SC,sc,PLANNED (no launch found),2026 target,n/a,"~1,000 (some coverage says 1,024)",1000,transmon,not published,"4-qubit unit cell + 3-D wiring, ~250 cells",4,"4-qubit unit cells arranged in a 3-D configuration (64/256-qubit RIKEN–Fujitsu lineage); wiring of the 1,000-qubit machine not published",room-temp,dispersive,not published,,,,,,,,transmon,enc_bare,undisclosed,cx_nn,ct_vio,ro_disp,none,none,none,fab_sc,none,none,none,none,none,,chemistry,hubbard-lattice;qpe-catalyst;qpe-p450,"live Fujitsu pages still say ""launched in 2026"" as of 15 Sep 2026",fujitsu-tqi,schedule-risk;no-published-error-rates;source-not-confirmed
fujitsu-10000q,"Fujitsu >10,000 physical / ~250 logical (STAR)",Fujitsu + AIST + RIKEN,Fujitsu,Japan,SC,sc,ANNOUNCED,"Aug 2025, target FY2030",n/a,">10,000 physical",10000,transmon,tunable coupler (assumed),surface-code lattice,4,not published; 'high-density packaging and low-cost control' named as one of four development workstreams,room-temp,dispersive,target p ~1e-3 (STAR Ver. 3 relaxed from 1e-4),0.001,,,,,,,transmon,enc_bare,g_tc,cx_nn,undisclosed,ro_disp,∅G-analogrot,dec_mwpm,ic_mcm,fab_sc,rotated_surface,"target ~250 logical qubits by FY2030 (1,000 by 2035); at p=1e-4 and 1e4 physical, STAR gives 64 logical, ~1.72e7 Clifford operations and ~3.75e4 arbitrary rotations","PyMatching v2 (MWPM), assumed",not built,none - every STAR number is a simulation resource estimate,,"Fermi-Hubbard 8x8, ruthenium catalyst, cytochrome P450, iron-sulfur clusters",hubbard-lattice;qpe-catalyst;qpe-p450,"FY2030 250 logical; 2035 1,000 logical",star;star3;fujitsu-tqi,estimate-only;no-published-error-rates
toshiba-dtc,Toshiba double-transmon coupler,Toshiba + RIKEN RQC + University of Tokyo,Toshiba,Japan,SC,sc,DEMONSTRATED,Nov 2024,"lab-only, two-qubit test devices",2 (test device),2,fixed-frequency transmon,"double-transmon coupler (two transmons sharing a three-junction loop), external flux switches the interaction; CZ 48 ns",two-qubit test pair,1,room-temperature RF; a shunt capacitance variant removes DC bias current at idle,room-temp,dispersive,1.0e-3 (99.90% CZ averaged over a 12-hour run),0.001,1.0e-3,,2.3e-4,3.6e-4,4.8e-8,,transmon,enc_bare,g_tc,cx_nn,ct_rt,ro_disp,none,none,none,fab_sc,none,none,none,none,"none - a coupler-technology supplier story, not a processor story",,n/a,,stated goal 99.99%; no multi-qubit DTC processor exists,toshiba-dtc,component-only
kriss-20q,KRISS domestic superconducting QPU,Korea Research Institute of Standards and Science,KRISS,South Korea,SC,sc,DEPLOYING,H2 2026,cloud (pilot),~20-qubit class (50-qubit class targeted during 2026),20,transmon,tunable coupler (assumed),not published,,room-temperature RF,room-temp,dispersive,none published,,,,,,,,transmon,enc_bare,g_tc,cx_nn,ct_rt,ro_disp,none,none,none,fab_sc,none,none,none,none,none,,n/a,,"1,000-qubit superconducting systems in the early 2030s",qudoor-tqi,no-published-error-rates;source-not-confirmed
qpiai-indus-25,QpiAI Indus,QpiAI,QpiAI,India,SC,sc,DEPLOYED,14 Apr 2025,research use,25,25,transmon,tunable coupler (assumed),not published,,room-temperature RF; full in-house stack (QPU + control + mK cryogenics + Quantum-HPC),room-temp,dispersive,none published,,,,,,,,transmon,enc_bare,g_tc,cx_nn,ct_rt,ro_disp,none,none,none,fab_sc,none,none,none,none,none published,,n/a,,"Ganges 128 q, then Everest 1,000 q (no date)",kaveri,no-published-error-rates;source-not-confirmed
qpiai-kaveri-64,QpiAI Kaveri,QpiAI,QpiAI,India,SC,sc,ANNOUNCED,26 Feb 2026,research use,64,64,transmon in a grid layout,tunable coupler (assumed); wafer-scale fabrication and flip-chip integration,grid,4,room-temperature RF,room-temp,dispersive,~1e-2 (no per-gate split published),0.01,,,1.0e-4,,,,transmon,enc_bare,g_tc,cx_nn,ct_rt,ro_disp,none,none,ic_multidie,fab_sc,none,none,none,none,none published,,n/a,,"Ganges 128 q, Everest 1,000 q",kaveri,aggregate-error-only
academia-sinica-20q,Academia Sinica 20-qubit superconducting quantum computer,Academia Sinica,unmatched,Taiwan,SC,sc,DEMONSTRATED / DEPLOYED,29 Jan 2026,domestic academic access,"20, designed and fabricated in-house on an 8-inch wafer",20,transmon,not published; laser trimming tunes qubit frequencies post-fabrication,not published,,room-temperature RF; chip stacking to reduce crosstalk,room-temp,dispersive,none published,,,,5.3e-4 (claimed),,,,transmon,enc_bare,undisclosed,cx_nn,ct_rt,ro_disp,none,none,ic_multidie,fab_sc,none,none,none,none,none published,,n/a,,domestic fab capability is the programme's point,sinica,outlier-claim;no-published-error-rates;source-not-confirmed
rigetti-ankaa-2,Rigetti Ankaa-2,Rigetti Computing,Rigetti Computing,USA,SC,sc,DEPLOYED,late 2023,cloud service (Rigetti QCS + Amazon Braket),84,84,tunable transmon + tunable couplers,native iSWAP,"square lattice, degree <=4",4,room-temperature RF; Collision Clustering decoder on FPGA in the loop,room-temp,dispersive,~1e-2,0.01,,,,,,,transmon,enc_bare,g_tc,cx_nn,ct_rt,ro_disp,code_surface,dec_fpga,none,fab_sc,rotated_surface;stab_4_2_2,the first FPGA decoder in a closed loop on superconducting hardware outside Google: stability-8 patch LER 28.1(1)% at 5 rounds to 20.5(1)% at 25 rounds; decode 0.44-0.79 us per round; 9.6 us total reaction for 9 rounds,Collision Clustering (union-find class) on FPGA,in-loop,NISQ benchmarking,,none disclosed,,superseded by Cepheus,ankaa-riverlane;ankaa-arxiv,
rigetti-ankaa-3,Rigetti Ankaa-3,Rigetti Computing,Rigetti Computing,USA,SC,sc,DEPLOYED,end-2024,cloud service,84,84,tunable transmon + tunable couplers,native iSWAP / CZ,"square lattice, degree <=4",4,room-temperature RF,room-temp,dispersive,~1e-2 (~99% median 2Q),0.01,,,,,,,transmon,enc_bare,g_tc,cx_nn,ct_rt,ro_disp,none,none,none,fab_sc,none,none,none,none,NISQ benchmarking,,none disclosed,,superseded by Cepheus,cepheus;rigetti-pq,
rigetti-cepheus-1-36q,Rigetti Cepheus-1-36Q,Rigetti Computing,Rigetti Computing,USA,SC,sc,DEPLOYED,mid-2025,cloud service,36 = 4 x 9-qubit chiplets,36,tunable transmon,tunable couplers within chiplets + inter-module couplers; adiabatic CZ,"square lattice per chiplet, degree <=4",4,room-temperature RF,room-temp,dispersive,5e-3 (99.5% median 2Q),0.005,,,,,,,transmon,enc_bare,g_tc,cx_nn,ct_rt,ro_disp,none,none,ic_mcm,fab_sc,none,none,none,none,none advantage-class,,none dated,,108Q,cepheus;rigetti-pq,
rigetti-cepheus-1-108q,Rigetti Cepheus-1-108Q,Rigetti Computing,Rigetti Computing,USA,SC,sc,DEPLOYED,7 Apr 2026,"cloud service (QCS + Braket), 20 h/day window",108 = twelve 9-qubit chiplets in a 3x4 array,108,tunable transmon,tunable couplers within chiplets + inter-module couplers (IMCs); adiabatic CZ ~60 ns,"square lattice per chiplet tiled to 108 sites, degree <=4",4,room-temperature RF; ABAA junction frequency trimming (the 97.4% targeting-yield figure is not in the cited page - not re-fetched),room-temp,dispersive (fidelity not in the release),9e-3 (99.1% median 2Q),0.009,2.8e-8 CZ at 99.9% on one prototype pair,,,,6.0e-8,,transmon,enc_bare,g_tc,cx_nn,ct_rt,ro_disp,none,none,ic_mcm,fab_sc,none,none demonstrated - Rigetti has chosen to scale first and defer QEC,none,none,none advantage-class,,none dated,,"~1,000 qubits at ~99.9% 2Q in ~3 years (~2029); the 100+ qubits at 99.5% by end-2025 promise was missed",cepheus;rigetti-pq,roadmap-missed
iqm-garnet-20,IQM Garnet,IQM Quantum Computers,IQM,Finland,SC,sc,DEPLOYED,2024,"cloud (Amazon Braket, IQM Resonance)",20,20,tunable transmon,"tunable couplers, native CZ","Crystal square lattice, degree 4",4,room-temperature RF,room-temp,dispersive,not published for this system,,,,,,,,transmon,enc_bare,g_tc,cx_nn,ct_rt,ro_disp,none,none,none,fab_sc,none,none,none,none,HPC-integrated NISQ workloads,,hybrid HPC chemistry and optimisation,,superseded by Emerald,iqm-roadmap,
iqm-emerald-54,IQM Emerald,IQM Quantum Computers,IQM,Finland,SC,sc,DEPLOYED,21 Jul 2025 (LRZ 11 Feb 2026),cloud + on-prem sold,54,54,tunable transmon,"tunable couplers, native CZ","Crystal square lattice, degree 4",4,room-temperature RF; modular decoder architecture with NVIDIA NVQLink,room-temp,"multiplexed dispersive, 240 ns pulse at 99.94% on a test chip",5e-3 (99.5% median 2Q; not on the cited roadmap page - not re-fetched),0.005,7e-4 on a 2-qubit test chip (99.93% CZ over 40 h),6e-4 test chip,,,,2.4e-7,transmon,enc_bare,g_tc,cx_nn,ct_rt,ro_disp,none,none,none,fab_sc,none,none run on IQM hardware; a 20-qubit real-time QEC demonstrator closed the loop end-to-end in <4 us,none deployed (targets dec_gpu over NVQLink),demonstrator only,HPC-integrated NISQ workloads at LRZ/CSC/CINECA,,hybrid HPC chemistry and optimisation,,"fault tolerance by 2030, scaling to 1 M physical qubits",iqm-cz;iqm-roadmap;iqm-nvqlink,test-chip-vs-system
iqm-star-24,IQM Star 24,IQM Quantum Computers,IQM,Finland,SC,sc,DEPLOYED,2024,cloud (IQM Resonance),24,24,tunable transmon,tunable couplers to a central computational resonator,central bus resonator giving all-to-all within the cell,23,room-temperature RF,room-temp,dispersive,not published,,,,,,,,transmon,enc_bare,g_tc,∅G-bus,ct_rt,ro_disp,none,none,none,fab_sc,none,none,none,none,NISQ workloads,,hybrid HPC,,Constellation: a 2-D lattice of Star cells,iqm-roadmap,
iqm-halocene-150,IQM Halocene,IQM Quantum Computers,IQM,Finland,SC,sc,ANNOUNCED (not delivered),13 Nov 2025; LUMI H4 in 2027,on-prem sold,150,150,tunable transmon,"tunable couplers, native CZ; the QEC work assumes nearest-neighbour iSWAP",Crystal grid; Constellation for QEC,4,room-temperature RF; modular decoder architecture with NVQLink,room-temp,dispersive,target 3e-3 (99.7% physical 2Q at 150 q),0.003,,,,,,,transmon,enc_bare,g_tc,cx_nn,ct_rt,ro_disp,none,none,none,fab_sc,directional_tile;barbell;rotated_surface;triangular_color,"target: up to 9 logical qubits at distance 3 (2029), with headroom for d=11 surface or d=9 colour on one logical qubit; directional tile codes need only nearest-neighbour iSWAP and reach ~30 circuit qubits per logical qubit in the best layouts",GPU decoding over NVQLink (planned),planned real-time from 2028,none,,hybrid HPC chemistry and optimisation,,"LUMI-IQ: 2027 H4 150 q; 2028 real-time correction; 2029 H5 lattice surgery and T-gate teleportation, up to 9 logical qubits (restated 10 Sep 2026)",iqm-roadmap;iqm-tile;lumi,schedule-risk
oqc-toshiko-32,OQC Toshiko,Oxford Quantum Circuits,Oxford Quantum Circuits (OQC),UK,SC,sc,DEPLOYED,2024,"cloud service in colocation data centres (UK, Spain, Japan)","32 (predecessors Lucy 8, Sophia 4)",32,"Coaxmon - patented 3-D out-of-plane coaxial control architecture, no on-chip control wiring","not published - no native 2Q gate name, gate time or degree anywhere in OQC's material",not published,,control and readout enter perpendicular to the chip plane,room-temp (out-of-plane),dispersive,never published,,,,,,,,transmon,enc_bare,undisclosed,cx_nn,ct_vio,ro_disp,none,none,none,fab_sc,none,none - operates entirely with physical qubits,none,none,none published,,financial-services workloads,amp-est-pricing,GENESIS/TITAN line,oqc-devices,no-published-error-rates;spec-absent
oqc-genesis-16,OQC GENESIS,Oxford Quantum Circuits,Oxford Quantum Circuits (OQC),UK/USA,SC,dualrail,DEPLOYED,"17 Sep 2025 (Digital Realty JFK10, New York City)",cloud / data-centre,"16 lattice sites = 16 physical Dimon qubits, marketed as 16 logical at 1:1",16,"Dimon - a fixed-frequency multimode transmon (three islands, two junctions) operated as a dual-rail encoded qubit inside the Coaxmon stack",no published entangling gate or gate mechanism,not published,,out-of-plane Coaxmon control; NVIDIA GH200 + CUDA-Q alongside,room-temp (out-of-plane),error-detected readout; logical bit-flip decay is second-order rather than exponential,not published,,,,">1e-3 error-detected lifetime, stable over 50 h",,,none named in a stage-1 register,transmon,enc_dualrail,undisclosed,cx_nn,ct_vio,ro_erasure,none,none,none,fab_sc,dual_rail,"error detection at the single-qubit level (post-selection) - no code, no distance scaling",none published,none,none published,,none published,,"GENESIS 2026 16 logical at 1e-3 (15 mm); TITAN 2028 200 logical at 1e-6, 1 MHz, 100 mm (the ""2,000 sites"" figure is not on the roadmap page); ATHENA 2031 5,000 logical at 1e-9, 3 MHz, 200 mm; ATLAS 2034 50,000 logical at 1e-12, 10 MHz, 300 mm",oqc-devices;oqc-genesis;oqc-dimon;oqc-roadmap,spec-absent;aggressive-roadmap
quantware-contralto-a17,QuantWare Contralto-A17,QuantWare,QuantWare,Netherlands,SC,sc,early access (GA H1 2026 unconfirmed),2025-2026,sold as components,"17 (9 data + 8 ancilla, laid out as a d=3 rotated-surface patch)",17,tunable transmon,flux-tunable couplers and individual Purcell filters (A-line),"planar square lattice, d=3 surface patch",4,room-temperature RF,room-temp,dispersive,no fidelity metrics published at all,,,,,,,,transmon,enc_bare,g_tc,cx_nn,ct_rt,ro_disp,none,none,none,fab_sc,rotated_surface,none - QuantWare's customers run the codes,none,none,none,,none,,"Tenor-A41 (41 q, logical operations) planned 2026",quantware-vio,no-published-error-rates;source-not-confirmed
quantware-tenor-d64,QuantWare Tenor-D64,QuantWare,QuantWare,Netherlands,SC,sc,shipping (stated 2026),2026,sold as components,64,64,tunable transmon with fixed couplers (D-line),fixed couplers,planar square lattice,4,room-temperature RF,room-temp,dispersive,no fidelity metrics published,,,,,,,,transmon,enc_bare,g_tc,cx_nn,ct_rt,ro_disp,none,none,none,fab_sc,none,none,none,none,none,,none,,"Baritone-D450 (450 q) 2027; Bass-D18K (18,000 q) 2028",quantware-vio,no-published-error-rates;source-not-confirmed
quantware-vio-40k,QuantWare VIO-40K,QuantWare,QuantWare,Netherlands,SC,sc,ANNOUNCED (ships 2028),8 Dec 2025,reservations open,"10,000 qubits / 40,000 I/O lines - a 2028 target specification, not a device",10000,tunable transmon,"chiplets stitched by ""ultra-high-fidelity chip-to-chip connections"" (no fidelity published)",chiplet tiling without edge penalties,4,VIO (Vertical I/O): 3-D out-of-plane signal delivery through a stacked interposer,room-temp (out-of-plane),dispersive,no fidelity metrics published,,,,,,,,transmon,enc_bare,g_tc,cx_nn,ct_vio,ro_disp,none,none,ic_mcm,fab_sc,none,none,none,none,none,,none,,KiloFab (Delft) opens 2026; first customer shipments 2028,quantware-vio,target-not-device;no-published-error-rates
seeqc-sfq-5q,SEEQC SFQ-controlled 5-qubit system,SEEQC,SEEQC,USA/UK,SC,sc,DEMONSTRATED,Mar 2026,lab-only,5,5,transmon,no entangling gate published under SFQ control; single-qubit charge control by SFQ digital pulse trains,not published,4,Single Flux Quantum digital logic co-located with the qubits at 10 mK; integrated digital demultiplexing so several qubits share one control pathway; ~1 nW per qubit,SFQ at mK,dispersive,"not published (1Q 5e-3 typical, 1e-3 peak)",,1e-3 peak 1Q,,,,,,transmon,enc_bare,undisclosed,cx_nn,ct_sfq,ro_disp,none,none,ic_multidie,fab_sc,none,none,none,none,none - the strongest cryo-integration enabler in the Western vendor set,,n/a,,"digital flux control, then digital qubit readout on-die",seeqc,1q-only
anyon-monarq-24,Anyon MonarQ,Anyon Systems,Anyon Systems,Canada,SC,sc,DEPLOYED,Dec 2025,public research access (Calcul Quebec),24,24,transmon,tunable coupler (assumed),not published,,"room-temperature RF, vertically integrated in-house",room-temp,dispersive,no fidelities or coherence published,,,,,,,,transmon,enc_bare,g_tc,cx_nn,ct_rt,ro_disp,none,none,none,fab_sc,none,none,none,none,none,,n/a,,CAD 23 M to accelerate QEC,qudoor-tqi,no-published-error-rates;source-not-confirmed
qolab-iqcc,Qolab devices at the IQCC,Qolab,Qolab,USA,SC,sc,DEPLOYED (component level),Dec 2025,cloud via the IQCC,not disclosed,,transmon,tunable coupler,not published,,room-temperature RF,room-temp,dispersive,no fidelities published,,,,,,,,transmon,enc_bare,g_tc,cx_nn,ct_rt,ro_disp,none,none,none,fab_sc,none,none,none,none,none,,n/a,,positioning is fab discipline and manufacturability,qudoor-tqi,no-published-error-rates;source-not-confirmed
iqcc-facility,IQCC superconducting facility,Israeli Quantum Computing Center (Quantum Machines + QuantWare + Qolab + ORCA),Israeli Quantum Computing Center,Israel,SC,sc,DEPLOYED,Jun 2024,cloud + on-site,25 (2024 figure; 2026 inventory not found),25,transmon,tunable coupler,planar lattice,4,"Quantum Machines OPX1000 designed for 1,000+ qubits, tightly coupled to NVIDIA DGX Quantum (Grace Hopper + DGX H100) for low-latency feedback",room-temp,dispersive,not published,,,,,,,,transmon,enc_bare,g_tc,cx_nn,ct_rt,ro_disp,none,none,none,fab_sc,none,"none (dec_gpu capable, nothing run)",none,none,none,,n/a,,a natural venue for real-time decoding experiments,qudoor-tqi,no-published-error-rates;source-not-confirmed
quamcore,QuamCore,QuamCore,QuamCore,Israel,SC,sc,PLANNED (design only),Aug 2025,n/a,"target 1,000,000 qubits in a single cryostat; no hardware built",,transmon,not published,not published,,"ultra-low-power superconducting control logic inside the cryostat, eliminating 300 K to mK cabling",SFQ / cryo (claimed),dispersive,no hardware,,,,,,,,transmon,enc_bare,undisclosed,cx_nn,ct_sfq,ro_disp,none,none,none,fab_sc,none,none,none,none,none,,n/a,,no first-device date,qudoor-tqi,paper-architecture;cryo-gap;source-not-confirmed
aws-ocelot,AWS Ocelot,AWS Center for Quantum Computing,Amazon Web Services,USA,SC,cat,DEMONSTRATED,Feb 2025,lab-only (no cloud access),"9 code-relevant qubits = 5 cat data + 4 transmon ancillas; 5 storage + 5 buffer modes, 4 ancilla transmons and readout resonators; no total mode count is published",9,"dissipatively stabilised cat qubits (two-photon dissipation via buffer modes), best operating point alpha^2 ~ 1.5","noise-biased cat-transmon CX with chi-matching; CX cycle 3 us, QEC cycle 2.8 us","1-D repetition-code chain, d=3 and d=5",2,room-temperature control,room-temp,multiplexed dispersive readout of the transmon ancillas,"CX phase-flip 9.6(4)e-2, bit-flip 3.5(4)e-3 per cycle (bias >25)",0.096,3.5e-3 bit-flip,,>1e-3 bit-flip time; storage mode >6e-5,2.7e-5 to 3.3e-5 phase-flip time; storage >8e-5,3.0e-6,,cavity,enc_cat,g_bos,cx_nn,ct_rt,ro_disp,code_bosonic,dec_mwpm,ic_multidie,fab_sc,two-legged-cat;cat_repetition;quantum_repetition,"d=3 at 1.75(2)% logical error per cycle and d=5 at 1.65(3)% => Lambda ~ 1.06, essentially no distance scaling - the field's only published two-distance bosonic-concatenated result",matching (1-D),offline,none,,"architecture claim of 5 data + 4 ancilla vs 49 transmons (""up to 90% reduction"") - an AWS press framing, not a claim in the Nature paper - not re-fetched",,"""future versions of Ocelot"", no milestone, no date",ocelot,no-distance-scaling
aws-dualrail,AWS dual-rail transmon erasure line,AWS Center for Quantum Computing,Amazon Web Services,USA,SC,dualrail,DEMONSTRATED,Mar 2024 / Apr 2026,lab-only,2-transmon dual rail (one logical qubit per pair),2,dual rail from two resonantly coupled tunable transmons,ancilla-mediated bosonic gates,pairwise,1,room-temperature control; symmetrically coupled readout resonator,room-temp,single-shot erasure detection in 384 ns; residual logical error 6.0(2)e-4 per check; induced dephasing 8(3)e-5 per check,not published as a two-qubit figure; median 7.2e-5 error per single-qubit gate with time-continuous parallel erasure detection (Apr 2026),,7.2e-5,2.54e-2 erasure error per check,ms-scale inside the logical subspace,,,3.84e-7,transmon,enc_dualrail,g_bos,cx_nn,ct_rt,ro_erasure,code_erasure,none,none,fab_sc,dual_rail,"erasure conversion only - no code, no distance scaling; 7.2e-5 per gate is the best superconducting gate error published at any encoding",none,none,none,,n/a,,no system product,aws-dualrail,component-only
aliceandbob-boson-4,Alice & Bob Boson 4,Alice & Bob,Alice & Bob,France,SC,cat,DEMONSTRATED,May 2024,cloud (Google Cloud Marketplace),1 cat qubit (transmon-free characterisation chip),1,dissipatively stabilised cat qubit,bosonic Z gate,single qubit,0,room-temperature control,room-temp,dispersive,n/a (single qubit),,,,430 s bit-flip time,not published at the same operating point,,,cavity,enc_cat,g_bos,cx_nn,ct_rt,ro_disp,none,none,none,fab_sc,two-legged-cat,bit-flip lifetime ~430 s (7 min) - the 2024 record; not in either cited page - not re-fetched,none published,none,none,,"simulations, machine learning, materials science",qml-classical;qpe-femoco;shor-ecdlp256,"Helium, Lithium, Beryllium, Graphene",ab-roadmap;ab-bitflip,phase-flip-unpublished
aliceandbob-helium-2,"Alice & Bob Helium 2 (""Galvanic Cat"")",Alice & Bob,Alice & Bob,France,SC,cat,DEMONSTRATED (preliminary),25 Sep 2025,lab,12 cat qubits,12,"dissipatively stabilised, galvanically coupled, transmon-free cat qubits at n-bar = 11",Z gate 94.2% in 26.5 ns; no cat-cat CNOT anywhere,1-D repetition chain,2,room-temperature control,room-temp,dispersive,not published (no entangling gate reported; the 94.2% Z gate in 26.5 ns is single-qubit),,,,"2.0e3 to 3.6e3 s bit-flip (33-60 min, 95% CI)",not measured in that run,2.65e-8,,cavity,enc_cat,g_bos,cx_nn,ct_rt,ro_disp,code_bosonic,none,none,fab_sc,two-legged-cat;squeezed_cat,"bit-flip 33-60 min at 95% confidence at n-bar = 11 - the best bias in the world, any modality; phase-flip time at the same operating point is not published",none published,none,none,,"simulations, machine learning, materials science",qml-classical;qpe-femoco;shor-ecdlp256,"Helium system, then Lithium",ab-bitflip,phase-flip-unpublished;not-peer-reviewed
aliceandbob-helium,Alice & Bob Helium (on-premise system),Alice & Bob,Alice & Bob,France,SC,cat,DEPLOYED,11/18 Jun 2026,on-prem sold + cloud,18 cat qubits encoding 1 logical qubit,18,dissipatively stabilised cat qubits,bosonic gates; Felis SDK compiles noise-biased instruction sets,1-D repetition code for phase flips,2,"room-temperature control; self-contained cabinet ~40 kW, 18-25 C",room-temp,dispersive,not published,,,,,,,,cavity,enc_cat,g_bos,cx_nn,ct_rt,ro_disp,code_bosonic,none,none,fab_sc,cat_repetition,"no logical error rate published for the 18-cat-qubit logical qubit - the June 2026 releases disclose power, environment and software but not logical performance",none published for any Alice & Bob device,none,none,,"finance, healthcare, cybersecurity",qml-classical;qpe-femoco;shor-ecdlp256,48 cat qubits next; Graphene 2030,ab-roadmap,no-logical-error-rate;cryo-gap
aliceandbob-graphene,Alice & Bob Graphene,Alice & Bob,Alice & Bob,France,SC,cat,PLANNED,2030,n/a,"2,000 cat qubits (roadmap: 100 logical at 1e-6 by 2030; the LDPC-cat paper estimates 758)",2000,dissipatively stabilised cat qubits,bias-preserving cat-cat CNOT required but only a Jul 2026 theory proposal exists,"low-weight 2-D stabilisers, short-range interactions",4,room-temperature control,room-temp,dispersive,assumes physical phase-flip 1e-3 (measured ~1e-1),0.001,,,,,,,cavity,enc_cat,g_catcnot,cx_nn,ct_rt,ro_disp,code_bosonic,none,none,fab_sc,ldpc_cat;elevator,"target 100 logical qubits (cited roadmap); the <=1e-8 per cycle and 758-cat-qubit figures come from the LDPC-cat paper, not the cited page - not re-fetched; elevator codes claim ~1e4x lower logical error for ~3x more qubits",none,none,none,,ECC-256 resource estimate (not RSA-2048),qml-classical;qpe-femoco;shor-ecdlp256,Graphene: 100 high-fidelity logical qubits by 2030,ab-roadmap,assumption-gap
nordquantique-gkp,Nord Quantique single-mode GKP,Nord Quantique,Nord Quantique,Canada,SC,cat,DEMONSTRATED,Jul 2026,lab-only,1 microwave mode + auxiliary transmon per logical qubit,1,"GKP finite-energy grid state in a superconducting aluminium cavity; device envelope Delta = 0.38, n-bar ~ 2.96",dispersive coupling to an auxiliary transmon; autonomous / measurement-based stabilisation; a claimed GKP-GKP 2Q gate has no paper,single mode,0,room-temperature control,room-temp,"auxiliary-transmon readout, fidelity 0.95(1)",n/a,,SPAM 7(7)e-4 (cardinal states),7e-4,3.6e-4 storage mode,6.4e-4 storage mode,,,cavity,enc_gkp,g_bos,cx_nn,ct_rt,ro_disp,none,∅G-auton,none,fab_3d,gkp,"QEC logical error 8.1(2)e-3 per round, selection-free; SPAM 7(7)e-4 - the best for any bosonic qubit; magic-state SPAM 8(5)e-3 at survival 0.16",no classical decoder at all - autonomous stabilisation,none (autonomous),none,,"materials science; RSA-830 in ~1 h at 120 kWh (vendor simulation, assumptions unpublished)",qpe-femoco;shor-rsa2048,"100 logical qubits by 2028, 100+ by 2029",nq-spam;nq-pq,unverifiable-vendor-claim;post-selection-dominated
nordquantique-tesseract,Nord Quantique Tesseract,Nord Quantique,Nord Quantique,Canada,SC,cat,DEMONSTRATED,May / Oct 2025,lab-only,2 bosonic modes in one cavity = 1 logical qubit,2,multimode GKP,autonomous stabilisation; mid-circuit-measurement confidence score for real-time leakage suppression,single cavity,0,room-temperature control,room-temp,auxiliary-transmon readout,n/a,,,,,,,,cavity,enc_gkp,g_bos,cx_nn,ct_rt,ro_disp,none,∅G-auton,none,fab_3d,multimodegkp,"32 consecutive QEC cycles with no measurable decay of the logical qubit, at 12.6% of runs discarded per round; detects bit flips, phase flips, control errors and leakage",none (autonomous),none (autonomous),none,,"materials science, cryptographic tasks",qpe-femoco;shor-rsa2048,fault tolerance 2028-2029,nq-spam;nq-pq,post-selection-dominated
qci-seeker-8,Aqumen Seeker,"Quantum Circuits Inc. (acquired by D-Wave, Jan 2026)",D-Wave Quantum,USA,SC,dualrail,DEPLOYED,Nov 2024 (acquired 20 Jan 2026),cloud service,8 dual-rail qubits = 16 superconducting microwave resonators,8,dual-rail cavity qubit with erasure conversion; photon loss is heralded,"native sqrt(X), Z, CZ; ~500 ns CZ",planar,4,"room-temperature control; Real-Time Control Flow (mid-circuit measurement, conditional branching, qubit reuse, fast feedback)",room-temp,three-outcome readout 0 / 1 / * exposed to the user; erasure detection efficiency >90%,"~1e-3 excluding heralded erasures, ~1e-2 including them",0.001,2.9(6)e-4 post-selected CZ infidelity; bit-flip 2.8(4)e-6,5.3(2)e-3 erasure per gate,>1e-3,,5.0e-7,,cavity,enc_dualrail,g_bos,cx_nn,ct_rt,ro_erasure,code_erasure,none,ic_mcm,fab_3d,dual_rail,"hardware erasure detection with error-detected gates - no code demonstrated; product docs claim a logical qubit needs only 5 dual-rail qubits, with no code family named",none published,none,none named (Algorithmiq as an alpha partner),,none,,D-Wave gate-model line,qci-gate,no-code-named
dwave-dualrail-17,D-Wave gate-model dual-rail system,D-Wave Quantum,D-Wave Quantum,USA/Canada,SC,dualrail,ANNOUNCED (not shipped),2026 target,"simulator only (Leap, Sep 2026)","17 (targets: 49 in 2027, 181 in 2028)",17,dual-rail cavity qubit,bosonic CZ,planar,4,room-temperature control plus on-chip flux-DAC multiplexing carried over from the annealer line,room-temp + flux-DAC,erasure-flagged readout,target 1e-3 post-selected,0.001,,,,,,,cavity,enc_dualrail,g_bos,cx_nn,ct_rt,ro_erasure,none,none,ic_mcm,fab_sc,none,"target 2x error reduction (2026), 20x (2027), 2,000x (2028), 10 logical (2030), 100 logical (2032); target Lambda ~10 per distance increment",none,none,"gate-model simulator with dual-rail error detection, up to 21 qubits (not in either cited release - not re-fetched)",,"optimisation, materials",anneal-spinglass;qaoa-grover-opt,"17 to 49 to 181 physical, then 10 and 100 logical; CHIPS R&D award (8 Sep 2026) supports a 10,000-qubit gate-model system for 100 logical qubits running >1M operations (undated)",dwave-gate,no-code-named;target-not-device
sustc-biased-erasure,SUSTech biased-erasure cavity qubit,Southern University of Science and Technology,unmatched,China,SC,dualrail,DEMONSTRATED,29 Jan 2026,lab-only,1 cavity qubit,1,vacuum + two-photon encoding in a cavity giving a biased erasure qubit; erasure bias >265,bosonic gates; benchmarked logical gate error 0.29%,single mode,0,room-temperature control,room-temp,leakage-to-erasure conversion >99.3%; assignment error <1%,none (one-qubit device); logical single-qubit gate error 2.9e-3,,,,6.2e-3 logical,3.1e-3 logical,,,cavity,∅G-fock02,g_bos,cx_nn,ct_rt,ro_erasure,code_erasure,none,none,fab_3d,dual_rail,"erasure bias >265; coherence gain ~6.0x vs break-even; relaxation/erasure hierarchy 31x, dephasing/erasure 15x",none,none,none,,n/a,,none published,sustc,
quantinuum-h1,System Model H1 (H1-1),Quantinuum,Quantinuum,USA/UK,ION,ion_qccd,DEPLOYED (absent from Azure as of Sep 2026),2020,"cloud (Nexus, Azure)",20 Yb-171 (Ba-138 co-trapped for sympathetic cooling),20,hyperfine clock qubit,"laser Molmer-Sorensen; native RZZ(theta) arbitrary-angle ZZ, general SU(4)","linear QCCD racetrack, all-to-all by transport",19,room-temperature electronics + free-space and integrated laser delivery; ~10 control signals per qubit,room-temp + optics,"fluorescence, destructive per ion; mid-circuit measurement and reset","<1e-3 vendor headline ('>99.9% two-qubit gate fidelity', H1 product page, Sep 2026; no device median published); Azure emulator parameter ~3e-3",0.001,,3e-3 (emulator),,,,,ion,enc_hf,g_ms,cx_qccd,ct_ionlaser,ro_fluor,code_highrate,∅G-lut,none,fab_trap,steane;stab_6_2_2,"[[6,2,2]] logical non-Clifford controlled-H past break-even: 2.3e-4 vs 1.0e-3 physical (2.9x), Jun 2025; [[7,1,3]] Steane with real-time lookup-table decoding since 2021",real-time lookup table,in-loop (the longest-running in-loop decoder on any platform),"none of note; the JPMorganChase logical QAOA/HHL work ran on H2-1, H2-2 and Helios, not H1-1",,"chemistry, finance",cuprate-pnictide;hubbard-lattice;lgt-su3;nuclear-shell;qpe-femoco,superseded by Helios,azure-quantinuum;jpmc-logical;qtm-tech,emulator-numbers;status-unresolved;source-not-confirmed
quantinuum-h2,"System Model H2 (H2-1, H2-2)",Quantinuum,Quantinuum,USA/UK,ION,ion_qccd,DEPLOYED,Jun 2023 (56 q from Jun 2024),"cloud (Nexus, Azure, AWS Braket)",56 Yb-171 on a racetrack with two connected linear sections,56,hyperfine clock qubit,laser Molmer-Sorensen; arbitrary-angle RZZ + SU(4),all-to-all by transport around the racetrack,55,room-temperature electronics; ~4.8 control signals per qubit,room-temp + optics,fluorescence with mid-circuit measurement and reset,<1e-3,0.001,1.57(5)e-3 measured across all 56 qubits in the RCS run (99.843(5)% 2Q fidelity),,,,,,ion,enc_hf,g_ms,cx_qccd,ct_ionlaser,ro_fluor,code_highrate,∅G-lut,none,fab_trap,steane;stab_15_1_3;4d_surface;stab_8_3_2,"the widest QEC portfolio on any platform: [[7,1,3]] logical teleportation head-to-head (transversal 0.975(2) vs lattice surgery 0.851(9)); [[15,1,3]] QRM to [[7,1,3]] code switching with magic-state infidelity <=5.1(2.7)e-4 at 82.58% acceptance; [[12,2,4]] and [[16,4,2,4]] tesseract with Microsoft showing 11x-800x logical-over-physical improvement",matching; real-time lookup table,in-loop for Steane,"RCS beyond classical simulation at 56 qubits (Jun 2024); certified randomness with JPMorganChase, 71,313 certified bits (Mar 2025); logical QAOA + HHL (Mar 2026)",certified-randomness;hhl-cfd;nisq-chem-sqd;peaked-circuits;rcs,"chemistry, materials, finance, cybersecurity",cuprate-pnictide;hubbard-lattice;lgt-su3;nuclear-shell;qpe-femoco,superseded by Helios,teleport;codeswitch;tesseract-nature;qtm-rcs;certrand;jpmc-logical,code-id-missing
quantinuum-helios,Helios,Quantinuum,Quantinuum,USA/UK,ION,ion_qccd,DEPLOYED,Nov 2025 (peer-reviewed Jun 2026),cloud + on-premise + NVIDIA GB200 integration,98 Ba-137 qubit ions (Yb-171 co-trapped as coolant),98,"hyperfine clock states of Ba-137, chosen because its transitions are visible-wavelength","laser Molmer-Sorensen RZZ(pi/2); arbitrary-angle ZZ; 8 high-fidelity gate zones, up to 8 two-qubit gates in parallel",QCCD on a ~15 mm surface-electrode chip with a four-way X-junction and a ring-shaped rotating storage loop; all-to-all by transport,97,"room-temperature electronics; 1,228 trap electrodes driven by 273 independent voltages (~2.8 control signals per qubit); shared time-multiplexed laser architecture, >=5 wavelengths delivered through the trap (515 nm gates; 493, 614, 650 and 1762 nm for state preparation and measurement)",room-temp + in-trap optics,"fluorescence, destructive per ion; mid-circuit measurement and reset with microsecond-latency conditional branching",7.9(2)e-4 across all pairs,0.00079,7.9e-4,SPAM 3.3(5)e-4 (Nature) vs 4.8e-4 (secondary),,,7.0e-5,,ion,enc_hf,g_ms,cx_qccd,ct_ionaod,ro_fluor,code_highrate,dec_gpu,none,fab_trap,stab_4_2_2;4d_surface,"iceberg [[2m,2m-2,2]] concatenated to effective d=4: 94 logical qubits entangled in a GHZ state, 50 error-detected logical qubits at break-even and 48 error-corrected logical qubits (2:1) out of 98 physical; the 94.9% GHZ figure is not in the cited sources - not re-fetched; logical gates cycle-benchmarked at ~1e-4","Frontier (offline); GPU-accelerated BP-OSD over NVQLink at median 67 us round trip, 5.4x LER gain",offline for the record; GPU real-time demonstrated,6x6 non-equilibrium Fermi-Hubbard on 90 qubits with the first non-zero eta-pairing correlations measured on any platform (Nov 2025); RCS on 98 qubits; 3-D XY magnetism on 48 to 94 encoded logical qubits (Feb 2026); logical QAOA + HHL,dynamics-trotter;hubbard-lattice;rcs,"materials and superconductivity, chemistry, finance, biology",cuprate-pnictide;hubbard-lattice;lgt-su3;nuclear-shell;qpe-femoco,"Sol, then Apollo",helios-nature;helios-blog;helios-pq;helios-hubbard;helios-fh;helios-rcs;qtm-xy,code-id-missing;estimated-baseline;conflicting-claim
quantinuum-helix,Helix architecture on Helios,Quantinuum,Quantinuum,USA/UK,ION,ion_qccd,"DEMONSTRATED (architecture, not a separate machine)",Sep 2026,runs on Helios,"20 physical data qubits to 2 logical ([[20,2,6]], 10:1) within Helios's 98; the ancilla overhead is not published",20,hyperfine clock qubit (Helios hardware),transversal logical Cliffords in depth 1; automorphism gates are free because QCCD transport relabels qubits in software,all-to-all by transport,97,Helios control stack; Adaptive Syndrome Extraction cuts gates 33% and time 23%,room-temp + in-trap optics,fluorescence,as Helios,0.00079,,,,,,,ion,enc_hf,g_ms,cx_qccd,ct_ionlaser,ro_fluor,code_highrate,∅G-frontier,none,fab_trap,4d_surface;stab_4_2_2,"C4-Helix [[20,2,6]] = [[10,2,3]] twisted toric concatenated with [[4,2,2]]: logical memory 4.6e-5 per logical qubit per cycle (9.3e-5 per round for the 2-logical block); 9.3e-6 with forced-gap post-selection on 0.4% of shots; logical 2Q Clifford error 2.8e-4, 4.3x better than the Helios physical two-qubit-randomised-benchmarking error per Clifford of ~1.2e-3; 3.5x spatial saving vs the rotated surface code; credited to Berthusen (first author) and Potter (senior author) with Hayes",Frontier - a block-specific offline decoder for concatenated high-rate codes,offline (a streaming version is future work),3-logical GHZ; full two-qubit logical Clifford group in depth-1 transversal gates,,as Helios,cuprate-pnictide;hubbard-lattice;lgt-su3;nuclear-shell;qpe-femoco,generalised in Apollo,helix,code-id-missing;architecture-not-machine;component-only
quantinuum-sol,Sol,Quantinuum,Quantinuum,USA/UK,ION,ion_qccd,PLANNED,2027,n/a,hundreds,,hyperfine clock qubit,"laser Molmer-Sorensen; circuits of up to 10,000 quantum operations",2-D grid trap - the scalability foundation (Helios is a junction-routed racetrack),,room-temperature electronics; ~2x faster than Helios,room-temp + optics,fluorescence,target <2e-4,0.0002,,,,,,,ion,enc_hf,g_ms,cx_qccd,ct_ionlaser,ro_fluor,code_highrate,dec_gpu,none,fab_trap,none,none (targets),Frontier generalised,planned,none,,"chemistry, materials, finance",cuprate-pnictide;hubbard-lattice;lgt-su3;nuclear-shell;qpe-femoco,Apollo,qtm-tech,target-not-device
quantinuum-apollo,Apollo,Quantinuum,Quantinuum,USA/UK,ION,ion_qccd,PLANNED,~2030,n/a,thousands,,hyperfine clock qubit,laser Molmer-Sorensen; millions of logical operations,"QCCD 2-D array in standard CMOS fabrication; all-to-all connectivity, low crosstalk, MCM + qubit reuse",,room-temperature electronics,room-temp + optics,fluorescence,target 1e-4,0.0001,,,,,,,ion,enc_hf,g_ms,cx_qccd,ct_ionlaser,ro_fluor,code_highrate,dec_gpu,ic_ionphoton,fab_cmos,none,"target hundreds of logical qubits at logical error better than 1e-6, potentially 1e-10; Helix generalised and heterogeneously paired with dedicated magic-state-distillation codes",GPU,planned,none,,"scientific discovery: materials, high-Tc superconductivity, magnetism, HEP, chemistry, biology, topological data analysis",cuprate-pnictide;hubbard-lattice;lgt-su3;nuclear-shell;qpe-femoco,universal fault tolerance by the end of the decade,qtm-tech,target-not-device
ionq-aria,Aria,IonQ,IonQ,USA,ION,ion_chain,DEPLOYED,2022,"cloud (Braket, Azure, Google Cloud)",~32 Yb-171 ions in a single stationary chain (#AQ 25),32,hyperfine qubit,laser Molmer-Sorensen via multi-channel AOM addressing,all-to-all through the shared motional modes of one chain; gate time grows with chain length,31,room-temperature electronics + free-space AOM/AOD optical addressing,room-temp + free-space optics,fluorescence on a multi-channel PMT/camera,~4e-3 (99.6% era figure),0.004,,,,,,,ion,enc_hf,g_ms,cx_bus,ct_ionaod,ro_fluor,none,none,none,fab_trap,none,none,none,none,"VQE chemistry, QAOA, generative ML at <=25 qubits",,"chemistry, optimisation, ML",nisq-chem-sqd;qml-classical;qpe-catalyst;shor-ecdlp256,superseded by Forte,ionq-forte,vendor-claim
ionq-forte,Forte / Forte Enterprise,IonQ,IonQ,USA,ION,ion_chain,DEPLOYED,available since 2022 (Enterprise 2024-25),"cloud + on-prem (QuantumBasel, AIST G-QuAT); EPB Quantum Center, Chattanooga — Forte Enterprise (#AQ 36) launched 18 Sep 2026",IonQ's page says 36; the benchmark of record is a 30-ion chain covering all 435 pairs,30,Yb-171 hyperfine,laser Molmer-Sorensen; t_2q median 672 us over the 30-ion chain (range 550-880 us),all-to-all through one chain's motional bus,29,room-temperature electronics + free-space AOM/AOD,room-temp + free-space optics,fluorescence,4e-3,0.004,2e-4 (1Q error),5e-3 SPAM,1e1 to 1e2 s,1 s,6.72e-4,,ion,enc_hf,g_ms,cx_bus,ct_ionaod,ro_fluor,none,none,none,fab_trap,none,none on Forte itself,none,none,"#AQ 36 benchmark suite, chemistry VQE, QAOA; AstraZeneca/AWS/NVIDIA drug-development workflow claiming a 20x workflow speedup",nisq-chem-sqd,"chemistry, optimisation, ML, defence",nisq-chem-sqd;qml-classical;qpe-catalyst;shor-ecdlp256,"Tempo, then Superion",ionq-forte;ionq-astra;qcware;epb-forte,conflicting-count
ionq-tempo,Tempo,IonQ,IonQ,USA,ION,ion_chain,DEPLOYED,2025-2026,cloud,"IonQ's own page: target qubits 100, #AQ 64; a 2026 secondary source says 256",100,barium (a species change from Forte's Yb) - the species is not stated on the cited IonQ page - not re-fetched,laser Molmer-Sorensen; the 100-ion all-to-all chain has no published gate time and no per-pair fidelity,"single long chain, all-to-all claimed",99,room-temperature electronics + free-space AOM/AOD,room-temp + free-space optics,fluorescence,1e-3 target,0.001,,,,,,,ion,enc_hf,g_ms,cx_bus,ct_ionaod,ro_fluor,none,none,none,fab_trap,generalized_bicycle;qc_ldpc,see the 40-ion Ba-133 testbed row - the qLDPC result ran on Tempo-generation barium hardware,beam search (Delfosse),offline,none directly,,"chemistry, optimisation, ML",nisq-chem-sqd;qml-classical;qpe-catalyst;shor-ecdlp256,Superion 256,ionq-tempo,conflicting-count;target-not-device
ionq-ba133-qldpc-testbed,40-ion Ba-133 qLDPC testbed,IonQ,IonQ,USA,ION,ion_chain,DEMONSTRATED,Jun 2026,lab-only,40 Ba-133 in one stationary chain,40,Ba-133 hyperfine,laser Molmer-Sorensen,all-to-all through the chain's motional bus,39,room-temperature electronics + free-space laser addressing,room-temp + free-space optics,fluorescence,not published for this run,,,,1.1 s physical coherence,"3.95 s logical (one code, abstract; physical 3.84 ± 0.48 s)",,,ion,enc_hf,g_ms,cx_bus,ct_ionaod,ro_fluor,code_qldpc,∅G-beam,none,fab_trap,generalized_bicycle;qc_ldpc,"nine distinct codes across three families on one device with no hardware reconfiguration: BB5 [[18,4,3]] gives 4 logical from 18 physical with logical error 4x lower (X) / 9x lower (Z) than the prior superconducting BB demonstration; GB4 [[26,2,5]] reaches 0.91+-0.17% logical error per cycle (Z eigenstate; 0.96% in the June version) with T_Z 3.47+-0.56 s; the abstract reports break-even within error bars in one code (logical lifetime 3.95+-0.68 s vs physical 3.84+-0.48 s = 3 T2*, version of 15 Sep 2026; the June version gave 3.3+-0.9 s from T2* 1.1+-0.3 s), ; the 74.8% shot rejection reported in the secondary source is for BB5 [[30,4,5]] at 6 syndrome rounds, not for GB4",beam search (Delfosse),offline,QEC memory only,,n/a,,feeds the Walking-Cat blueprint,ionq-qldpc;ionq-qldpc-pq,post-selection-dominated;code-params-inferred
ionq-oxford-quartet,QUARTET,Oxford Ionics (IonQ),IonQ,UK,ION,ion_elec,DEPLOYED,13 Aug 2025 (NQCC Harwell),on-prem at a national testbed,not published for QUARTET; the Oxford Ionics processor generation of record is 32 qubits,32,hyperfine qubit,"Electronic Qubit Control: chip-integrated electronics generate the gate fields, no gate lasers","single chain (2-D connectivity promised via Q-Surge, no timeline)",31,chip-integrated microwave control; the 1.5e-7 1Q gate error without magnetic shielding is not on the cited page - not re-fetched,on-chip microwave,fluorescence,"1e-4 (99.99% ""four nines"", 21 Oct 2025; 99.97% in 2024)",0.0001,1e-4,,,,,,ion,enc_hf,g_elec,cx_bus,ct_ionmw,ro_fluor,none,none,none,fab_trap,none,none on this device,none,none,none published,,"chemistry, defence",nisq-chem-sqd;qml-classical;qpe-catalyst;shor-ecdlp256,field-upgradeable by QPU swap,oxionics;quartet,hero-pair-number;count-from-secondary-source
ionq-superion-256,Superion 256,IonQ,IonQ,USA,ION,ion_elec,"ANNOUNCED (orderable; first ions trapped in prototypes; deliveries 2027 — NVAQC 2027, FIU late 2027)",8 Sep 2026,orders open,256 in a single fully-integrated QPU,256,hyperfine qubit,"Electronic Qubit Control, chip-integrated electronics rather than lasers","chain bus, all-to-all claimed",255,"chip-integrated microwave; standard server-rack footprint, less power than a rack of GPUs",on-chip microwave,fluorescence,not published,,,,,,,,ion,enc_hf,g_elec,cx_bus,ct_ionmw,ro_fluor,code_qldpc,undisclosed,ic_ionphoton,fab_cmos,generalized_bicycle;qc_ldpc,"none - the Walking-Cat blueprint (generalized bicycle + cyclic hypergraph-product qLDPC, one decoder spanning memory blocks, cat factories and magic-state factories) compiles ECDLP-256 at ~1,450 logical, 4.0e7 Toffoli, 19,397 physical ions, 25.7 days, 63% success","one unified decoder, algorithm not named",planned,none,,"first-principles catalysts, drug discovery, AI architectures, secure communications, defence",nisq-chem-sqd;qml-classical;qpe-catalyst;shor-ecdlp256,"Superion 10K (CMOS on chip, Walking Cat): 'full fault tolerance' in a 2027 lab setting, commercial 2028; >2,000,000 physical giving 40,000-80,000 logical at <1e-12 by 2030",superion;ionq-roadmap;walkingcat,blueprint-not-demonstration
aqt-ibex-q1,IBEX Q1 (Marmot / PINE / LYNX),Alpine Quantum Technologies,Alpine Quantum Technologies,Austria,ION,ion_chain,DEPLOYED,2024-2026,"cloud (ARNICA, Scaleway) + on-prem",12 fully connected Ca-40,12,"optical qubit (40Ca+ S1/2–D5/2, 729 nm)","laser Molmer-Sorensen; native RZ, R, RXX; up to 2,000 gates per circuit","single chain, fully connected",11,"free-space laser addressing on a rack-mounted optical bench; 2 standard 19-inch rack units, 2 m2, <2 kW, room temperature",room-temp + free-space optics,fluorescence,1.3(3)e-2 over all pairs (98.7%); a 2026 secondary source says 97.7%,0.013,"3.0(1.0)e-4 (1Q error, 99.97 +- 0.01%)",,,,,,ion,enc_opt,g_ms,cx_bus,ct_ionaod,ro_fluor,none,none,none,fab_trap,none,none on the product; the Innsbruck research machines in the same lineage carry AQT's QEC record,none,none,"QV 128 (the LYNX QV 32,768 claim of May 2026 is not on the cited page - not re-fetched); >20,000 circuits per hour",,research and education,,LYNX line,aqt,conflicting-claim
eleqtron-jion,JION,eleQtron + Forschungszentrum Julich,eleQtron,Germany,ION,ion_elec,DEPLOYED,3 Sep 2026,"JUNIQ user infrastructure, coupled to JUPITER",30 Yb-171 (pilot system),30,hyperfine qubit,"MAGIC (Magnetic Gradient Induced Coupling): microwaves plus a static magnetic-field gradient, no gate lasers, no dilution refrigerator, room temperature",chain bus,29,chip microwave sources; individual addressing by microwave pulse frequency,"on-chip microwave, room temperature",fluorescence,no gate fidelity disclosed at launch,,,,,,,,ion,enc_hf,g_elec,cx_bus,ct_ionmw,ro_fluor,none,none,none,fab_trap,none,none,none,none,HPC-hybrid workflows on JUPITER,,HPC-integrated workloads,,Q-STAR.NRW toward up to 200 qubits,jion,no-published-error-rates
universal-quantum-iqpu,iQPU / UQConnect,Universal Quantum,Universal Quantum,UK,ION,ion_qccd,DEMONSTRATED (two-module machine),2023-2026,lab; DLR contract milestones due end-2026,hundreds of ion qubits per large die (>400 mm2); a secondary 64-qubit QCCD figure has no re-fetched source,64,hyperfine qubit,"microwave fields coupled through a static magnetic-field gradient, no per-qubit lasers","QCCD within a module; UQConnect transfers ions between separate trap modules at 2,424 transfers per second with qubit-loss infidelity below 7e-8",,chip-integrated microwave; UQLogic and UQConnect delivered as commercial ASICs,on-chip microwave,fluorescence,not disclosed,,,,,,,,ion,enc_hf,g_elec,cx_qccd,ct_ionmw,ro_fluor,none,none,∅G-ionmatter,fab_trap,none,none,none,none,none published,,defence and research (DLR),,2026-2030 modular scaling roadmap,uq;uq-dlr,conflicting-count;no-published-error-rates
quantum-art-multicore,multi-core 2-D ion architecture,Quantum Art,Quantum Art,Israel,ION,ion_chain,ANNOUNCED,2026,QaaS platform launching,"1,000 target; current count undisclosed",,ion species undisclosed,multi-qubit optical gates within a core (company direction); mechanism undisclosed,"2-D trapped-ion architecture, multi-core modularity; inter-core link mechanism undisclosed",,undisclosed,undisclosed,fluorescence,undisclosed,,,,,,,,ion,enc_hf,g_ms,cx_bus,undisclosed,ro_fluor,none,none,undisclosed,fab_trap,none,none,none,none,none,,optimisation and simulation (unspecified),,"1,000-qubit multi-core system in development",quantumart,spec-absent
uibk-innsbruck-ion,University of Innsbruck / IQOQI research trap,University of Innsbruck,University of Innsbruck,Austria,ION,ion_chain,DEMONSTRATED,2021-2026,lab-only,16-24 Ca-40 in a linear chain,20,"optical qubit (40Ca+ S1/2–D5/2, 729 nm)",laser Molmer-Sorensen,chain bus (segmented traps for the QCCD variants),19,free-space addressed laser control,room-temp + free-space optics,fluorescence,2.5e-2 in the measurement-free experiment,0.025,,,,,,,ion,enc_opt,g_ms,cx_bus,ct_ionaod,ro_fluor,code_color,∅G-coherent,none,fab_trap,steane;stab_8_3_2,"three results unavailable anywhere else: [[7,1,3]] fault-tolerant universal 2-qubit set with T injection (2021); [[7,1,3]] to [[10,1,2]] code switching for a universal FT set including T (Jan 2025); [[8,3,2]] measurement-free universal fault tolerance with logical H, CNOT, transversal CCZ and teleportation by coherent feedback instead of mid-circuit measurement, H_L fidelity 81(3)% at p2 = 0.025",coherent / measurement-free: the correction is a unitary conditioned on an ancilla register,latency-free by construction,"logical teleportation, transversal CCZ",,n/a,,academic,innsbruck-steane;innsbruck-switch;innsbruck-mf,
umd-duke-ion,Maryland / Duke Quantum Center (EURIQA lineage),University of Maryland / Duke University,Duke University,USA,ION,ion_chain,DEMONSTRATED,Oct 2021-2026,lab / user facility,13-32 Yb-171 chain,13,hyperfine qubit,laser Molmer-Sorensen,chain bus,12,free-space addressed laser control,room-temp + free-space optics,fluorescence,"not published as a physical two-qubit error (the 3e-3 is the logical Clifford error after correction, Bacon–Shor run)",,,6e-3 SPAM,,,,,ion,enc_hf,g_ms,cx_bus,ct_ionaod,ro_fluor,∅G-subsystem,dec_mwpm,ic_ionphoton,fab_trap,bacon_shor,"[[9,1,3]] Bacon-Shor on 13 ions: fault-tolerant preparation and measurement, logical rotation, stabilizer measurement, and a magic state above the distillation threshold",matching,offline,none advantage-class,,n/a,,"academic; the Monroe lineage holds the remote ion-ion entanglement rate record (9.7-250 per second at 94-97% fidelity, teleported CZ 86%)",umd-bs,code-node-mismatch
tsinghua-512-ion,2-D site-resolved ion simulator,Tsinghua University (Duan group),Tsinghua University,China,ION,ion_chain,DEMONSTRATED,May 2024,lab-only,"512 ions in a 2-D Coulomb crystal, ~300 used for simulation",512,hyperfine qubit,"global laser-driven spin-spin coupling - an analog Ising simulator, not a gate-model machine",static 2-D Coulomb crystal with power-law all-to-all coupling and no transport,511,global free-space laser drive,room-temp + free-space optics,site-resolved fluorescence imaging,n/a (analog),,,,,,,,ion,enc_hf,∅G-isinganalog,∅G-crystal,ct_ionaod,ro_fluor,none,none,none,fab_trap,none,none,none,none,2-D Ising quantum simulation,,quantum simulation,,academic,tsinghua512,analog-only
qudora-nfqc,QUDORA NFQC,QUDORA Technologies,Qudora Technologies,Germany,ION,ion_elec,ANNOUNCED (emulator only),2026,cloud emulator,not published,,hyperfine qubit,Near-Field Quantum Control microwave gates; CMOS-compatible manufacturing,not published,,chip-integrated microwave,on-chip microwave,fluorescence,not published,,,,,,,,ion,enc_hf,g_elec,undisclosed,ct_ionmw,ro_fluor,none,none,none,fab_trap,none,none,none,none,emulator only,,research,,"NFQC-1k (Germany's Quantum Computing Competition, selected 22-23 Sep 2026, €122 M planned): >=1,000 physical and 50 logical qubits at logical gate error <1e-4 by 2030, QPU pilot line; entry-criteria system due 31 Mar 2027",qudoor-tqi,snippet-only;no-hardware;source-not-confirmed
qudoor-abaq,AbaQ,Qudoor (Guokaike),QUDOOR,China,ION,ion_chain,DEPLOYED,2024-2026,"sold into government, finance, telecom, power",not disclosed,,ion (species not disclosed),not disclosed,not disclosed,,not disclosed,not disclosed,fluorescence,not disclosed,,,,,,,,ion,enc_hf,g_ms,cx_bus,undisclosed,ro_fluor,none,none,none,fab_trap,none,none,none,none,none published,,"government, finance, telecom, power",,full stack from trap chips to cloud,qudoor-tqi,spec-absent;source-not-confirmed
quera-aquila,Aquila,QuEra,QuEra Computing,USA,ATOM,atom_analog,DEPLOYED,Nov 2022,cloud (Amazon Braket),256 Rb-87 atoms in a reconfigurable tweezer register,256,ground-Rydberg analog qubit (not a hyperfine ground-state qubit),analog Hamiltonian simulation: a programmable Rydberg Ising Hamiltonian under global drive with local detuning; it does not run gate circuits,reconfigurable 1-D/2-D tweezer register,,SLM tweezers + AOD moves + Rydberg lasers,optics (room temperature),"fluorescence imaging, destructive, ~0.5-1 ms",n/a (analog),,,,,,,,alkali,enc_gr,g_rydanalog,cx_aod,ct_laser,ro_img,none,none,none,fab_optics,none,none (not applicable),none,none,"maximum independent set on unit-disk graphs, quantum phase transitions, Z2/Z3 ordered phases, QAOA-style optimisation",qaoa-grover-opt,"combinatorial optimisation, materials",qaoa-grover-opt;qml-classical;qpe-femoco,"Gemini, then Libra",gemini;quera-pq,analog-only
quera-gemini,Gemini-class,QuEra,QuEra Computing,USA,ATOM,atom_rb,DEPLOYED,2025,cloud and on-premise,260 Rb-87,260,hyperfine clock qubit,Rydberg-blockade CZ; 20 simultaneous two-qubit pairs; repetition rate 1 shot per second,two zones - storage (long coherence) and entanglement - with atoms moved between them by AOD tweezers,259,SLM tweezers + AOD moves + Rydberg lasers,optics (room temperature),fluorescence imaging; SPAM/readout 99.7%,8e-3 (99.2% global 2Q),0.008,1e-3 (99.9% global 1Q),3e-3,,,,,alkali,enc_hf,g_ryd,cx_aod,ct_laser,ro_img,code_color,dec_corr,none,fab_optics,488_color,"with Harvard/MIT: d=3 and d=5 colour codes running logical-level 5-to-1 magic-state distillation - output fidelity better than every input (absolute value not published); the ""5 d=5 logical qubits plus two d=3 factories"" layout is not in the cited abstract - not re-fetched",correlated / loss-aware decoding,offline,logical magic-state distillation; logical Bell and GHZ; small chemistry and optimisation circuits,,"chemistry, optimisation, ML",qaoa-grover-opt;qml-classical;qpe-femoco,Libra 2028,gemini;quera-msd,
harvard-448,448-atom fault-tolerant processor,Harvard / MIT / QuEra,QuEra Computing,USA,ATOM,atom_rb,DEMONSTRATED,10 Nov 2025,lab (QuEra is the commercialisation path),up to 448 Rb-87 atoms,448,hyperfine clock-state qubit,global Rydberg-blockade CZ (~270 ns) with transversal block-to-block pairing achieved by moving one code block on top of another - free connectivity is the whole architectural thesis,"four functional zones - storage, entangling, readout and reservoir - with reconfigurable tweezers moving atoms between them",447,SLM tweezers + AOD moves + Rydberg lasers,optics (room temperature),non-destructive spin-resolved imaging that also detects atom loss; superchecks recover error information from the loss flags,~1.6e-3,0.0016,,,,,,,alkali,enc_hf,g_ryd,cx_aod,ct_laser,ro_img,code_aft,dec_corr,none,fab_optics,rotated_surface;steane;stab_15_1_3;stab_16_6_4,2.14(13)x below threshold in a four-round characterisation circuit; 0.62(3)% logical error per round at d=5 (~0.1% on loss-free shots); 96 simultaneous d=4 logical qubits; 27-layer-deep circuits with hundreds of logical teleportations; universal logical gate set including T by code switching to the 3-D Reed-Muller code,machine-learning and most-likely-error decoders that consume loss information; correlated decoding across transversal gates,offline (1.73x QEC gain from loss-aware decoding),"universal logical gate set, logical teleportation with universal rotations, logical GHZ, 1-D cluster-state MBQC",,everything downstream of algorithmic fault tolerance,qaoa-grover-opt;qml-classical;qpe-femoco,QuEra Libra,harvard448;harvard-pq,
harvard-continuous-3000,"continuously reloaded 3,000-atom machine",Harvard / MIT,Harvard University,USA,ATOM,atom_rb,DEMONSTRATED,"Sep 2025 (Nature 646, 1075; arXiv Jun 2025)",lab-only,">3,000 Rb-87 atoms operated continuously for more than 2 hours",3000,hyperfine clock-state qubit,no entangling result in this paper - the machine is a continuous-operation enabler,"defect-free arrays of 2,024 atoms within 60 ms; two optical-lattice conveyor belts move atoms ~0.5 m, AOD tweezers only for local rearrangement; reload 300,000 atoms per second giving 30,000 initialised qubits per second",,"SLM tweezers, conveyors and Rydberg lasers",optics (room temperature),fluorescence imaging,n/a,,,,,,,,alkali,enc_hf,none,cx_reload,ct_laser,ro_img,none,none,none,fab_optics,none,none in this paper,none,none,removes the reload ceiling that bounds every other atom machine's circuit depth,,indefinite-depth atom computing,,enabler for mid-circuit active reloading on Libra and for Atom Computing's 90-round toric code,harvard-cont,enabler-only
quera-libra,Libra,QuEra,QuEra Computing,USA,ATOM,atom_rb,PLANNED,2028 (Amazon Braket),cloud,">10,000 physical",10000,hyperfine clock-state qubit,transversal logical operations; mid-circuit active reloading; parallel atom shuttling,zoned architecture with parallel shuttling; room-temperature vacuum cell,,SLM tweezers + AOD moves + Rydberg lasers,optics (room temperature),fluorescence imaging,target,,,,,,,,alkali,enc_hf,g_ryd,cx_aod,ct_laser,ro_img,code_aft,dec_corr,undisclosed,fab_optics,none,"target 256 logical qubits from >10,000 physical at logical error 1e-6, ~1e6 reliable logical operations; next generation 1,000+ logical from >20,000 physical at 1e-9",correlated / loss-aware,planned,none,,"chemistry and materials, drug discovery, optimisation, QML",qaoa-grover-opt;qml-classical;qpe-femoco,">256 logical qubits at 1e-6 on Amazon Braket (2028); a separate gigaquop system (>1,000 logical, >20,000 physical per core) 2028–29",libra;quera-pq,target-not-device
atom-computing-phoenix,Phoenix (Gen-1) and Gen-2,Atom Computing,Atom Computing,USA,ATOM,atom_ae,DEPLOYED / DEMONSTRATED,Oct 2023 (Gen-2),on-prem and via Azure,"1,180 qubits populated in a 1,225-site grid",1180,Yb-171 nuclear-spin qubits (Gen-1 Phoenix was Sr-87 - a species change across generations),Rydberg-blockade CZ,tweezer grid with AOD moves,,SLM tweezers + AOD moves + Rydberg lasers,optics (room temperature),fluorescence imaging; mid-circuit measurement and replacement of lost qubits,"4e-3 (99.6% claimed, highest for a commercial neutral-atom system)",0.004,,,,"40 s (Gen-1 87Sr nuclear-spin qubit, 2021; the Gen-2 171Yb figure is not published)",,,ae_atom,enc_hf,g_ryd,cx_aod,ct_laser,ro_img,∅G-toric,dec_corr,none,fab_optics,stab_4_2_2;toric;bacon_shor,"with Microsoft: 24 logical qubits entangled in a GHZ state and 28 logical qubits from 112 physical running Bernstein-Vazirani; error detection alone gave 10.2% logical error, 4.1x better than the 42% physical baseline, and detection plus loss correction gave 26.6%, 1.6x better (Nov 2024); the [[4,2,2]] code is not named in the cited post; toric code at d=4 and d=6 with up to 90 successive syndrome rounds and mid-circuit reloading of a qubit reservoir (Jun 2026) - but no Lambda, no logical error per round and no acceptance fraction published",matching,offline,Bernstein-Vazirani on 28 logical qubits,,"chemistry, optimisation via Azure",hubbard-lattice;qpe-femoco,Magne (50 logical target),ac-1180;ac-toric;azure-ac,no-numbers-published;code-node-mismatch
atom-computing-magne,Magne,"Atom Computing + Microsoft, for QuNorth",Atom Computing,Denmark,ATOM,atom_ae,ANNOUNCED (facility completed and installation begun Sep 2026; fully operational early 2027),Sep 2026,"on-premise, Danish-owned","1,225 neutral atoms targeting 50 logical qubits",1225,Yb-171 nuclear-spin qubit,Rydberg-blockade CZ,tweezer grid with AOD moves,,"SLM tweezers + AOD moves; Microsoft supplies the QEC layer, middleware, compiler and control electronics",optics (room temperature),fluorescence imaging,no performance figures published,,,,,,,,ae_atom,enc_hf,g_ryd,cx_aod,ct_laser,ro_img,code_erasure,dec_corr,none,fab_optics,none,"50 logical is a target, not a demonstrated count; at 24.5:1 physical-to-logical the ratio implies an error-detecting rather than error-correcting encoding unless 2Q fidelity has moved materially",Microsoft stack,planned,none yet,,"chemistry, materials",hubbard-lattice;qpe-femoco,marketed as the first commercially available Level 2 machine,magne,target-not-device;no-numbers-published
pasqal-fresnel,Fresnel / Fresnel 2,Pasqal,Pasqal,France,ATOM,atom_analog,DEPLOYED,2023-2024,"GENCI/CEA, EuroHPC",100 physical Rb-87 (the 506-atom defect-free register has no re-fetched source),100,ground-Rydberg analog qubit (analog mode); hyperfine (digital mode),"analog Rydberg Hamiltonian evolution, with a digital mode added later",reconfigurable tweezer register,,SLM/AOD laser control; PIC-generated tweezers are a Pasqal research line,optics (room temperature),fluorescence imaging,not published,,,,,,,,alkali,enc_gr,g_rydanalog,cx_aod,ct_laser,ro_img,none,none,none,fab_optics,none,none,none,none,analog MIS/optimisation and materials Hamiltonians,,"materials discovery, optimisation, weather/CFD, finance",de-solver-kernel;hhl-cfd;qpe-femoco,Orion line,pasqal-pq;pasqal-vision,no-published-error-rates;source-not-confirmed
pasqal-orion,"Orion Alpha / Beta (""Ruby"") / Gamma",Pasqal,Pasqal,France,ATOM,atom_rb,DEPLOYED (five sites),2024-2026,on-prem sold,"100-200 per site (largest deployed register quoted at 324, which conflicts with the per-site figures)",140,hyperfine qubit (digital); ground-Rydberg (analog),Rydberg-blockade CZ (digital); analog Rydberg evolution,"reconfigurable tweezer register; Orion is 3 kW, 2,500 kg, cryogenics-free, room temperature",,SLM/AOD laser control,optics (room temperature),fluorescence imaging,not published - a material gap for a vendor with this many deployments,,,,,,,,alkali,enc_hf,g_ryd,cx_aod,ct_laser,ro_img,none,none,none,fab_optics,none,"none demonstrated; no code named anywhere public, against a roadmap of 200+ logical by 2029",none,none,analog optimisation and materials Hamiltonians,de-solver-kernel,"materials discovery (stated primary), optimisation, weather/CFD, finance",de-solver-kernel;hhl-cfd;qpe-femoco,"Vela 2026-27; Centaurus ~10,000 physical 2028; Lyra ~100 logical 2029; ~200 logical 2030",pasqal-vision;pasqal-pq;pasqal-ec;pasqal-roadmap,no-published-error-rates;no-code-named
pasqal-vela,Vela,Pasqal,Pasqal,France,ATOM,atom_rb,ANNOUNCED,2026,n/a,over 256 high-quality qubits,256,hyperfine qubit,Rydberg-blockade CZ; local detuning for per-atom control,"all-to-all connectivity, cryogenics-free",,SLM/AOD laser control with local detuning,optics (room temperature),fluorescence imaging,target,,,,,,,,alkali,enc_hf,g_ryd,cx_aod,ct_laser,ro_img,none,none,none,fab_optics,none,"none - no code family has ever been named by Pasqal; a separate roadmap reading gives ""Vela 2027: 200+ qubits with error correction, ~20 logical""",none,none,none,,"materials, optimisation, DE solving",de-solver-kernel;hhl-cfd;qpe-femoco,the first QPU engineered for quantum-advantage specifications,pasqal-vision;pasqal-roadmap,conflicting-claim;no-code-named
infleqtion-sqale,Sqale,Infleqtion,Infleqtion,USA/UK,ATOM,atom_rb,DEPLOYED,Dec 2025 (announced Mar 2026),on-prem at the NQCC,"100 at the NQCC; a 2026 secondary source claims 1,600 for the platform; the many-hypercube result used a 114-atom array",100,caesium hyperfine qubit,Rydberg-blockade CZ,individual qubit addressing united with dynamically reconfigurable arrays - deliberately less transport than the Harvard/QuEra zoned design,99,SLM/AOD laser control,optics (room temperature),fluorescence imaging,2.7e-3 (99.73%) - the best published 2Q number of any deployed neutral-atom system,0.0027,2.7e-3,,,,,,alkali,enc_hf,g_ryd,cx_aod,ct_laser,ro_img,code_highrate,dec_nn,none,fab_optics,stab_4_2_2;stab_16_4_4;many_hypercube,"[[4,2,2]] C4 with 2 logical qubits, transversal CX and HH, Bell error 12x reduced, random circuits 15x, algorithm up to 6x; level-2 C4 many-hypercube code on a 114-atom array running a logical pre-compiled Shor variant that factored 15 - the first logical-qubit execution of Shor's algorithm; 12 logical qubits with detection and loss correction","AI-accelerated decoding with NVIDIA (announced, no numbers)",offline,first logical-qubit Shor; single-impurity Anderson model ground state on logical qubits,qpe-femoco;shor-rsa2048,"materials science (Anderson impurity models, DMFT impurity solvers)",qpe-femoco,"30 entangled logical qubits shown Sep 2026 (80 atoms, ten [[8,3,2]] blocks, error-detected; paper pending); 100 logical by 2028; 1,000 by 2030",infleqtion-nqcc;infleqtion-npj,conflicting-count
planqc-maqcs,MAQCS and DiNAQC,planqc,planqc,Germany,ATOM,atom_ae,"PLANNED / under construction (first MAQCS hardware at LRZ since 9 Sep 2026; 1,000-qubit demonstrator at TRL 5; operation by end-2027)",Sep 2026 (hardware delivered); end-2027 (operation),"on-prem (LRZ, DLR Ulm)","1000 (MAQCS target; demonstrator at TRL 5 per planqc, Sep 2026)",1000,"strontium optical clock-transition qubit - coherence 10-100 ms, three orders below the hyperfine figures in the same layer",Rydberg-blockade CZ; >60 coherent Rabi cycles,"atoms held in a regular grid by an optical lattice (""an egg carton made of light"") rather than individually placed tweezers; multi-core with sequential atom reloading",,lattice + Rydberg laser control,optics (room temperature),fluorescence imaging,not published,,,,1e-1 (upper end of 10-100 ms),,,,ae_atom,enc_opt,g_ryd,∅G-lattice,ct_laser,ro_img,none,none,undisclosed,fab_optics,none,none,none,none,"1,200-atom register operating continuously for over an hour (Oct 2024)",,HPC-integrated simulation,,"DiNAQC 100 q spring 2027; MAQCS 1,000+ q ~2027",planqc,no-published-error-rates
caltech-6100,"6,100-qubit tweezer array",Caltech (Endres group),California Institute of Technology,USA,ATOM,atom_rb,DEMONSTRATED,Sep 2025,lab-only,"6,100 caesium atoms in a tweezer array of ~12,000 sites - the largest qubit array of any modality",6100,caesium hyperfine qubit,"no entangling gate, no Rydberg gate and no two-qubit operation was demonstrated on this array","tweezer array; 33 W of laser power for 18,225 tweezers; the binding constraint above 1e4 sites is the AOD time-bandwidth product",,SLM/AOD laser control,optics (room temperature),fluorescence imaging,n/a - no entangling gate,,2e-4 (1Q infidelity),,,12.6 s (T2),,,alkali,enc_hf,none,cx_aod,ct_laser,ro_img,none,none,none,fab_optics,none,none,none,none,none - this machine must not be ranked against gate-model machines on qubit count,,entanglement stated as future work,,academic,caltech,no-entangling-gate
princeton-yb-erasure,metastable Yb-171 erasure array,Princeton (Thompson group),Princeton University,USA,ATOM,atom_ae,DEMONSTRATED,Jun 2026,lab-only,small array,20,"metastable Yb-171 (""omg"") erasure-converted qubit - the only encoding in this register chosen so that errors announce themselves",Rydberg-blockade CZ; 38(6)% of CZ errors detected as erasures,tweezer array with AOD transport; ~50% of transport loss detected mid-circuit,,SLM/AOD laser control,optics (room temperature),mid-circuit erasure check (20 us for Yb atoms),not published for this array,,,,,,,,ae_atom,enc_omg,g_ryd,cx_aod,ct_laser,ro_erasure,code_erasure,dec_corr,none,fab_optics,stab_4_2_2;yb_erasure,"[[4,2,2]] preparation fidelity 0.874(4) rising to 0.902(3) when erasure information is used; teleportation 0.802(8); erasure conversion raises the surface-code threshold from 0.94% to 1.45%; the architecturally relevant gain is the unconditional 1.9(4)x, not the post-selected 3.6(1)x",correlated / loss-aware,offline,logical teleportation,,n/a,,academic,princeton,
yaqumo-yb,neutral-ytterbium QPU,Yaqumo (+ Fujitsu),Yaqumo,Japan,ATOM,atom_ae,DEMONSTRATED-in-validation,Aug 2026,lab,not disclosed,,ytterbium neutral-atom qubit,Rydberg-blockade CZ,"all-to-all connectivity, long coherence",,"laser control; fast neutral-Yb imaging (17.6 us at 99.89% discrimination, Kyoto) is the enabling readout",optics (room temperature),fast atom-array readout,not disclosed,,,,,,,,ae_atom,enc_hf,g_ryd,cx_aod,ct_laser,ro_img,code_surface,dec_mwpm,none,fab_optics,rotated_surface,"none - hardware validation of Fujitsu's STAR architecture, designed for superconducting hardware and being re-targeted as modality-agnostic","PyMatching v2 (MWPM), inherited from STAR",planned,STAR benchmark compilation,,chemistry and materials via STAR,hubbard-lattice;qpe-catalyst;qpe-p450,more than several hundred qubits with QEC by FY2027,yaqumo;yaqumo-qcr;star3,no-published-error-rates
hanyuan-1,Hanyuan-1,"Zhongke Kuyuan (Wuhan, CAS)",unmatched,China,ATOM,atom_rb,DEPLOYED,Oct 2025,commercial delivery (China Mobile subsidiary; export to Pakistan),100 Rb,100,Rb hyperfine qubit,Rydberg-blockade CZ,"tweezer array; 3 standard racks, room temperature",,SLM/AOD laser control,optics (room temperature),fluorescence imaging,"2e-2 (2Q 0.98; 1Q 0.999) - Chinese state-media figures, not peer-reviewed",0.02,,,,,,,alkali,enc_hf,g_ryd,cx_aod,ct_laser,ro_img,none,none,none,fab_optics,none,none,none,none,none published,,commercial deployment,,rapid iteration without peer-reviewed verification,china-atoms,unverified-claim
hanyuan-2,Hanyuan-2,"Zhongke Kuyuan (Wuhan, CAS)",unmatched,China,ATOM,atom_rb,ANNOUNCED,May 2026,not disclosed,"200 across two cores, dual-isotope Rb-85 + Rb-87",200,Rb hyperfine qubit,Rydberg-blockade CZ,"dual-core in a single cabinet, <7 kW; inter-core link mechanism undisclosed",,SLM/AOD laser control,optics (room temperature),fluorescence imaging,none disclosed,,,,,,,,alkali,enc_hf,g_ryd,cx_aod,ct_laser,ro_img,none,none,undisclosed,fab_optics,none,none,none,none,none published,,commercial deployment,,"""first dual-core neutral-atom computer""",china-atoms,unverified-claim;spec-absent
qinghe-1,Qinghe-1,"Zhongqi Wuliang (Shanghai, CAS SIOM spin-off)",unmatched,China,ATOM,atom_rb,ANNOUNCED,Jul 2026,not disclosed,undisclosed,,Rb hyperfine qubit (assumed),Rydberg-blockade CZ (assumed),single standard server rack,,SLM/AOD laser control,optics (room temperature),fluorescence imaging,none disclosed,,,,,,,,alkali,enc_hf,g_ryd,cx_aod,ct_laser,ro_img,none,none,none,fab_optics,none,none,none,none,none published,,commercial deployment,,nothing disclosed at all,china-atoms,unverified-claim;spec-absent
psiquantum-omega,Omega chipset (Moreton Bay / Chicago systems unnamed),PsiQuantum,PsiQuantum,USA,PHOTON,ph_fusion,DEMONSTRATED (component level),Feb 2025,"lab-only, no cloud, no external users","none as a computer; counting basis is photons in flight, target ~1e6; Milpitas testbed = 3 cabinets x 250 chips at 2 K",,"single photon, dual-rail (path) encoded, telecom C-band 1550 nm","linear-optical fusion (probabilistic Bell measurement, 50% / 75% boosted); no gates in the circuit-model sense",set by the fusion network (any 3-D cell complex with 4 faces per edge is a valid surface-code fusion complex); physical routing by BTO switches,,"electro-optic BTO Mach-Zehnder modulators, EO coefficient ~1000 pm/V; feed-forward within one clock cycle",room-temp electro-optic,"waveguide-integrated SNSPD, destructive, photon-number-resolving; 93.4% median on-chip efficiency (the 98.9% figure is superseded)",two-qubit fusion fidelity 7.8e-3 (99.22 +- 0.12%),0.0078,SPAM 2.0e-4 (99.98 +- 0.01%); interferometer fidelity up to 99.999%,,,,,,photon,enc_dualrail,g_fusion,cx_switch,ct_eo,ro_spd,code_fusion,dec_mwpm,ic_fibre,fab_pic,fusion;rbh,"none. No QEC cycle, no logical qubit and no distance scan has been published; thresholds are model numbers - 11.98% erasure per fusion / 1.07% Pauli, and 43.2% fusion failure / 10.4% loss per fusion for ballistic linear optics",MWPM / union-find on the fusion syndrome graph,offline,"none on hardware; component-level 256-mode circuits, small QFT circuits, 6-photon on-chip entanglement",,"chemistry (FeMoco-class), materials, cryptanalysis, fluid dynamics - all from resource estimates",hhl-cfd;qpe-femoco;qpe-p450,"Moreton Bay + Chicago ""operational"" 2027 means cooling and install capacity in place, not a working computer; utility-scale 1e6 photons late 2020s",psiq-omega;psiq-tech;psiq-mit;psiq-pq,no-qec-cycle;cryo-gap;component-only
xanadu-borealis,Borealis,Xanadu,Xanadu,Canada,PHOTON,ph_sampler,DEPLOYED,Jun 2022,cloud (AWS Braket),"216 squeezed-light modes (time-multiplexed); counting basis is modes, not qubits",,squeezed vacuum (CV); no qubit encoding at all,"programmable beamsplitter/phase-shifter network realised as three variable delay loops; no entangling gate, no feed-forward computation - Gaussian sampling only",fibre delay loops + programmable couplers,,electro-optic modulators,room-temp electro-optic,"photon-number-resolving superconducting TES detectors (16, 95% efficiency, up to 13 photons each) behind a 1-to-16 EOM demultiplexer; destructive",n/a,,,,,,,,squeezed,none,g_lointer,cx_switch,ct_eo,ro_spd,none,none,none,fab_bulk,none,"none, not applicable",none,none,"Gaussian boson sampling with 219 detected photons, 36 us per sample vs >9,000 years exact classical (claimed advantage, since eroded by loss-exploiting classical methods)",gbs,"graph problems, molecular vibronic spectra",qml-classical;qpe-femoco,superseded by Aurora,borealis;xanadu-pq,eroded-claim
xanadu-aurora,Aurora,Xanadu,Xanadu,Canada,PHOTON,ph_cv,DEMONSTRATED,Jan 2025,lab-only,"12 qubit modes per clock cycle, described by the company as 12 logical GKP qubits with real-time decoding - a distance-2 repetition code, i.e. detection",12,GKP grid states in optical modes + squeezed vacuum,Gaussian beamsplitters/squeezers + homodyne measurement with feed-forward; measurement-based,time-domain-multiplexed CV cluster state; 86.4 billion modes entangled across chips over 2 hours of continuous operation,,electro-optic modulators + real-time feed-forward at the 1 MHz clock,room-temp electro-optic,homodyne (quadrature) detection with a shared local-oscillator phase reference; PNR detection heralds GKP states,"n/a (loss-dominated): ~56% loss in heralding paths, >95% in heralded optical paths against a ~1% requirement",,effective GKP squeezing 0.62 dB against a ~10 dB requirement,,,,,,squeezed,enc_gkp,g_cv,cx_switch,ct_eo,ro_homodyne,code_bosonic,dec_mwpm,ic_fibre,fab_pic,gkp-cluster-state,"d=2 repetition on a GKP CV cluster with real-time decoding - detection only, no Lambda, no distance scan; thresholds are squeezing-valued (20.5 dB without analog QEC, 9.8 dB with analog QEC and post-selection)","real-time, in-loop at 1 MHz - the only in-loop decoder in photonics",in-loop,GBS-class sampling; no gate-model algorithm,,"chemistry/materials via PennyLane, quantum ML",qml-classical;qpe-femoco,"FT threshold 2028-29; 200 logical 2029, 500 in 2030, 1,000+ in 2031",aurora;xanadu-pq;xanadu-zeit,loss-dominated;detection-only
quandela-belenos,Belenos,Quandela,Quandela,France,PHOTON,ph_fusion,DEPLOYED,22 May 2025,"cloud (1,200+ users in 30 countries)","12 path/time-bin-encoded single-photon qubits; the count is bounded by source brightness divided by demux loss, not by chip area",12,single photon from a semiconductor quantum dot in a micropillar cavity,post-selected/heralded linear-optical two-qubit gates in a reconfigurable interferometer mesh,reconfigurable interferometer mesh,,electro-optic control,room-temp electro-optic,SNSPD,"6.2e-2 (2Q 93.8 +- 0.6%, Ascella - the only line with published gate fidelities)",0.062,"1Q 4.0e-3 (99.6 +- 0.1%, Ascella)",,,,,,photon,enc_timebin,g_fusion,cx_switch,ct_eo,ro_spd,none,none,none,∅G-twofab,none,none demonstrated; no code family named anywhere for the 50-logical-by-2028 milestone,none published (decoders scheduled for 2027),none,"VQE for the H2 ground state, 3-photon quantum-neural-network classifier, 6-photon boson sampling, heralded 3-photon entanglement (all on Ascella)",nisq-chem-sqd,"quantum ML, chemistry, HPC hybrid workloads",,Canopus 24 q ~2026; 40+ q by 2028; 50 logical 2028,ascella;quandela-mosaiq;tqi-photonic9,no-published-error-rates;source-not-confirmed
quandela-lucy,Lucy,Quandela,Quandela,France,PHOTON,ph_fusion,DEPLOYED,Oct 2025 (launched on Joliot-Curie 14 Apr 2026),on-prem at CEA TGCC / EuroHPC,12,12,single photon from a semiconductor quantum dot in a micropillar cavity,post-selected/heralded linear-optical two-qubit gates,reconfigurable interferometer mesh,,electro-optic control,room-temp electro-optic,SNSPD,as Belenos (no Lucy gate fidelity is public),0.062,,,,,,,photon,enc_timebin,g_fusion,cx_switch,ct_eo,ro_spd,none,none,none,∅G-twofab,none,none demonstrated,none published,none,HPC-integrated quantum ML via MerLin,,"quantum ML, chemistry, HPC hybrid workloads",,Canopus 24 q,quandela-mosaiq;tqi-photonic9,no-published-error-rates;source-not-confirmed
orca-pt2,PT-2,ORCA Computing,ORCA Computing,UK,PHOTON,ph_sampler,DEPLOYED,2024-2026,"on-prem sold (NQCC, PSNC, UK MoD / Digital Catapult)",not published as a qubit count; the counting basis is time-bin modes through a fibre delay loop,,non-Gaussian photon-subtracted squeezed states in time bins (PT-1 used single photons),"programmable time-bin interferometer: fibre delay loops + variable beamsplitters; linear-optical interference only, no heralded entangling gate published",fibre loops + variable couplers,,room-temperature electronics; NVIDIA NVQLink integration,room-temp electro-optic,photon-number-resolving detection; detector technology not stated in the sources opened,"no mode count, clock rate, loss figure or fidelity on ORCA's own product page",,,,,,,,squeezed,none,g_lointer,cx_switch,ct_eo,ro_spd,none,none,none,fab_bulk,none,none,none,none,boson sampling; quantum-enhanced generative AI / binary-bottleneck sampling for ML,,"generative ML, hybrid HPC",,PT-3 in 2026,orca;tqi-photonic9,spec-absent;source-not-confirmed
quix-carina,Carina,QuiX Quantum,QuiX Quantum,Netherlands,PHOTON,ph_fusion,ANNOUNCED (core hardware delivered to DLR QCI),14 Jul 2026,on-prem sold; rack-based data-centre integration,8 (first-generation universal); 64 is the DLR contract target; Carina's own qubit count is not stated in the announcement,8,"single photons, dual-rail/path encoded; measurement-based computation",MBQC on photonic cluster states; entangling by linear-optical fusion,photonic cluster state over a silicon-nitride mesh; ~98.6% fidelity on arbitrary 12x12 unitaries,,FFCU (Feed Forward Control Unit) + PACU (Photonic Assembly Control Unit) named as first-class subsystems; no latency number published,room-temp electro-optic,SNSPD,not published,,,,,,,,photon,enc_dualrail,g_fusion,cx_switch,ct_eo,ro_spd,code_fusion,none,none,fab_pic,none,"none - ""logical qubit encoding with photon-loss redundancy"" from 2027, no code named",none published,none,"linear-optical unitaries, sampling",,"PQC-adjacent, defence, healthcare, HPC",,"2027 second generation with QEC features; 100+ logical ""foreseeable future""; Dedalo next",quix-pq;tqi-photonic9,spec-absent;source-not-confirmed
ustc-jiuzhang4,Jiuzhang 4.0,USTC (Pan Jianwei group),University of Science and Technology of China,China,PHOTON,ph_sampler,DEMONSTRATED,13 May 2026,lab-only,"1,024 input squeezed states in an 8,176-mode circuit (hybrid spatial-temporal encoding); 3,050 photons in the largest detection event",,squeezed light (Gaussian boson sampling); no qubit encoding,programmable Gaussian interferometer - three cascaded fully-connected 16-mode interferometers joined by two delay-loop arrays; 4.0 is programmable where 1.0 was a fixed circuit; no homodyne feed-forward and no adaptivity,"cubic connectivity scaling (16^3 = 4,096) through 16 physical detection channels addressing 8,176 effective modes",,electro-optic control,room-temp electro-optic,"SNSPD (pseudo-PNR), destructive; overall system efficiency 51%, squeezed-state generation efficiency 92%",n/a,,,,,,2.56e-5,,squeezed,none,g_lointer,cx_switch,ct_eo,ro_spd,none,none,none,fab_bulk,none,"none, not applicable",none,none,"Gaussian boson sampling, claimed advantage ~1e54 over the best classical algorithms; MPS simulation on El Capitan estimated at >1e42 years - the paper is explicitly a response to loss-exploiting MPS algorithms",gbs,quantum simulation,,academic,jiuzhang4;jiuzhang4-pq,estimated-baseline
intel-tunnel-falls,Tunnel Falls,Intel,Intel,USA,SPIN,spin_qd,DEMONSTRATED / DISTRIBUTED,Jun 2023 (Argonne Jan 2026),lab-only; research chips distributed to universities,12 in a linear array,12,"Si/SiGe gate-defined electron spin, Loss-DiVincenzo encoding",EDSR/ESR 1Q + voltage-pulsed exchange 2Q; native CZ,"1-D nearest neighbour, degree <= 2",2,"Horse Ridge II - 22 nm CMOS cryo-controller at 4 K, 16 spin qubits per chip, 22 high-speed DAC channels; Pando Tree - 10-20 mK demultiplexer giving bias and pulses to up to 64 qubit terminals from one signal line and nine digital lines",cryo-CMOS at 4 K (qubits at ~1.1-1.2 K),spin-to-charge conversion sensed by SET / rf reflectometry,no published 2Q fidelity for Tunnel Falls itself (1Q ~99.9% under optimised CMOS processes),,,,,,,,qd_spin,enc_spin_ld,g_exch,cx_nn,ct_cryocmos,ro_s2c,none,none,ic_fanout,fab_cmos,none,"none. No code, no decoder, no logical result",none,none,none at algorithm level,,Intel publishes no application roadmap and no logical-qubit date - a deliberate position,,next-generation chip prioritising coherence and control over count; 2-D arrays; no dates,intel-pq;spin-zeit;techtimes-hitachi,no-published-error-rates
diraq-imec-8q,foundry 8-qubit array,Diraq,Diraq,Australia,SPIN,spin_qd,DEMONSTRATED,Jul 2026,lab-only,"8 in a linear chain at 90 nm gate pitch (the ""four two-qubit unit cells"" framing is not in the cited page)",8,"Si-MOS electron spin, Loss-DiVincenzo",ESR 1Q by distinct Larmor frequencies (Rabi 141-205 kHz); exchange CZ 2Q - exchange control demonstrated in only one of four qubit pairs,1-D nearest neighbour; the FT plan buys non-locality from electron shuttling confined to localized blocks,2,baseband + ESR from room temperature; cryo-CMOS is the stated scaling route,room-temp baseband (cryo-CMOS planned),two SETs at the chain ends plus a cascaded electron-cascade charge-sensing protocol for the central qubits - 8 qubits read through 2 sensors,not published on the array (no gate benchmarks); 98.92% (1.1e-2) measured on separate devices at 1 K,,1.5e-3 (99.85% 1Q at 1 K),,,1.31e-3 (Hahn echo); 4.1e-5 (Ramsey T2*),2.4e-6,,qd_spin,enc_spin_ld,g_exch,cx_nn,ct_base,ro_s2c,none,none,none,fab_cmos,generalized_bicycle,"none on hardware. The Iceberg Pinnacle architecture (generalized bicycle qLDPC) claims 150,000 physical to 1,000 logical (~150:1) and RSA-2048 in <100,000 physical qubits",not specified,none,none,,"cryptanalysis (the Pinnacle RSA estimate), chemistry",,"millions of qubits by 2031, tens of millions by 2033",diraq-pq;pinnacle,no-benchmarks-on-array
quantum-motion-qm-one,QM-One,Quantum Motion,Quantum Motion,UK,SPIN,spin_qd,DEPLOYED,15 Sep 2025,on-prem (NQCC testbed programme),"the delivered system's qubit count is not published; related devices are a 384-qubit chip with integrated cryo-CMOS and a 1,024-quantum-dot array characterised in under 5 minutes",,Si-MOS gate-defined electron spin,"exchange 2Q, ESR/EDSR 1Q","""scalable tile architecture""; degree not published",,integrated cryo-CMOS on the qubit die; three 19-inch server racks with the dilution refrigerator inside the footprint,cryo-CMOS on-die,rf single-electron-box gate-based reflectometry - 99.2% in under 6 us,not published,,,,,,6.0e-6,,qd_spin,enc_spin_ld,g_exch,cx_nn,ct_cryocmos,ro_s2c,none,none,ic_fanout,fab_cmos,none,"none on hardware; the SiQEC project was awarded to demonstrate FT capability and FT compilation runs through NVIDIA CUDA-Q Logical, but no code family is named in public material",none,none,none published,,unspecified; the pitch is manufacturability and data-centre form factor,,utility-scale silicon spin by 2033,spin-zeit;qm-seb,no-published-error-rates;count-unpublished;source-not-confirmed
sqc-11q,11-qubit donor processor,Silicon Quantum Computing,Silicon Quantum Computing,Australia,SPIN,spin_donor,DEMONSTRATED,"Dec 2025 (Nature 648, 569; SQC release 18 Dec 2025)",lab-only,"11 - two interconnected multi-nuclear-spin registers (4 and 5 nuclei) plus shared electrons; nuclear spins are the data qubits, shared electrons are ancillas",11,"P-31 donor nuclear spins in isotopically purified Si-28, STM-placed to a stated 0.13 nm accuracy (not in the cited page - not re-fetched)",hyperfine-conditional rotations through a shared electron; exchange-based CROT in 1.25 us enabling non-local entanglement within a register,register-local all-to-all through the shared electron; nearest neighbour between registers,4,baseband + ESR/NMR from room temperature,room-temp baseband,QND readout via the electron spin - the only genuinely QND single-shot readout in this register,3.6e-3 (two-qubit electron CROT 99.64%),0.0036,1.0e-4 (1Q up to 99.99%),,,6.6e-1 (nuclear Hahn echo up to 660 ms),1.25e-6,,donor,enc_spin_ld,g_exch,cx_nn,ct_base,ro_s2c,none,none,none,fab_stm,none,"none. No code, no decoder, no logical result. SQC's headline claim is that qubit quality increases as the system scales - treat as a claim about this register structure, not a scaling law",none,none,GHZ state preparation with up to 8 entangled nuclear spins; quantum reservoir computing,,materials simulation,,"""bridge the gap toward million-qubit systems""; no dated intermediate milestone published",sqc;spin-zeit,no-foundry-route
equal1-bell-1,Bell-1 (UnityQ),Equal1,Equal1,Ireland,SPIN,spin_qd,DEPLOYED,16 Mar 2025,on-prem sold,6 (UnityQ QPU),6,Si gate-defined electron spin,exchange 2Q; ESR 1Q,nearest neighbour,2,"Quantum System on Chip: qubits and control/readout electronics co-integrated on the same 22FDX die at 0.3 K with a self-contained cryocooler, no dilution refrigerator; 1,600 W total, one standard rack",cryo-CMOS on-die at 0.3 K,spin-to-charge + on-chip sensing,"7e-3 (2Q 99.3% average, Equal1 UnityQ page; a press source gave 98.4%)",0.007,"1e-3 (1Q 99.9% average, Equal1 UnityQ page)",,,,,,qd_spin,enc_spin_ld,g_exch,cx_nn,ct_cryocmos,ro_s2c,none,none,ic_fanout,fab_cmos,none,"none. No code, no decoder",none,none,none of note,,"HPC-embedded acceleration, quantum ML",,later Bell generations expand qubit capacity; no dated qubit targets,equal1;spin-zeit,conflicting-claim
quobly,Alloy Pioneer (Quobly),Quobly,Quobly,France,SPIN,spin_qd,PLANNED,end-2026 target (cloud access for early users),n/a,"target 100 physical qubits on a commercial chip (not restated in the 16 Sep 2026 release); no device qubit count published; readout, one- and two-qubit gates on a single QSOI chip from STMicroelectronics' 300 mm Crolles line reported by Quobly 16 Sep 2026 (metrics deferred to a forthcoming paper)",100,Si FD-SOI gate-defined spin (CEA-Leti lineage),exchange 2Q,nearest neighbour,2,baseband; cryo-CMOS as the scaling route,room-temp baseband,spin-to-charge + rf reflectometry,not published,,,,,,,,qd_spin,enc_spin_ld,g_exch,cx_nn,ct_base,ro_s2c,none,none,none,fab_cmos,none,none published,none,none,none,,unspecified,,"Alloy Pioneer cloud access for early users by end-2026, then progressively larger Alloy systems toward one million qubits by 2032 (16 Sep 2026); isotopically enriched Si-28 entered STMicroelectronics 28 nm FD-SOI production Dec 2025 - the supply-chain milestone that matters more than the qubit count",spin-zeit;quobly-300mm,no-device
hitachi-intel18a,Hitachi x Intel 18A spin programme,Hitachi + Intel,Hitachi,Japan/USA,SPIN,spin_qd,ANNOUNCED,Jul 2026,planned AIST G-QuAT cloud by FY2027,"100+ with error-correcting capability by FY2028; 1,000 by FY2030 - research-scale engineering prototypes, not FT machines",100,Si gate-defined electron spin,exchange 2Q,nearest neighbour,2,Hitachi is developing 3-D vertical stacking for cryogenic control; Intel contributes the Horse Ridge / Pando Tree lineage,cryo-CMOS,spin-to-charge conversion,1Q >99.7% in academic collaborations - not a Hitachi device number,,,,,,,,qd_spin,enc_spin_ld,g_exch,cx_nn,ct_cryocmos,ro_s2c,none,none,ic_fanout,fab_cmos,none,"none; the ""error-correcting capability"" at FY2028 is unspecified",none,none,none,,unspecified,,"prototype silicon quantum computers running error-correcting codes at the 100-qubit scale in FY2028, 1,000-qubit scale in FY2030 (Hitachi, 22 Jul 2026); the enabling deliverable is a quantum PDK on Intel 18A, the first such interface for a 1.8 nm-class process",techtimes-hitachi,no-device
groove-quantum,Groove Quantum (no named machine),Groove Quantum,Groove Quantum,Netherlands,SPIN,spin_qd,ANNOUNCED,May 2026,n/a,18 operational qubits,18,germanium quantum dots (hole spins) on CMOS-compatible processes,"all-electrical, faster 1Q gates without micromagnets thanks to stronger spin-orbit coupling; exchange 2Q",nearest neighbour,2,baseband,room-temp baseband,spin-to-charge conversion,no fidelity numbers published,,,,,,,,qd_spin,enc_spin_ld,g_exch,cx_nn,ct_base,ro_s2c,none,none,none,fab_cmos,none,none,none,none,none,,unspecified,,QuTech lineage,spin-zeit,no-published-error-rates
photonic-inc,Entanglement First modules,Photonic Inc.,Photonic Inc.,Canada,DEFECT,defect,DEMONSTRATED (component / link level),13 Feb 2026,cloud via Microsoft Azure,not published as a system count; the architectural unit is one T centre = 4 spin qubits (3 nuclear + 1 electron),,silicon T centre - a carbon-hydrogen complex in Si-28 with a native telecom-band optical transition,microwave ESR + hyperfine-conditional nuclear gates locally; entanglement between modules by spin-photon emission and Bell measurement,"any-to-any by optical link - this is the whole architecture, and it is why Photonic chose a non-local code",,baseband + microwave + optical,"baseband + optical, 1 K",cavity-enhanced spin-dependent optical readout,not published,,,,,,,,defect,enc_spin_ld,g_mwspin,∅G-optlink,ct_base,ro_fluor,code_qldpc,none,ic_spinphoton,∅G-sicolour,shyps,"none on hardware: no logical qubit, no decoder, no logical error rate. SHYPS qLDPC (subsystem hypergraph product x simplex codes, weight-3 gauge generators) claims 20x fewer physical qubits per logical qubit and one error check per logical operation (30x runtime reduction) vs surface codes",none published; the defect architecture has an empty L8,none,teleportation of a state into a remote matter node over 30 km of TELUS commercial fibre (no fidelity or rate published); a 2024 inter-cryostat teleported CNOT on T centres is a post-selected preprint with a truth table rather than a gate fidelity,qkd-network,"distributed fault-tolerant computing, quantum networking",,4 logical qubits near term; utility scale 2033,photonic-ec;photonic-qubit;photonic-telus,no-rate-published;path-membership-gap
quantum-brilliance-quoll,Quoll / QB-QDK 2.0,Quantum Brilliance,Quantum Brilliance,Australia/Germany,DEFECT,defect,DEPLOYED,2 Sep 2025 announcement; the cited page dates the ORNL QDK 2.0 procurement to 2024,on-prem sold,5 (QDK 1.0); 6 in the ORNL Quoll cluster (the 2-per-QPU x 3-QPU split is not in the cited page - not re-fetched) - the model is many small room-temperature QPUs in parallel,6,NV centre (electron spin + nearby C-13/N-14 nuclear spins) in synthetic diamond,microwave ESR rotations + hyperfine-conditional nuclear gates; <0.1% error on NV electron+nuclear registers is the platform-level figure,local register only (dipolar/hyperfine); no inter-NV entangling link in the product,,"room temperature: microwave drive + green-laser initialisation + optical readout; no cryogenics, no vacuum; 19-inch rack-mount accelerator node","room temperature, optical",optical fluorescence spin readout,no published gate fidelity or 2Q error for a QB product,,,,millisecond-range coherence at room temperature,,,,defect,enc_spin_ld,g_mwspin,cx_nn,∅G-nvroom,ro_fluor,none,none,none,fab_diamond,none,"none. No code, no decoder",none,none,small hybrid quantum-classical workflows and molecular-modelling parallelism studies at ORNL,,"edge/embedded acceleration, HPC co-processing, mobile",,2027 mobile prototype; 2029 first commercially valuable accelerator at ~60-100 qubits,qb-pq,no-published-error-rates
microsoft-majorana-1,Majorana 1 (and Majorana 2),Microsoft,Microsoft,USA,TOPO,topo,CONTESTED,19 Feb 2025 / 2 Jun 2026,lab-only,"the ""8 qubits on a chip"" imagery is architectural intent; what is measured is the parity of one wire of one tetron",,Majorana parity in an InAs-Al (M1) / InAs-Pb (M2) gate-defined nanowire tetron,measurement-based braiding by sequences of parity measurements - nothing demonstrated; node status X,tetron lattice (intent),,baseband gate voltages,baseband,"rf quantum-capacitance interferometric parity readout: ~1% assignment error, SNR 1 in 3.6 us; X-measurement lifetime ~1000x shorter than Z (the readout figures are not in either cited page - not re-fetched)",n/a - no gate,,,1e-2 assignment error,"2.0e1 s mean parity lifetime (M2 preprint, single wire)",,,,majorana,enc_parity,g_mbq,cx_nn,ct_base,ro_qcap,∅G-pathcode,none,none,fab_mbe,none,"none; not a qubit. Microsoft's own 4D geometric codes [[96,6,8]] require all-to-all connectivity and are therefore not a code for the tetron lattice; honeycomb-Floquet is the natural tetron code and no logical demonstration exists anywhere","none; the topo architecture has empty L7, L8 and L9 slots",none,none on topological hardware; every logical result Microsoft credits to its name ran on Quantinuum or Atom Computing hardware,,"Level 3: 1,000+ logical qubits at 1e-12 logical error and >=1e6 rQOPS (not in the cited Microsoft post - not re-fetched)",hubbard-lattice;qpe-femoco,scalable system timeline accelerated from 2029,majorana-zeit;ms-logical,contested;not-a-qubit
dwave-advantage,Advantage,D-Wave Quantum,D-Wave Quantum,Canada/USA,ANNEAL,anneal,DEPLOYED,Sep 2020,cloud (Leap) + on-prem sold,"5,000+ flux qubits - more than Advantage2, the counter-intuitive fact for any qubit-count ranking",5000,rf-SQUID flux qubit (analog Hamiltonian carrier),analog annealing evolution; not a gate,"Pegasus, degree 15",15,on-chip flux DACs + superconducting control circuitry,on-chip flux DAC,QFP / SQUID flux readout through on-chip shift registers,n/a - no gate set,,,,,,,,fluxq,none,g_anneal,cx_lr,ct_fluxdac,ro_fluxro,none,none,none,fab_sc,none,"not applicable. No gate set, no universal logic, no code, no logical qubits",none,none,annealing-native optimisation and sampling,,"optimisation, materials sampling",anneal-spinglass;qaoa-grover-opt,superseded by Advantage2,dwave-a2;dwave-beyond,annealer-reference-only
dwave-advantage2,Advantage2,D-Wave Quantum,D-Wave Quantum,Canada/USA,ANNEAL,anneal,DEPLOYED,20 May 2025,cloud (Leap) + on-prem sold,"4,400+ flux qubits, 40,000+ couplers",4400,"rf-SQUID flux qubit, sixth-generation annealing processor","coherent quenches 3.6-27 ns on 1,222-5,627 qubits (not in the cited releases - not re-fetched); Multicolor Annealing and Fast-Reverse Anneal added Jan 2026","Zephyr, 20-way",20,"on-chip flux DAC multiplexing - ~300 bias lines in total, ~200 multiplexed lines addressing the DAC network, for ~1e4 qubits (0.02-0.03 control lines per qubit); ~12.5 kW system power; multi-year cryogenic uptimes",on-chip flux DAC,QFP / SQUID flux readout through on-chip shift registers,n/a - no gate set,,,,,,,3.6e-9 (fastest coherent quench),fluxq,none,g_anneal,cx_lr,ct_fluxdac,ro_fluxro,none,none,none,fab_sc,none,not applicable,none,none,"annealing-native optimisation; the Mar 2025 Science spin-glass quantum-simulation advantage claim - rebutted three times, including a tensor-network reproduction on a laptop",anneal-spinglass,"optimisation, scheduling, logistics, portfolio; materials simulation",anneal-spinglass;qaoa-grover-opt,"Advantage3 (multi-chip): a 20,000-qubit system in 2029, 100,000 qubits by 2031 (Q2-2026 results, Aug 2026); the 100,000-qubit annealer is also the goal of the CHIPS-funded development (8 Sep 2026)",dwave-a2;dwave-2026;dwave-supremacy;tindall-dwave;wiersema,annealer-reference-only;rebutted-claim;cryo-gap
qilimanjaro,coherent annealer,Qilimanjaro Quantum Tech,Qilimanjaro Quantum Tech,Spain,ANNEAL,anneal,PLANNED / research,2026,n/a,"not found - few, highly coherent flux qubits, a deliberately opposite bet to D-Wave's many-noisy-qubit machines",,rf-SQUID flux qubit,analog annealing evolution,not published,,analog control; QPUs co-developed with QuantWare,on-chip flux DAC (unverified),flux readout,not published,,,,,,,,fluxq,none,g_anneal,undisclosed,undisclosed,undisclosed,none,none,none,fab_sc,none,not applicable,none,none,none found,,optimisation,,"no 2026 device, qubit count or benchmark found",dwave-beyond,annealer-reference-only;no-device;source-not-confirmed
qxl-neutral-atom-50,"Quantum X Labs neutral-atom platform (50+ qubits, claimed)",Quantum X Labs Inc. (Nasdaq: QXL),Quantum X Labs,Israel,ATOM,atom_rb,ANNOUNCED,28 May 2026,lab-only (no access programme; consulting offered Jul 2026),"50+ (company claim, no data)",50,neutral atom in optical tweezers; species not stated,Rydberg-mediated two-qubit gates (claimed),dynamically reconfigurable optical-tweezer arrays (claimed),,proprietary laser cooling and tweezer control; details not published,room-temperature optics (assumed for atom arrays; not published),not published,not published,,not published,not published,,,,,alkali,enc_hf,g_ryd,cx_aod,ct_laser,ro_img,none,dec_nn,none,fab_optics,none (surface-code decoder tests on Google's public dataset claimed),none,"AI 'deep transformer' decoder (claimed; trained on synthetic data, tested on Google's public surface-code dataset, claimed to beat correlated matching and PyMatching; no paper; patent cited by the company: US12294387B2, Ramot at TAU, classical-code decoding)",claimed (low-latency feedback via the IQCC OPX1000 collaboration; not demonstrated),none published (CliniQuantum 'quantum sampling workflow' validation claimed 14 Jul 2026 without hardware or qubit details),,quantum-enhanced MCMC for drug discovery and logistics (CliniQuantum); transportation; security; Quantum Gyro navigation and atomic clocks outside computing,,thousands of physical qubits by end H1 2027; AI error-correction integration mid-2027 (company statements),https://www.stocktitan.net/sec-filings/QXL/8-k-quantum-x-labs-inc-reports-material-event-fbd25da8a74b.html;https://www.globenewswire.com/news-release/2026/05/28/3302867/0/en/Quantum-X-Labs-Launches-50-Physical-Qubits-Neutral-Atom-Quantum-Computer-Targets-Thousands-Qubit-Milestone-by-End-of-H1-2027.html;https://www.stocktitan.net/news/QXL/quantum-x-labs-and-iqcc-a-quantum-machines-company-sign-strategic-gssg0rqxumju.html;https://quantumcomputingreport.com/viewbix-completes-acquisition-of-quantum-x-labs-pivots-to-quantum-technology/;https://patents.google.com/patent/US12294387B2/en,claim-only;no-published-error-rates;hardware-provenance-unstated;species-not-stated-path-provisional;source-not-confirmed
vtt-q50,VTT Q50,VTT Technical Research Centre of Finland,ab-fi-vtt,Finland,SC,sc,DEPLOYED,Mar 2025,cloud service (VTT QX) for companies and research institutions; connected to the LUMI supercomputer,50 (launch release); 53 on VTT infrastructure page,50,flux-tunable superconducting qubits (transmon type not stated),not published; flux-tunable couplers,lattice topology,,,,,,,,,,,,,transmon,enc_bare,g_tc,cx_nn,ct_rt,ro_disp,none,none,none,fab_sc,none,none,none,none,n/a,,n/a,,150- and 300-qubit systems planned; the 300-qubit one for materials modelling and quantum error correction,,no-published-error-rates
chalmers-wacqt-25q,WACQT quantum computer (Chalmers 25-qubit flip-chip processor),Chalmers University of Technology (WACQT),ab-se-chalmers,Sweden,SC,sc,DEMONSTRATED (testbed access for algorithms announced for 2025),2023-2024,testbed for Swedish industry and academia (Chalmers Next Labs),25 (upgrade to 40 planned; 100 targeted by 2029),25,fixed-frequency transmon (Xmon),parametric CZ and iSWAP via frequency-tunable couplers,25 qubits with 40 frequency-tunable couplers,,control lines on a separate control chip (flip-chip C-chip),,"dispersive, quarter-wavelength resonators",,,,,,,,,transmon,enc_bare,g_tc,cx_nn,ct_rt,ro_disp,none,none,ic_multidie,fab_sc,none,none,none,none,n/a,,n/a,,40 qubits within a couple of years; 100 qubits by 2029,,no-published-error-rates
icfo-quione,QUIONE,ICFO - Institut de Ciencies Fotoniques,ab-es-icfo,Spain,ATOM,atom_analog,DEMONSTRATED,Apr 2024,lab-only,"n/a (analog: 84Sr bosonic quantum gas in a 2-D Hubbard-regime optical lattice, site-resolved)",,none (analog quantum-gas simulator; no qubit encoding),analog Bose-Hubbard dynamics in an optical lattice; no entangling gate,2-D in-plane optical lattice plus light sheet at the 813.4 nm clock-magic wavelength,,"lasers: 813.4 nm lattice and light sheet, 461 nm imaging, 689 nm Sisyphus cooling",optics (room temperature),"site-resolved fluorescence imaging on the 461 nm transition, imaging fidelity above 94%",n/a (analog),,,below 6% (imaging fidelity above 94%),,,,,ae_atom,none,none,∅G-lattice,ct_laser,ro_img,none,none,none,fab_optics,none,none,none,none,n/a,,n/a,,academic,,analog-only;no-entangling-gate
psnc-piast-q,PIAST-Q,Poznan Supercomputing and Networking Center (PCSS),ab-pl-psnc,Poland,ION,ion_chain,DEPLOYED,Jun 2025,national allocation (EuroHPC JU access for European users),20 physical qubits (AQT trapped-ion system),20,"optical qubit (40Ca+ S1/2–D5/2, 729 nm)",laser-driven universal gates (mechanism not stated),all-to-all,19,lasers,"room-temp (two 19-inch racks, air-cooled, under 2 kW)",,"not published (PCSS: gate fidelity >99%, gate type unspecified)",,,,,"10-100 ms (coherence time, PCSS page)",,,ion,enc_opt,g_ms,cx_bus,ct_ionaod,ro_fluor,none,none,none,fab_trap,none,none,none,none,n/a,,n/a,,national,,no-published-error-rates
it4i-vlq,VLQ,IT4Innovations National Supercomputing Center (VSB - Technical University of Ostrava),ab-cz-it4i,Czechia,SC,sc,DEPLOYED,Sep 2025,national allocation (EuroHPC JU access; integrated with the KAROLINA supercomputer),24 superconducting qubits (IQM) in a star topology,24,superconducting (type not stated),not published,star: 24 qubits connected to a central resonator,,,,,,,,,,,,,transmon,enc_bare,undisclosed,∅G-bus,ct_rt,ro_disp,none,none,none,fab_sc,none,none,none,none,n/a,,n/a,,national (LUMI-Q consortium),,no-published-error-rates
fraunhofer-ehningen,"IBM Quantum System One, Ehningen",Fraunhofer-Gesellschaft,ab-de-fraunhofer,Germany,SC,sc,DEPLOYED (2021; 2026 processor generation unverified),Jun 2021,Fraunhofer Quantum Computing Competence Network (companies and research organisations),"27 (IBM Falcon processor, at launch)",27,,,,,,,,,,,,,,,,transmon,enc_bare,g_cr,cx_nn,ct_rt,ro_disp,none,none,none,fab_sc,none,none,none,none,n/a,,n/a,,national,,no-published-error-rates;source-not-confirmed
basq-system-two,"IBM Quantum System Two, Donostia-San Sebastian",Basque Government (BasQ) - IBM-Euskadi Quantum Computational Center,ab-es-dipc,Spain,SC,sc,DEPLOYED,Oct 2025,members of the IBM-Euskadi Quantum Computational Center,156 (IBM Quantum Heron),156,,,,,,,,,,,,,,,,transmon,enc_bare,g_tc,cx_nn,ct_rt,ro_disp,none,none,none,fab_sc,none,none,none,none,n/a,,n/a,,regional programme (BasQ); System Two designed to integrate multiple processors,,no-published-error-rates
sandia-qscout,QSCOUT (Quantum Scientific Computing Open User Testbed),Sandia National Laboratories,ab-us-sandia,USA,ION,ion_chain,DEPLOYED (open user testbed; to be discontinued by end of FY2026),2021-2026,open user testbed (DOE-funded; calls for proposals),6 (171Yb+ linear chain),6,hyperfine clock-state qubit (171Yb+),Raman transitions with a 355 nm pulsed laser; Molmer-Sorensen 2Q gates,"linear ion chain, all-to-all",5,individual addressing by imaging an AOM array onto the chain; pulse-level access (Jaqal),room-temp + free-space optics,fluorescence: chain imaged onto a multimode-fibre array with individual photomultiplier tubes,MS gate fidelity ~0.95-0.99 (as published),,1e-2 (fidelity ~0.99),,,,,,ion,enc_hf,g_ms,cx_bus,ct_ionaod,ro_fluor,none,none,none,fab_trap,none,none,none,none,n/a,,n/a,,national (DOE open testbed; discontinued by end of FY2026),,
lbnl-aqt,Advanced Quantum Testbed (AQT),Lawrence Berkeley National Laboratory,ab-us-lbnl,USA,SC,sc,DEPLOYED (open testbed),2018-2026,open user testbed (no cost for non-proprietary work that will be published; DOE ASCR),8 transmons in a ring (primary QPU); 9-qubit flux-tunable MIT-LL chip; 6-14-qubit ring chips upcoming,8,"fixed-frequency transmon (5.2-5.8 GHz, ~250 MHz anharmonicity); qutrit operation",cross-resonance between fixed-frequency qubits; all-microwave CZ; parametric fSim,"ring, nearest-neighbour",2,QubiC 2.0 (Xilinx ZCU216 RFSoC + custom analog front end); Zurich Instruments HDAWG/UHFQA/PQSC,room-temp,multiplexed dispersive readout with TWPA; three-state readout fidelity >95%,CR CNOT error 1-4%; CZ error 0.5-1% (ranges as published),,"5e-3 (CZ, low end of published range)",below 5% (three-state readout fidelity >95%),~100 µs,~100 µs (T2 echo),,,transmon,enc_bare,g_cr,cx_nn,ct_rt,ro_disp,none,none,none,fab_sc,none,none,none,none,n/a,,n/a,,national (DOE open testbed),,
ethz-surface17,Surface-17,ETH Zurich (Quantum Device Lab),ETH Zurich,Switzerland,SC,sc,DEMONSTRATED,2022-2025,lab-only,17 (9 data + 8 auxiliary transmons),17,flux-tunable transmon (asymmetric SQUID),flux-pulsed CZ between directly coupled neighbours (no tunable coupler),"diagonal planar square lattice, nearest-neighbour",4,room-temperature AWGs and UHFQA; IQ up/down-conversion; FPGA demodulation,room-temp,frequency-multiplexed dispersive; readout resonator + Purcell filter per qubit; TWPA; three-state discrimination flags leakage,"1.5(1.0)e-2 average CZ error (average, not median)",0.015,6e-3,9e-3 mean two-state (2.2e-2 three-state),32.5 µs (mean),T2* 37.5 µs; T2 echo 47.0 µs (means),~98 ns including buffers,400 ns integration (200-300 ns pulses),transmon,enc_bare,g_tc,cx_nn,ct_rt,ro_disp,code_surface,dec_mwpm,none,fab_sc,rotated_surface;surface-17;quantum_repetition,"d=3 rotated surface code: 3.2(1)% logical error per 1.1 µs cycle with leakage rejection, logical T1 16.4(8) µs (2022); lattice surgery splitting the d=3 surface-code qubit into two d=3 repetition codes, decoded ZZ better than unencoded (Jan 2025)","MWPM with error-model-free weights, applied in post-processing",offline,n/a,,n/a,,academic,ethz-surface17,
drdo-tifr-tcs-6q,6-qubit superconducting quantum processor,DRDO DYSL-QT with TIFR and TCS,Tata Institute of Fundamental Research,India,SC,sc,DEMONSTRATED (end-to-end test),28 Aug 2024,"cloud interface (TCS) for education, research and testing",6,6,superconducting-circuit qubit (type not published),not published,TIFR ring-resonator architecture (shared multi-path coupling resonator),,commercial off-the-shelf electronics plus custom-programmed development boards (DYSL-QT),room-temp,not published,none published,,,,,,,,transmon,enc_bare,undisclosed,∅G-bus,ct_rt,ro_disp,none,none,none,fab_sc,none,none,none,none,none published,,n/a,,scale-up planned; no qubit target published,,no-published-error-rates;press-only
etri-8photon,ETRI 8-photon silicon-photonic qubit chip,ETRI (with KAIST and the University of Trento),ETRI,South Korea,PHOTON,ph_fusion,DEMONSTRATED (chip level),Nov 2024,lab-only,"8 photons from 8 on-chip sources (~40 optical switches, 10 mm x 5 mm chip); 6-qubit entangled state",8,path-encoded (dual-rail) photonic qubit,linear-optic quantum gates formed by about half of the on-chip switches (probabilistic linear-optical entangling),programmable switch mesh routing photon paths,,on-chip optical switch drive (switch technology not stated),room-temp,single-photon detectors (type not stated),none published,,,,,,,,photon,enc_dualrail,g_fusion,cx_switch,ct_eo,ro_spd,none,none,none,fab_pic,none,none,none,none,none published,,n/a,,"16-qubit chips, then 32 qubits; cloud-based quantum computing service",,no-published-error-rates
kriss-50q,KRISS 50-qubit-class superconducting system,Korea Research Institute of Standards and Science,KRISS,South Korea,SC,sc,PLANNED (next target after the 20-qubit class),Mar 2026,n/a,50-qubit class (target),50,not published,not published,not published,,not published,,not published,none published,,,,,,,,transmon,enc_bare,undisclosed,cx_nn,ct_rt,ro_disp,none,none,none,fab_sc,none,none,none,none,n/a,,n/a,,"100-qubit superconducting systems by 2029; the 1,000-qubit-class target is on the Yb neutral-atom track",,target-not-device;spec-absent
rqc-ion-50q,50-qubit ion quantum computer (Rosatom roadmap),"Lebedev Physical Institute (FIAN) and the Russian Quantum Center, Rosatom roadmap",Russian Quantum Center,Russia,ION,ion_chain,ANNOUNCED (claimed; no paper),Sep 2024,not disclosed,"50 (claimed; realised with Yb ion qudits, ion count not published)",50,Yb ion qudit (levels per ion not published),not published,not published,,not published,,not published,none published,,,,,,,,ion,enc_hf,g_ms,cx_bus,ct_ionaod,ro_fluor,none,none,none,fab_trap,none,none,none,none,"Grover search, molecular-structure calculation, dynamical-system simulation (claimed, TASS Jul 2024)",,n/a,,~75-qubit machine targeted for 2025,,press-only;source-not-confirmed;no-published-error-rates
msu-rb-50q,72-qubit neutral-atom (Rb) quantum computer prototype (50 qubits in Dec 2024),Lomonosov Moscow State University with the Russian Quantum Center,Moscow State University,Russia,ATOM,atom_rb,ANNOUNCED (claimed prototype; no paper),Dec 2025,not disclosed,72,72,Rb atom (qubit states not published),single-qubit operations reported; no entangling gate published,ordered 50-atom tweezer array,,optical tweezers (focused laser beams),optics (room temperature),not published,"6e-2 (two-qubit 'accuracy' 94%, MSU press statement Dec 2025; no paper)",0.06,,,,,,,alkali,enc_hf,g_ryd,cx_aod,ct_laser,ro_img,none,none,none,fab_optics,none,none,none,none,none published,,n/a,,72 qubits reached Dec 2025 (two of three functional zones tested); 'several hundred qubits' by 2030,,press-only;source-not-confirmed;no-published-error-rates
amaravati-ibm-tcs,IBM Quantum System Two at Amaravati Quantum Valley Tech Park,IBM with TCS and the Government of Andhra Pradesh,IBM,India,SC,sc,ANNOUNCED (building due 15 Oct 2026; IBM installation to follow; inauguration planned Jan 2027),May 2025,n/a (not yet commissioned),"156 (one Heron processor, announced)",156,transmon (Heron family),tunable-coupler CZ (Heron family),heavy-hex (Heron family),,room-temperature RF (Heron family),room-temp,dispersive (Heron family),none (not yet a device),,,,,,,,transmon,enc_bare,g_tc,cx_nn,ct_rt,ro_disp,none,none,none,fab_sc,none,none,none,none,n/a,,n/a,,"Quantum Valley Tech Park, Uddandarayunipalem; building completion targeted 15 Oct 2026, installation expected within two months of construction, inauguration planned Jan 2027; provision for two more quantum computers (Aug 2026)",,target-not-device;schedule-risk;conflicting-claim
bsc-quantum-spain,Quantum Spain quantum computer at BSC,Barcelona Supercomputing Center (Quantum Spain; installed by Qilimanjaro-GMV),Barcelona Supercomputing Center,Spain,SC,sc,DEPLOYED (expanded to 35 qubits),May 2026,national allocation (open access via RES),35 (expanded from 5 in May 2026),35,"superconducting, gate-based (qubit type not published)",not published,not published,,not published,,not published,none published,,,,,,,,transmon,enc_bare,undisclosed,cx_nn,ct_rt,ro_disp,none,none,none,fab_sc,none,none,none,none,none published,,n/a,,35 qubits is the final Quantum Spain milestone; coupled to MareNostrum 5,,no-published-error-rates;spec-absent
ibm-system-two-cscs,IBM Quantum System Two at CSCS (Swiss Quantum Innovation Hub),IBM with ETH Zurich (CSCS) and Lockheed Martin,ab-ch-cscs,Switzerland,SC,sc,ANNOUNCED (operational by end-2026 expected),Sep 2026,hub access coordinated by ETH Zurich (not yet operational),120 programmable (one IBM Quantum Nighthawk r2; IBM lists 458 physical qubits on r2 including a high-speed reset on each qubit),120,transmon (IBM Nighthawk/Heron family),tunable-coupler two-qubit gates (218 tunable couplers on Nighthawk),"square lattice, four nearest neighbours (Nighthawk)",4,modular qubit control electronics; classical runtime servers for hybrid workflows; high-density flex signal delivery (Heron stack),room-temp (IBM System Two family),dispersive (family); high-speed reset on each qubit (Nighthawk r2),,,,,,,,,transmon,enc_bare,g_tc,cx_nn,ct_rt,ro_disp,none,none,none,fab_sc,none,none,none,none,n/a,,n/a,,"initial IBM-ETH Zurich install-and-operate agreement for three years (through 2029); hub partners IBM, Lockheed Martin, ETH Zurich, CSCS",,target-not-device
iqm-spark-eldorado,IQM Spark at Eldorado Research Institute,IQM Quantum Computers with Instituto de Pesquisas Eldorado,ab-br-eldorado,Brazil,SC,sc,ANNOUNCED (installation in Campinas in Q1 2027),Sep 2026,"on-prem sold (Eldorado HQ, Campinas); users also get remote access to an IQM 54-qubit cloud system in Europe",5 (IQM Spark product specification; count not stated in the Eldorado release),5,transmon,CZ through tunable couplers,"5 qubits, 4 couplers",,,,,"1e-2 typical CZ error (product spec: CZ fidelity >=99.0% typical, >=98.0% minimum; not a measured median)",0.01,,"3e-2 typical (product spec: readout fidelity >=97% typical, >=95% minimum)",,,,,transmon,enc_bare,g_tc,cx_nn,ct_rt,ro_disp,none,none,none,fab_sc,none,none,none,none,n/a,,n/a,,teaching and research system; larger workloads on IQM 54-qubit cloud system,,target-not-device
ionq-superion-10k,IonQ Superion 10K,IonQ,ionq,USA,ION,ion_elec,PLANNED (full fault tolerance in a 2027 lab setting; commercial 2028),Sep 2026,n/a (not yet built),"10,000 (target)",10000,trapped-ion qubit (species not stated),Electronic Qubit Control (EQC): trapped-ion qubits controlled by electronics integrated on the chip,,,EQC with CMOS integrated onto the trap chip,on-chip (CMOS integrated on the trap chip),,,,,,,,,,ion,enc_hf,g_elec,undisclosed,ct_ionmw,ro_fluor,undisclosed,undisclosed,undisclosed,fab_cmos,none,none,none,none,n/a,,n/a,,Superion 256 (orderable; deliveries 2027) developed concurrently; 10K is the first generation built for the Walking Cat architecture; platform scales to millions of qubits,,target-not-device
qudora-nfqc-1k,NFQC-1k,"QUDORA Technologies-led consortium (TU Braunschweig, Leibniz University Hannover, PTB, Forschungszentrum Jülich, NXP Semiconductors Germany, AQT Germany)",qudora,Germany,ION,ion_elec,PLANNED (five-year project; fault-tolerant machine by 2030),Sep 2026,n/a (not yet built),">=1,000 physical; 50 logical (target)",1000,trapped-ion qubit (species not stated),Near Field Quantum Control (NFQC): chip-scale microwave fields instead of laser addressing,,,chip-scale microwave near-field control (NFQC),on-chip microwave structures,,,,,,,,,,ion,enc_hf,g_elec,undisclosed,ct_ionmw,ro_fluor,undisclosed,undisclosed,undisclosed,fab_cmos,none,none,none,none,n/a,,full Quantum Fourier Transform benchmark (performance verification),,"EUR 122 M over five years; >=1,000 physical and 50 logical qubits with logical gate error below 1e-4; semiconductor QPU pilot line (NXP); national fault-tolerant target for 2030",,target-not-device
diraq-equinix-sydney,Diraq 8-qubit silicon spin quantum computer at Equinix Sydney,Diraq (with Equinix),diraq,Australia,SPIN,spin_qd,ANNOUNCED (installation due Oct 2026),Sep 2026,n/a (not yet installed; access model not published),8 (one silicon chip; more qubits by chip replacement),8,silicon spin qubit (modified silicon transistors),not published,,,self-contained cryogenic cooling and control electronics; whole system draws less than 20 kW,,,,,,,,,,,qd_spin,enc_spin_ld,g_exch,cx_nn,undisclosed,ro_s2c,none,none,none,fab_cmos,none,none,none,none,n/a,,n/a,,higher qubit counts by chip replacement with no infrastructure change; Diraq targets millions of qubits by 2031,,target-not-device;no-published-error-rates;press-only
fujitsu-snv-prototype,Diamond-spin quantum computer prototype,Fujitsu (with TU Delft and QuTech),fujitsu,Japan,DEFECT,defect,DEMONSTRATED (working prototype; test environment),Sep 2026,test environment via the Fujitsu Hybrid Quantum Computing Platform,not disclosed (single module),,tin-vacancy (SnV) centre spin in diamond,"combined light, microwave and radio-frequency control; gate-level circuits converted into control sequences",,,"optical, microwave and RF drive; Fujitsu circuit-to-control-sequence conversion",module at 1.55 K (-271.6 °C); electronics placement not published,single photons emitted by the SnV centre guided by an alumina waveguide on a photonic integrated circuit,,,,,,,,,defect,enc_spin_ld,g_mwspin,undisclosed,∅G-nvroom,ro_fluor,none,none,none,fab_diamond,none,none,none,none,n/a,,n/a,,"multi-module diamond-spin prototype by 2027; Fujitsu targets 250 logical qubits by FY2030 and 1,000 by FY2035",,no-published-error-rates
hrl-eo-18q,HRL exchange-only silicon spin processor (18 EO qubits from 54 quantum dots),HRL Laboratories (IBM since 26 Aug 2026),hrl,USA,SPIN,spin_qd,DEMONSTRATED,Jul 2026,lab-only,"18 exchange-only qubits in 54 Si/SiGe quantum dots (three rails); codes ran on 7 (repetition) and 6 ([[4,2,2]]) EO qubits",18,"exchange-only (EO) spin qubit: three electron spins in three gate-defined Si/SiGe quantum dots (²⁸Si-enriched, ⁷³Ge-depleted heterostructure)",baseband exchange pulses only (symmetric exchange): 1Q gates of 4 exchange pulses; CNOT of 37 pulses in 45 timesteps,"3×6 square lattice of EO qubits, nearest-neighbour coupling (54 dots in three sparsely coupled rails)",4,"custom cryo-CMOS controller (commercial 130-nm RF CMOS SoC): 366 DACs, 78 pulse generators, 156 output channels, ≤3.5 W; superconducting ribbon cable carries 150 time-varying control signals and 35 static biases to the mK qubit board","4 K (cryo-CMOS controller); room temperature supplies digital signalling, static biases and readout digitisation",Pauli spin blockade (pairwise singlet/triplet) sensed by a dot charge sensor into a 4 K HEMT transimpedance amplifier (~10 MHz bandwidth); digitised at room temperature,"3e-3 mean CNOT error (interleaved blind RB; mean, not median)",0.003,9e-4 (lowest reproducible CNOT error),,,"T2* 19.3 µs median (singlet decay) and charge noise of median 674 exchange oscillations before 1/e decay, both measured on a similar device in a cryoMUX system",CNOT = 37 exchange pulses in 45 timesteps (pulses 0.4–6 ns); each operation under 1 µs (HRL release),,qd_spin,enc_eo,g_exch,cx_nn,ct_cryocmos,ro_s2c,code_detect,∅G-parity,none,fab_cmos,quantum_repetition;stab_4_2_2,"d=5 bit-flip repetition code ([5,1,5] on 7 EO qubits, 1–200 rounds): LER ≈ 5e-3 vs 2.3e-2 for d=3 subsets of the same data, Λ5/3 = 4.7; [[4,2,2]] error detection on 6 EO qubits: F_L = 0.95 post-selected (~77% of shots rejected), 0.59 without post-selection (Nature, 29 Jul 2026)","naive parity-check decoder on repetition-code syndromes; [[4,2,2]] by post-selection; both after the run",offline (the 4 K controller sequences syndrome extraction autonomously; decoding after the run),n/a,,n/a,,no dated roadmap; HRL's stated goal: standard microchip production lines and one computer per refrigerator; IBM acquired HRL (closed 26 Aug 2026),,
