machine_id,layer,node_id,role,usage_summary,evidence_type,evidence_url,evidence_locator,verification
ibm-falcon,carrier,transmon,primary,"fixed-frequency transmon; 27 q monolithic (r5.11, ibm_peekskill; DEPLOYED 2019–2023, now RETIRED)",architecture-paper-figure,https://www.nature.com/articles/s41467-023-38247-5,"Fig. 4 (Falcon qubit numbering, static ZZ); Methods: IBM_Peekskill and experimental details",✅
ibm-falcon,encoding,enc_bare,primary,Bare two-level subspace — Computational subspace of an anharmonic oscillator; leakage to |2⟩ is the price.,architecture-paper-figure,https://www.nature.com/articles/s41467-023-38247-5,Fig. 5 (leakage to |2⟩); Methods: Leakage in the system,✅
ibm-falcon,gate,g_cr,primary,"fixed capacitive bus, cross-resonance CR/CX",architecture-paper,https://www.nature.com/articles/s41467-023-38247-5,Methods: Leakage in the system (cross-resonance frequency collisions),🔎
ibm-falcon,connect,cx_nn,primary,"heavy-hex, degree 3 max / 2.3 mean (2022)",architecture-paper-figure,https://www.nature.com/articles/s41467-023-38247-5,Fig. 1 (distance-3 heavy-hexagon code on 23 qubits); Fig. 4a (Falcon numbering),✅
ibm-falcon,control,ct_rt,primary,"room-temperature RF, coax per qubit",architecture-paper,https://www.nature.com/articles/s41467-023-38247-5,,🔎
ibm-falcon,readout,ro_disp,primary,multiplexed dispersive,architecture-paper-figure,https://www.nature.com/articles/s41467-023-38247-5,Fig. 5a (repeated measurement sequence); Methods: Leakage in the system,✅
ibm-falcon,code,code_detect,primary,"d=3 heavy-hex code on 23 of 27 q, ≤10 rounds, no distance scaling; logical error per 2 rounds ≈0.040 (Z) / 0.088 (X), leakage post-selected (2022–23)",architecture-paper-figure,https://www.nature.com/articles/s41467-023-38247-5,Fig. 1 (d=3 heavy-hex code); Fig. 2 (logical error vs rounds),✅
ibm-falcon,code,code_surface,alternate,"nearest station to heavy_hex subsystem code (d=2 2017, d=3 2022–23); also stab_4_2_2 flag-FT state prep, honeycomb_floquet plaquette measurement",architecture-paper-figure,https://www.nature.com/articles/s41467-023-38247-5,Fig. 1 (heavy-hexagon code gauge operators),✅
ibm-falcon,decoder,dec_mwpm,primary,"matching and maximum-likelihood decoding of the heavy-hex code, offline",architecture-paper-figure,https://www.nature.com/articles/s41467-023-38247-5,Fig. 6 (four decoding methods); Methods: MWPM edge probabilities; Maximum likelihood,✅
ibm-falcon,decoder,none,alternate,offline decoding only; no real-time decoder in the loop,architecture-paper,https://www.nature.com/articles/s41467-023-38247-5,§Results: Decoding algorithms,✅
ibm-falcon,interconnect,none,primary,"monolithic single 27-q module, no interconnect",inferred,https://www.nature.com/articles/s41467-023-38247-5,,🔎
ibm-falcon,fab,fab_sc,primary,IBM 200 mm superconducting-qubit lithography; standard package,inferred,https://www.nature.com/articles/s41467-023-38247-5,,🔎
ibm-eagle,carrier,transmon,primary,"fixed-frequency transmon; 127 q monolithic die (DEPLOYED Nov 2021, now RETIRED)",architecture-paper-figure,https://arxiv.org/html/2410.00916v1,Fig. 4 (ibm_sherbrooke layout + readout error map); §III.5,✅
ibm-eagle,encoding,enc_bare,primary,Bare two-level subspace — Computational subspace of an anharmonic oscillator; leakage to |2⟩ is the price.,inferred,https://arxiv.org/html/2410.00916v1,,🔎
ibm-eagle,gate,g_cr,primary,echoed cross-resonance (ECR); median ECR error 7.5×10⁻³ (Oct 2024),architecture-paper,https://arxiv.org/html/2410.00916v1,§III.5 (native gates incl. ECR); Fig. 4 caption (median ECR error),✅
ibm-eagle,connect,cx_nn,primary,"heavy-hex, degree ≤3; QV 128",architecture-paper-figure,https://arxiv.org/html/2410.00916v1,Fig. 3 (Eagle heavy-hex qubit layout); §III.5,✅
ibm-eagle,control,ct_rt,primary,"room-temperature RF; first IBM device with multi-level wiring + TSVs, routing under the qubit plane (enabled 127 q)",architecture-paper,https://arxiv.org/html/2410.00916v1,§III.5 (Eagle),✅
ibm-eagle,readout,ro_disp,primary,multiplexed dispersive,architecture-paper-figure,https://arxiv.org/html/2410.00916v1,Fig. 4 (readout error map of ibm_sherbrooke),✅
ibm-eagle,code,code_mitig,primary,"error mitigation (ZNE) in the code slot; 127-q Ising-dynamics ""utility"" experiments (2023)",architecture-paper,https://www.nature.com/articles/s41586-023-06096-3,,🔎
ibm-eagle,code,none,alternate,no QEC code run; NISQ device,architecture-paper,https://arxiv.org/html/2410.00916v1,,🔎
ibm-eagle,decoder,none,primary,no decoder; no QEC run,architecture-paper,https://arxiv.org/html/2410.00916v1,,🔎
ibm-eagle,interconnect,none,primary,"monolithic single 127-q die, no interconnect",inferred,https://arxiv.org/html/2410.00916v1,,🔎
ibm-eagle,fab,fab_sc,primary,IBM 200 mm superconducting-qubit lithography; multi-level wiring + TSVs,architecture-paper,https://arxiv.org/html/2410.00916v1,§III.5 (Eagle),✅
ibm-osprey,carrier,transmon,primary,"fixed-frequency transmon; 433 qubits, monolithic (announced Nov 2022; access May 2023 at 413 usable qubits); now retired",technical-whitepaper,https://www.ibm.com/quantum/blog/next-wave-quantum-centric-supercomputing,Fig. (chip photo: 'IBM introduced the 433-qubit IBM Osprey quantum processor'),✅
ibm-osprey,encoding,enc_bare,primary,bare transmon two-level subspace; no encoding beyond the physical qubit,inferred,https://postquantum.com/industry-news/ibm-condor/,,🔎
ibm-osprey,gate,g_cr,primary,"cross-resonance CR/ECR on fixed-frequency transmons; IBM published no QV/EPLG, fidelity ""Eagle-class""",press-technical,https://postquantum.com/industry-news/ibm-condor/,,🔎
ibm-osprey,connect,cx_nn,primary,"heavy-hex lattice, degree 3",press-technical,https://postquantum.com/industry-news/ibm-condor/,,🔎
ibm-osprey,control,ct_rt,primary,room-temperature RF; enhanced package + custom flex cabling to get I/O into the fridge,technical-whitepaper,https://www.ibm.com/quantum/blog/next-wave-quantum-centric-supercomputing,"§Increasing performance, value... (Osprey multi-level wiring + integrated filtering; flex wiring +70% density)",🔎
ibm-osprey,readout,ro_disp,primary,multiplexed dispersive readout; no readout fidelity published,inferred,https://postquantum.com/industry-news/ibm-condor/,,🔎
ibm-osprey,code,none,primary,"no QEC code run; NISQ device, retired",press-technical,https://postquantum.com/industry-news/ibm-condor/,,🔎
ibm-osprey,decoder,none,primary,no decoder; no QEC run,press-technical,https://postquantum.com/industry-news/ibm-condor/,,🔎
ibm-osprey,interconnect,none,primary,"monolithic single 433-qubit module, no interconnect",inferred,https://postquantum.com/industry-news/ibm-condor/,,🔎
ibm-osprey,fab,fab_sc,primary,superconducting-qubit lithography (IBM); no machine-specific fab source,inferred,https://postquantum.com/industry-news/ibm-condor/,,🔎
ibm-condor,carrier,transmon,primary,"fixed-frequency transmon; 1,121 q on a single die (ANNOUNCED Dec 2023, never GA)",technical-whitepaper,https://www.ibm.com/quantum/blog/quantum-roadmap-2033,"§Breaking the 1,000-qubit barrier with Condor (1,121 superconducting qubits)",✅
ibm-condor,encoding,enc_bare,primary,Bare two-level subspace — Computational subspace of an anharmonic oscillator; leakage to |2⟩ is the price.,inferred,https://postquantum.com/industry-news/ibm-condor/,,🔎
ibm-condor,gate,g_cr,primary,"cross-resonance; coherence and gate fidelity ""comparable to Osprey"" (Dec 2023)",technical-whitepaper,https://www.ibm.com/quantum/blog/quantum-roadmap-2033,"§Breaking the 1,000-qubit barrier with Condor (cross-resonance gate technology)",✅
ibm-condor,connect,cx_nn,primary,"heavy-hex, degree ≤3; 1,121 q",press-technical,https://postquantum.com/industry-news/ibm-condor/,,🔎
ibm-condor,control,ct_rt,primary,"room-temperature RF, ≈1 RF line per qubit; ~1 mile of high-density cryogenic flex wiring in a custom cryostat (Dec 2023)",technical-whitepaper,https://www.ibm.com/quantum/blog/quantum-roadmap-2033,"§Breaking the 1,000-qubit barrier with Condor (over a mile of cryogenic flex IO wiring, one dilution fridge)",✅
ibm-condor,readout,ro_disp,primary,multiplexed dispersive,inferred,https://postquantum.com/industry-news/ibm-condor/,,🔎
ibm-condor,code,none,primary,"no QEC code run; exploratory platform, never operated as a user-accessible system",press-technical,https://postquantum.com/industry-news/ibm-condor/,,🔎
ibm-condor,decoder,none,primary,no decoder; no QEC run,press-technical,https://postquantum.com/industry-news/ibm-condor/,,🔎
ibm-condor,interconnect,none,primary,"monolithic single 1,121-q die, no interconnect",inferred,https://postquantum.com/industry-news/ibm-condor/,,🔎
ibm-condor,fab,fab_sc,primary,superconducting-qubit lithography; 3-D packaging for 50% higher qubit density,technical-whitepaper,https://www.ibm.com/quantum/blog/quantum-roadmap-2033,"§Breaking the 1,000-qubit barrier with Condor (50% qubit density, qubit fabrication + laminate size advances)",✅
ibm-egret,carrier,transmon,primary,"fixed-frequency transmon + flux-tunable couplers; 33 q (DEPLOYED 2022, now RETIRED)",vendor-architecture-page,https://www.ibm.com/quantum/blog/qdc-2024,,🔎
ibm-egret,encoding,enc_bare,primary,Bare two-level subspace — Computational subspace of an anharmonic oscillator; leakage to |2⟩ is the price.,inferred,https://www.ibm.com/quantum/blog/qdc-2024,,🔎
ibm-egret,gate,g_tc,primary,"first IBM flux-tunable couplers, native CZ; coupler bridge from CR to Heron",technical-whitepaper,https://quantum.cloud.ibm.com/docs/en/guides/processor-types,§Heron ('Heron is an Eagle-sized upgrade to Egret'; Osprey signal-delivery innovations),✅
ibm-egret,connect,cx_nn,primary,"heavy-hex, degree ≤3; 33 q",vendor-architecture-page,https://www.ibm.com/quantum/blog/qdc-2024,,🔎
ibm-egret,control,ct_rt,primary,room-temperature RF,vendor-architecture-page,https://www.ibm.com/quantum/blog/qdc-2024,,🔎
ibm-egret,readout,ro_disp,primary,multiplexed dispersive,inferred,https://www.ibm.com/quantum/blog/qdc-2024,,🔎
ibm-egret,code,none,primary,no QEC code run; NISQ device,vendor-architecture-page,https://www.ibm.com/quantum/blog/qdc-2024,,🔎
ibm-egret,decoder,none,primary,no decoder; no QEC run,vendor-architecture-page,https://www.ibm.com/quantum/blog/qdc-2024,,🔎
ibm-egret,interconnect,none,primary,"monolithic single module, no interconnect",inferred,https://www.ibm.com/quantum/blog/qdc-2024,,🔎
ibm-egret,fab,fab_sc,primary,superconducting-qubit lithography (Nb/Al JJ),inferred,https://www.ibm.com/quantum/blog/qdc-2024,,🔎
ibm-heron-r1,carrier,transmon,primary,fixed-frequency transmon + flux-tunable coupler; 133 q monolithic (DEPLOYED Dec 2023),architecture-paper,https://arxiv.org/html/2410.00916v1,§III.7 (Heron),✅
ibm-heron-r1,encoding,enc_bare,primary,Bare two-level subspace — Computational subspace of an anharmonic oscillator; leakage to |2⟩ is the price.,inferred,https://postquantum.com/industry-news/ibm-heron-r3-pittsburgh/,,🔎
ibm-heron-r1,gate,g_tc,primary,"native CZ via flux-tunable coupler, ZZ-free idling; median CZ error 2.46×10⁻³ (r1, 2023)",architecture-paper,https://arxiv.org/html/2410.00916v1,§III.7; Table 5 (ibm_torino metrics),✅
ibm-heron-r1,connect,cx_nn,primary,"heavy-hex, degree ≤3, mean 2.3; 133 q",architecture-paper,https://arxiv.org/html/2410.00916v1,,🔎
ibm-heron-r1,control,ct_rt,primary,room-temperature RF with high-density flex cabling,architecture-paper,https://arxiv.org/html/2410.00916v1,§III.7 (Heron),✅
ibm-heron-r1,readout,ro_disp,primary,multiplexed dispersive; median readout error 4.81×10⁻² (r1),inferred,https://postquantum.com/industry-news/ibm-heron-r3-pittsburgh/,,🔎
ibm-heron-r1,code,none,primary,no QEC code run on r1; NISQ device,press-technical,https://postquantum.com/industry-news/ibm-heron-r3-pittsburgh/,,🔎
ibm-heron-r1,code,code_mitig,alternate,error mitigation as the occupant of the code slot; no code run on r1,press-technical,https://postquantum.com/industry-news/ibm-heron-r3-pittsburgh/,,🔎
ibm-heron-r1,decoder,none,primary,no decoder; no QEC run,press-technical,https://postquantum.com/industry-news/ibm-heron-r3-pittsburgh/,,🔎
ibm-heron-r1,interconnect,none,primary,monolithic single 133-q die; no interconnect in production,inferred,https://postquantum.com/industry-news/ibm-heron-r3-pittsburgh/,,🔎
ibm-heron-r1,fab,fab_sc,primary,IBM 300 mm Albany superconducting-qubit lithography; flip-chip + TSV + multi-level wiring,inferred,https://postquantum.com/industry-news/ibm-heron-r3-pittsburgh/,,🔎
ibm-heron-r2,carrier,transmon,primary,"fixed-frequency transmon + flux-tunable coupler; 156 q monolithic, 176 tunable couplers (DEPLOYED Jul 2024)",architecture-paper,https://www.nature.com/articles/s41598-026-40381-1,Methods: IBM hardware,🔎
ibm-heron-r2,encoding,enc_bare,primary,Bare two-level subspace — Computational subspace of an anharmonic oscillator; leakage to |2⟩ is the price.,inferred,https://postquantum.com/industry-news/ibm-heron-r3-pittsburgh/,,🔎
ibm-heron-r2,gate,g_tc,primary,"native CZ via flux-tunable coupler, ZZ-free idling; median CZ error 2.03×10⁻³ (2nd source ≈3×10⁻³) (r2, 2024)",architecture-paper-figure,https://www.nature.com/articles/s41598-026-40381-1,"Fig. 5 (ibm_fez CZ edges, 2Q error map); Methods: IBM hardware",✅
ibm-heron-r2,connect,cx_nn,primary,"heavy-hex, degree ≤3, mean 2.3; 156 q, 176 couplers",architecture-paper-figure,https://www.nature.com/articles/s41598-026-40381-1,Fig. 1b (heavy-hexagon embedding); Fig. 5 (ibm_fez connectivity),✅
ibm-heron-r2,control,ct_rt,primary,room-temperature RF with high-density flex cabling; RT RF kept in hybrid with cryo-CMOS flux ASICs in the Mar 2026 demo,vendor-architecture-page,https://research.ibm.com/publications/a-cryo-cmos-control-system-for-large-scale-superconducting-qubit-quantum-computing-part-1,,✅
ibm-heron-r2,control,ct_cryocmos,alternate,"cryo-CMOS flux control demonstrated on r2: 16 programmable flux channels per ASIC, multiple ASICs, hybrid with RT RF (APS, 16 Mar 2026)",vendor-architecture-page,https://research.ibm.com/publications/a-cryo-cmos-control-system-for-large-scale-superconducting-qubit-quantum-computing-part-1,,✅
ibm-heron-r2,readout,ro_disp,primary,multiplexed dispersive; median readout error 1.67×10⁻² (r2); mid-circuit measurement + feed-forward in production (dynamic circuits),architecture-paper-figure,https://www.nature.com/articles/s41598-026-40381-1,Fig. 5 (readout error map); Methods: IBM hardware,✅
ibm-heron-r2,code,code_detect,primary,"rotated_surface magic-state injection with post-selection only; no below-threshold memory, no Λ, no closed-loop correction",architecture-paper-figure,https://www.nature.com/articles/s41598-026-40381-1,"Fig. 3a,b (injection layout, post-selection circuit)",✅
ibm-heron-r2,code,code_magic,alternate,"magic-state injection on ibm_fez (rotated surface): |H_L⟩ 0.8806(2), |T_L⟩ 0.8665(3) at 36.28% acceptance (2026)",architecture-paper-figure,https://www.nature.com/articles/s41598-026-40381-1,"Fig. 3 (magic-state injection); Fig. 4 (|H_L>, |T_L> density matrices)",✅
ibm-heron-r2,decoder,none,primary,no decoder in loop; no closed-loop correction (post-selection / replay only),architecture-paper-figure,https://www.nature.com/articles/s41598-026-40381-1,Fig. 3b (post-selection); Methods: Implementation of the experiment,✅
ibm-heron-r2,interconnect,none,primary,"monolithic single 156-q die; no interconnect in production (m-coupler prototyped on Crossbill, l-coupler on Flamingo)",inferred,https://postquantum.com/industry-news/ibm-heron-r3-pittsburgh/,,🔎
ibm-heron-r2,fab,fab_sc,primary,IBM 300 mm Albany superconducting-qubit lithography; flip-chip + TSV + multi-level wiring,inferred,https://postquantum.com/industry-news/ibm-heron-r3-pittsburgh/,,🔎
ibm-heron-r2,fab,fab_cmos,alternate,"CMOS-fabricated cryo-CMOS flux-control ASICs (16 channels per ASIC, Mar 2026 demo)",vendor-architecture-page,https://research.ibm.com/publications/a-cryo-cmos-control-system-for-large-scale-superconducting-qubit-quantum-computing-part-1,,🔎
ibm-heron-r3,carrier,transmon,primary,"fixed-frequency transmon + flux-tunable coupler; 156 q, 176 couplers, T2 ~350 µs (ibm_pittsburgh, DEPLOYED Jul 2025)",press-technical,https://postquantum.com/industry-news/ibm-heron-r3-pittsburgh/,,✅
ibm-heron-r3,encoding,enc_bare,primary,Bare two-level subspace — Computational subspace of an anharmonic oscillator; leakage to |2⟩ is the price.,inferred,https://postquantum.com/industry-news/ibm-heron-r3-pittsburgh/,,🔎
ibm-heron-r3,gate,g_tc,primary,"native CZ via flux-tunable coupler, ZZ-free idling; median CZ error 1.52×10⁻³ (Jul 2025)",press-technical,https://postquantum.com/industry-news/ibm-heron-r3-pittsburgh/,,✅
ibm-heron-r3,connect,cx_nn,primary,"heavy-hex, degree ≤3, mean 2.3; 57 of 176 couplings below 1×10⁻³ 2Q error (QDC 2025)",vendor-architecture-page,https://www.ibm.com/quantum/blog/qdc-2025,,✅
ibm-heron-r3,control,ct_rt,primary,room-temperature RF with high-density flex cabling,press-technical,https://postquantum.com/industry-news/ibm-heron-r3-pittsburgh/,,🔎
ibm-heron-r3,readout,ro_disp,primary,multiplexed dispersive; median readout error 1.3×10⁻² (Jul 2025); mid-circuit measurement + feed-forward in production,press-technical,https://postquantum.com/industry-news/ibm-heron-r3-pittsburgh/,,✅
ibm-heron-r3,code,code_detect,primary,"spacetime detection code: 70 data + 27 syndrome q, 2,869 CZ, ~10× error suppression, fidelity bound 0.284 at 0.059% acceptance (Jul 2026)",architecture-paper-figure,https://arxiv.org/abs/2607.25941,"Fig. 1, Fig. 2 (doped Clifford in spacetime codes); SI §S1.2",✅
ibm-heron-r3,code,code_mitig,alternate,"error mitigation as the occupant of the code slot; no below-threshold memory, no closed-loop correction",press-technical,https://postquantum.com/industry-news/ibm-heron-r3-pittsburgh/,,🔎
ibm-heron-r3,code,code_magic,alternate,"rotated_surface magic-state injection (ibm_fez): |H_L⟩ 0.8806(2), |T_L⟩ 0.8665(3) at 36.28% acceptance",architecture-paper,https://www.nature.com/articles/s41598-026-40381-1,,🔎
ibm-heron-r3,decoder,none,primary,"no decoder in loop; detection with post-selection, no closed-loop correction",architecture-paper-figure,https://arxiv.org/abs/2607.25941,"Fig. 1c (fault classification, rejected faults); SI §S2",✅
ibm-heron-r3,interconnect,none,primary,"monolithic single 156-q die; no interconnect in production (m-coupler prototyped on Crossbill, l-coupler on Flamingo)",inferred,https://postquantum.com/industry-news/ibm-heron-r3-pittsburgh/,,🔎
ibm-heron-r3,fab,fab_sc,primary,IBM 300 mm Albany superconducting-qubit lithography; flip-chip + TSV + multi-level wiring,inferred,https://postquantum.com/industry-news/ibm-heron-r3-pittsburgh/,,🔎
ibm-nighthawk-r1,carrier,transmon,primary,fixed-frequency transmon + next-generation tunable couplers; 120 programmable qubits (deployed Dec 2025),technical-whitepaper,https://www.ibm.com/quantum/blog/qdc-2025,Fig. (chip photo: 'IBM Quantum Nighthawk chip'); text: 120-qubit Nighthawk unveiled,✅
ibm-nighthawk-r1,encoding,enc_bare,primary,bare transmon two-level subspace; no encoding beyond the physical qubit,inferred,https://www.ibm.com/quantum/blog/nighthawk-r2,,🔎
ibm-nighthawk-r1,gate,g_tc,primary,"native CZ via next-generation tunable couplers, ""Heron-class gate fidelity""; 5,000 2Q gates at r1 (Dec 2025)",technical-whitepaper,https://www.ibm.com/quantum/blog/qdc-2025,"§New capabilities for scaling advantage (couplers 176→218; 30% more complex circuits, fewer SWAPs)",✅
ibm-nighthawk-r1,connect,cx_nn,primary,"square lattice, degree 4 — IBM's first departure from heavy-hex since 2021",technical-whitepaper,https://www.ibm.com/quantum/blog/qdc-2025,Fig. ('Nighthawk's qubit plane includes 120 qubits arranged in a square lattice'),✅
ibm-nighthawk-r1,control,ct_rt,primary,room-temperature RF control,press-technical,https://www.ibm.com/quantum/blog/nighthawk-r2,,🔎
ibm-nighthawk-r1,readout,ro_disp,primary,multiplexed dispersive readout,inferred,https://www.ibm.com/quantum/blog/nighthawk-r2,,🔎
ibm-nighthawk-r1,code,none,primary,no QEC code; explicitly the pre-fault-tolerance advantage vehicle,press-technical,https://www.ibm.com/quantum/blog/nighthawk-r2,,🔎
ibm-nighthawk-r1,code,code_mitig,alternate,"no code; code slot occupied by error mitigation for observable estimation (5,000 2Q gates at r1)",press-technical,https://www.ibm.com/quantum/blog/nighthawk-r2,,🔎
ibm-nighthawk-r1,decoder,none,primary,no decoder; no QEC run,press-technical,https://www.ibm.com/quantum/blog/nighthawk-r2,,🔎
ibm-nighthawk-r1,interconnect,none,primary,"monolithic single 120-qubit module, no interconnect",inferred,https://www.ibm.com/quantum/blog/nighthawk-r2,,🔎
ibm-nighthawk-r1,fab,fab_sc,primary,"IBM Albany 300 mm superconducting-qubit fab (IBM claims 50% shorter processor development, 10× complexity headroom vs 200 mm)",technical-whitepaper,https://www.ibm.com/quantum/blog/qdc-2025,"§New capabilities for scaling advantage (all chips start on 300 mm wafers, Albany NanoTech; 2x R&D speed, 10x complexity)",🔎
ibm-nighthawk-r2,carrier,transmon,primary,fixed-frequency transmon; 120 programmable qubits; 458 on-chip elements = 120 qubits + 218 tunable couplers + 120 reset elements (GA 31 Aug 2026),architecture-paper,https://www.ibm.com/quantum/blog/nighthawk-r2,§ IBM Quantum Nighthawk r2—more circuits faster,✅
ibm-nighthawk-r2,encoding,enc_bare,primary,bare transmon two-level subspace; no encoding beyond the physical qubit,inferred,https://www.ibm.com/quantum/blog/nighthawk-r2,,🔎
ibm-nighthawk-r2,gate,g_tc,primary,"native CZ via 218 next-generation tunable couplers, ""Heron-class gate fidelity""; 7,500+ gates with accurate observable estimation (Aug 2026)",architecture-paper,https://www.ibm.com/quantum/blog/nighthawk-r2,§ IBM Quantum Nighthawk r2—more circuits faster,✅
ibm-nighthawk-r2,connect,cx_nn,primary,"square lattice, degree 4 (first departure from heavy-hex since 2021)",architecture-paper,https://www.ibm.com/quantum/blog/nighthawk-r2,§ IBM Quantum Nighthawk r2—more circuits faster,✅
ibm-nighthawk-r2,control,ct_rt,primary,room-temperature RF; each qubit has a high-dynamic-range tunable coupler to a cold dissipative bath for on-demand reset,architecture-paper,https://www.ibm.com/quantum/blog/nighthawk-r2,"§ Accelerating computations with independent, high-speed qubit reset",✅
ibm-nighthawk-r2,readout,ro_reset,primary,"dissipative reset via 120 dedicated reset elements: effective T1 ~200 µs → ~25 ns on demand, idle ~1 µs, init error ÷25, neighbours undegraded (Aug 2026)",architecture-paper,https://www.ibm.com/quantum/blog/nighthawk-r2,"§ Accelerating computations with independent, high-speed qubit reset",✅
ibm-nighthawk-r2,readout,ro_disp,alternate,"multiplexed dispersive readout, paired with on-demand dissipative reset (effective T1 ~25 ns, init error ÷25)",press-technical,https://www.ibm.com/quantum/blog/nighthawk-r2,,✅
ibm-nighthawk-r2,code,none,primary,no QEC code; explicitly the pre-fault-tolerance advantage vehicle,architecture-paper,https://www.ibm.com/quantum/blog/nighthawk-r2,§ Built for quantum error correction,🔎
ibm-nighthawk-r2,code,code_mitig,alternate,"no code; code slot occupied by error mitigation: 7,500+ gates with accurate observable estimation (Aug 2026)",architecture-paper,https://www.ibm.com/quantum/blog/nighthawk-r2,§ Quantum advantage and other early results on Nighthawk r2,✅
ibm-nighthawk-r2,decoder,none,primary,no decoder; no QEC run,press-technical,https://www.ibm.com/quantum/blog/nighthawk-r2,,🔎
ibm-nighthawk-r2,interconnect,none,primary,"monolithic single 120-qubit module, no interconnect; 3-module config planned",inferred,https://www.ibm.com/quantum/blog/nighthawk-r2,,🔎
ibm-nighthawk-r2,interconnect,ic_mcm,alternate,"planned: up to three 120-q modules (360 q) in 2026, not announced as delivered; ≥1,000 q via l-couplers 2027; ~1,080 q (9×120) in 2028",technical-whitepaper,https://www.ibm.com/roadmaps/quantum/2026/,,🔎
ibm-nighthawk-r2,fab,fab_sc,primary,"IBM Albany 300 mm superconducting-qubit fab (IBM claims 50% shorter processor development, 10× complexity headroom vs 200 mm)",press-technical,https://www.ibm.com/quantum/blog/nighthawk-r2,,🔎
ibm-loon,carrier,transmon,primary,"fixed-frequency transmon; IBM published no qubit count, secondary sources say ~112 (unconfirmed)",technical-whitepaper,https://www.ibm.com/quantum/blog/qdc-2025,"Fig. (chip photos: 'IBM Quantum Loon (Credit: IBM)', 3 images); §Building our fault-tolerant architecture",✅
ibm-loon,encoding,enc_bare,primary,bare transmon two-level subspace; no encoding beyond the physical qubit,inferred,https://www.ibm.com/quantum/blog/qdc-2025,,🔎
ibm-loon,gate,g_tc,primary,tunable couplers,press-technical,https://www.ibm.com/quantum/blog/qdc-2025,,🔎
ibm-loon,connect,cx_lr,primary,"c-couplers: long-range on-chip couplers giving up to degree 6, as [[144,12,12]] needs; Tanner-graph connectivity testbed, not a regular lattice (Nov 2025)",technical-whitepaper,https://www.ibm.com/quantum/blog/qdc-2025,§Building our fault-tolerant architecture (6-way qubit connections; physically longer couplers; more routing layers),✅
ibm-loon,control,ct_rt,primary,room-temperature RF control,press-technical,https://www.ibm.com/quantum/blog/qdc-2025,,🔎
ibm-loon,readout,ro_reset,primary,integrated on-chip qubit reset gadgets alongside dispersive readout (Nov 2025),technical-whitepaper,https://www.ibm.com/quantum/blog/qdc-2025,§Building our fault-tolerant architecture (reset gadgets that quickly reset the qubit to the ground state),✅
ibm-loon,readout,ro_disp,alternate,dispersive readout; integrated qubit reset gadgets,press-technical,https://www.ibm.com/quantum/blog/qdc-2025,,🔎
ibm-loon,code,none,primary,no QEC run as of Sep 2026; component testbed proving all key processor components for fault tolerance on one die,technical-whitepaper,https://www.ibm.com/quantum/blog/qdc-2025,§Building our fault-tolerant architecture (proof-of-concept processor for qLDPC components; 'almost out of fabrication'),✅
ibm-loon,code,code_qldpc,alternate,"not run; target code is [[144,12,12]] gross qLDPC, whose degree-6 connectivity the chip provides; feeds Kookaburra",technical-whitepaper,https://www.ibm.com/quantum/blog/qdc-2025,§Building our fault-tolerant architecture (key components needed to implement our qLDPC codes),✅
ibm-loon,decoder,none,primary,no decoder run on Loon; no QEC experiment (targets dec_relaybp),press-technical,https://www.ibm.com/quantum/blog/qdc-2025,,🔎
ibm-loon,decoder,dec_relaybp,alternate,"not run on Loon; target Relay-BP for [[144,12,12]] on AMD VU19P FPGA, <1 µs per cycle, on stored syndromes only",architecture-paper-figure,https://arxiv.org/abs/2510.21600,Fig. 2 (Relay-BP FPGA decoder architecture); Fig. 5 (XCVU19P floorplan); §4,🔎
ibm-loon,interconnect,none,primary,"monolithic single die, no inter-module link; long couplers cross via multi-layer routing + TSV-style vertical interconnect on-chip",technical-whitepaper,https://www.ibm.com/quantum/blog/qdc-2025,§Building our fault-tolerant architecture (extra routing layers on the chip surface; longer on-chip couplers),✅
ibm-loon,fab,fab_sc,primary,300 mm; multiple high-quality low-loss routing layers + TSV-style vertical interconnect so long couplers cross without interference,technical-whitepaper,https://www.ibm.com/quantum/blog/qdc-2025,Fig. ('IBM researcher holding a 300mm IBM Quantum Loon wafer'); §Building our fault-tolerant architecture,✅
ibm-kookaburra,carrier,transmon,primary,"fixed-frequency transmon; PLANNED 2026 module, not delivered as of 15 Sep 2026",technical-whitepaper,https://www.ibm.com/roadmaps/quantum/2026/,,🔎
ibm-kookaburra,encoding,enc_bare,primary,Bare two-level subspace — Computational subspace of an anharmonic oscillator; leakage to |2⟩ is the price.,inferred,https://www.ibm.com/roadmaps/quantum/2026/,,🔎
ibm-kookaburra,gate,g_tc,primary,tunable coupler + c-coupler; named first c-coupler vehicle (PLANNED),architecture-paper,https://arxiv.org/abs/2506.03094,,🔎
ibm-kookaburra,connect,cx_lr,primary,"degree-6 Tanner graph for gross [[144,12,12]] code (intended)",architecture-paper-figure,https://arxiv.org/abs/2506.03094,Fig. 1a (bicycle architecture: long-range-connected modular hardware),✅
ibm-kookaburra,control,ct_rt,primary,room-temperature RF (intended),technical-whitepaper,https://www.ibm.com/roadmaps/quantum/2026/,,🔎
ibm-kookaburra,readout,ro_disp,primary,dispersive (intended),inferred,https://www.ibm.com/roadmaps/quantum/2026/,,🔎
ibm-kookaburra,code,code_qldpc,primary,"gross [[144,12,12]] qLDPC memory with attached logical processing unit (LPU); PLANNED 2026, not demonstrated",architecture-paper-figure,https://arxiv.org/abs/2506.03094,Fig. 1a (qLDPC bicycle architecture); §2.1 Review of bivariate bicycle codes,✅
ibm-kookaburra,decoder,dec_relaybp,primary,"Relay-BP on FPGA for [[144,12,12]], intended in-loop; hardware testing expected as early as 2026 with Kookaburra",architecture-paper-figure,https://arxiv.org/abs/2510.21600,Fig. 8b (Kookaburra memory experiment real-time budget); Fig. 5 (XCVU19P floorplan),✅
ibm-kookaburra,interconnect,ic_mcm,primary,multi-chip module interconnect (intended); not delivered,architecture-paper-figure,https://arxiv.org/abs/2506.03094,"Fig. 2 (module components: code, LPU, factory, code-code adapter)",✅
ibm-kookaburra,fab,fab_sc,primary,superconducting-qubit lithography (Nb/Al JJ),inferred,https://www.ibm.com/roadmaps/quantum/2026/,,🔎
ibm-cockatoo,carrier,transmon,primary,fixed-frequency transmon; Kookaburra-class modules (PLANNED 2027),technical-whitepaper,https://www.ibm.com/roadmaps/quantum/2026/,,🔎
ibm-cockatoo,encoding,enc_bare,primary,bare transmon two-level subspace; no encoding beyond the physical qubit,inferred,https://www.ibm.com/roadmaps/quantum/2026/,,🔎
ibm-cockatoo,gate,g_tc,primary,tunable coupler (stations as Kookaburra),vendor-architecture-page,https://www.ibm.com/quantum/blog/qdc-2024,,🔎
ibm-cockatoo,connect,cx_lr,primary,"l-coupler (""universal adapter"") on ~1 m in-fridge link; 2Q 99.3% measured Aug 2026 vs 99.9% required",architecture-paper-figure,https://arxiv.org/abs/2506.03094,Fig. 1a (long-range-connected modular hardware),✅
ibm-cockatoo,control,ct_rt,primary,room-temperature RF control,technical-whitepaper,https://www.ibm.com/roadmaps/quantum/2026/,,🔎
ibm-cockatoo,readout,ro_disp,primary,dispersive readout,inferred,https://www.ibm.com/roadmaps/quantum/2026/,,🔎
ibm-cockatoo,code,code_qldpc,primary,"gross code (bivariate-bicycle qLDPC, [[144,12,12]]), intended; bicycle architecture",architecture-paper-figure,https://arxiv.org/abs/2506.03094,Fig. 1a (qLDPC bicycle architecture); §2.1 Review of bivariate bicycle codes,✅
ibm-cockatoo,decoder,dec_relaybp,primary,"Relay-BP, intended in-loop; FPGA (AMD VU19P) demo 24 ns/BP iteration, <1 µs avg per cycle on stored [[144,12,12]] syndromes",architecture-paper-figure,https://arxiv.org/abs/2510.21600,Fig. 5 (12-cycle gross-code decoder floorplan on AMD XCVU19P); §4,✅
ibm-cockatoo,interconnect,ic_mcm,primary,"two Kookaburra-class modules entangled via l-coupler / ""universal adapter"" (PLANNED 2027); ~1 m in-fridge link, 99.3% 2Q (Aug 2026)",architecture-paper-figure,https://arxiv.org/abs/2506.03094,Fig. 2 (module connectivity; code-code adapter between modules),✅
ibm-cockatoo,fab,fab_sc,primary,"Superconducting-qubit lithography (Nb/Al JJ, 300 mm) — IBM Albany 300 mm / Anderon foundry; Google Santa Barbara; Rigetti ABAA trimming (97.4% frequency-targeting success); OQC 500-qubit wafer-scale…",inferred,https://www.ibm.com/roadmaps/quantum/2026/,,🔎
ibm-starling,carrier,transmon,primary,"fixed-frequency transmon; planned ~12 cryogenic modules × ≥2,000 physical qubits, order 20–25 k physical (2029, Poughkeepsie)",press-technical,https://www.ibm.com/quantum/blog/large-scale-ftqc,,✅
ibm-starling,encoding,enc_bare,primary,bare transmon two-level subspace; no encoding beyond the physical qubit,inferred,https://www.ibm.com/quantum/blog/large-scale-ftqc,,🔎
ibm-starling,gate,g_tc,primary,tunable coupler + c/l-couplers (planned),press-technical,https://www.ibm.com/quantum/blog/large-scale-ftqc,,🔎
ibm-starling,connect,cx_lr,primary,"bicycle architecture: BB qLDPC memory blocks + logical processing units, l-coupled modules; degree 6",architecture-paper-figure,https://arxiv.org/abs/2506.03094,Fig. 1a (long-range modular vs short-range monolithic); §1.2,✅
ibm-starling,control,ct_rt,primary,room-temperature RF + cryo-CMOS (planned),press-technical,https://www.ibm.com/quantum/blog/large-scale-ftqc,,🔎
ibm-starling,control,ct_cryocmos,alternate,cryo-CMOS control alongside room-temperature RF (planned),press-technical,https://www.ibm.com/quantum/blog/large-scale-ftqc,,🔎
ibm-starling,readout,ro_disp,primary,dispersive readout (planned); no machine-specific source,inferred,https://www.ibm.com/quantum/blog/large-scale-ftqc,,🔎
ibm-starling,code,code_qldpc,primary,"bivariate-bicycle qLDPC (gross [[144,12,12]]; qcga; bb288) memory blocks + LPUs; target 200 logical qubits running 10⁸ logical gates (2029)",architecture-paper-figure,https://arxiv.org/abs/2506.03094,"Fig. 2 (module components: code c, LPU u); §2.1 Review of bivariate bicycle codes",✅
ibm-starling,code,code_magic,alternate,magic-state resource alongside BB qLDPC memory in the bicycle architecture (register: gross; qcga; bb288); planned 2029,architecture-paper-figure,https://arxiv.org/abs/2506.03094,"Fig. 2 (factory f, code-factory adapter a′); §2.5 T injections",✅
ibm-starling,decoder,dec_relaybp,primary,"Relay-BP on FPGA/ASIC, intended in-loop; FPGA demo [[144,12,12]] AMD VU19P: 24 ns/BP iteration, <1 µs per cycle on stored syndromes, not closed loop",architecture-paper-figure,https://arxiv.org/abs/2510.21600,Fig. 2 (Relay-BP FPGA decoder architecture); Fig. 5 (XCVU19P floorplan); §4,✅
ibm-starling,interconnect,ic_mcm,primary,l-coupled cryogenic modules (~12); enabler l-coupler 2Q 99.3% over ~1 m in-fridge link (Aug 2026) vs 99.9% required,architecture-paper-figure,https://arxiv.org/abs/2506.03094,Fig. 2 (module connectivity: linear/triangular); §2.4 Inter-module measurements,✅
ibm-starling,fab,fab_sc,primary,superconducting-qubit lithography (IBM); no machine-specific fab source,inferred,https://www.ibm.com/quantum/blog/large-scale-ftqc,,🔎
ibm-starling,fab,fab_cmos,alternate,300 mm CMOS foundry for cryo-CMOS control (planned); no machine-specific fab source,inferred,https://www.ibm.com/quantum/blog/large-scale-ftqc,,🔎
ibm-bluejay,carrier,transmon,primary,"fixed-frequency transmon; 2,000 logical qubits, 10⁹ logical gates (PLANNED 2033+)",vendor-architecture-page,https://www.ibm.com/quantum/blog/large-scale-ftqc,,🔎
ibm-bluejay,encoding,enc_bare,primary,bare transmon two-level subspace; no encoding beyond the physical qubit,inferred,https://www.ibm.com/quantum/blog/large-scale-ftqc,,🔎
ibm-bluejay,gate,g_tc,primary,tunable coupler + l-couplers (same stations as Starling),vendor-architecture-page,https://www.ibm.com/quantum/blog/large-scale-ftqc,,🔎
ibm-bluejay,connect,cx_lr,primary,"l-coupled modules distributed across sites; 2,000 logical qubits, 10⁹ logical gates (PLANNED 2033+)",architecture-paper,https://arxiv.org/abs/2506.03094,§1 Introduction (intra-module couplers tens of sites long; long-range inter-module couplers),✅
ibm-bluejay,control,ct_rt,primary,room-temperature RF + cryo-CMOS (register; same stations as Starling),vendor-architecture-page,https://www.ibm.com/quantum/blog/large-scale-ftqc,,🔎
ibm-bluejay,control,ct_cryocmos,alternate,cryo-CMOS alongside room-temperature RF (register; same stations as Starling),vendor-architecture-page,https://www.ibm.com/quantum/blog/large-scale-ftqc,,🔎
ibm-bluejay,readout,ro_disp,primary,dispersive readout,inferred,https://www.ibm.com/quantum/blog/large-scale-ftqc,,🔎
ibm-bluejay,code,code_qldpc,primary,gross / bivariate-bicycle qLDPC memory blocks + LPUs (bicycle architecture); register codes gross;qcga,architecture-paper-figure,https://arxiv.org/abs/2506.03094,"Fig. 2 (module components: code c, LPU u, adapters); §2.1 Review of bivariate bicycle codes",✅
ibm-bluejay,code,code_magic,alternate,magic-state station as in Starling stations (code_qldpc + code_magic); register codes gross;qcga,architecture-paper-figure,https://arxiv.org/abs/2506.03094,"Fig. 2 (factory f, code-factory adapter a'); §2.5 T injections",✅
ibm-bluejay,decoder,dec_relaybp,primary,"Relay-BP on FPGA/ASIC, intended in-loop; FPGA demo 24 ns/BP iteration, <1 µs avg per cycle on stored [[144,12,12]] syndromes",architecture-paper-figure,https://arxiv.org/abs/2510.21600,Fig. 2 (Relay-BP FPGA decoder architecture); §4 Realization; §5 Resource utilization,✅
ibm-bluejay,interconnect,ic_mcm,primary,l-coupled cryogenic modules (same stations as Starling); Blue Jay stated as distributed across sites,architecture-paper-figure,https://arxiv.org/abs/2506.03094,Fig. 2 (module connectivity: linear / triangular arrangements); §2.4 Inter-module measurements,✅
ibm-bluejay,fab,fab_sc,primary,"Superconducting-qubit lithography (Nb/Al JJ, 300 mm) — IBM Albany 300 mm / Anderon foundry; Google Santa Barbara; Rigetti ABAA trimming (97.4% frequency-targeting success); OQC 500-qubit wafer-scale…",inferred,https://www.ibm.com/quantum/blog/large-scale-ftqc,,🔎
ibm-bluejay,fab,fab_cmos,alternate,fab_cmos as in Starling stations (cryo-CMOS control); no Blue Jay-specific fab source,inferred,https://www.ibm.com/quantum/blog/large-scale-ftqc,,🔎
google-sycamore-54,carrier,transmon,primary,"frequency-tunable transmon (asymmetric SQUID), Al junctions; 54 fabricated, 53 operational; T1 ≈ 20 µs (2019)",architecture-paper-figure,https://www.nature.com/articles/s41586-019-1666-5,Fig. 1a-b (54-qubit layout; chip photograph); SI §II Fabrication and layout,✅
google-sycamore-54,encoding,enc_bare,primary,bare transmon two-level subspace; no encoding beyond the physical qubit,inferred,https://www.nature.com/articles/s41586-019-1666-5,,🔎
google-sycamore-54,gate,g_tc,primary,"86 tunable couplers; iSWAP-like fSim, ~20 MHz on resonance for 12 ns + CPhase; 1Q 25 ns; 2Q Pauli 0.36% isolated, 0.62% simultaneous",architecture-paper-figure,https://www.nature.com/articles/s41586-019-1666-5,"Fig. 1a (couplers, blue); Fig. 3b (1Q/2Q gate control waveforms); SI §II (88 adjustable couplers)",✅
google-sycamore-54,connect,cx_nn,primary,"square lattice, degree 4; 53 operational qubits, 86 couplers",architecture-paper-figure,https://www.nature.com/articles/s41586-019-1666-5,"Fig. 1a (rectangular array, each qubit coupled to four nearest neighbours)",✅
google-sycamore-54,control,ct_rt,primary,"277 DACs (14-bit, 1 GS/s) at room temperature; ≈5.2 lines per qubit (53 q)",architecture-paper-figure,https://arxiv.org/abs/1910.11333,"SI Fig. S2 (control electronics, DAC module); Fig. S3 (cryogenic wiring); Fig. S4 (chassis); SI §III.1",✅
google-sycamore-54,readout,ro_disp,primary,frequency-multiplexed dispersive readout,architecture-paper-figure,https://arxiv.org/abs/1910.11333,"SI Fig. S2c (readout chain: AWG, amplification, IF mixing, ADCs); SI §III.2 Readout",✅
google-sycamore-54,code,none,primary,"no QEC code run; NISQ device (RCS, Oct 2019); small-code characterisation only",architecture-paper-figure,https://www.nature.com/articles/s41586-019-1666-5,Fig. 4 (RCS supremacy demo; no QEC experiment); SI §I (architecture suited to future surface-code tests),✅
google-sycamore-54,decoder,none,primary,"no decoder; NISQ device, no QEC loop",architecture-paper,https://www.nature.com/articles/s41586-019-1666-5,,🔎
google-sycamore-54,interconnect,ic_multidie,primary,"one qubit die + control die, flip-chip with indium bump-bonds between two silicon wafers; no inter-module interconnect",architecture-paper,https://www.nature.com/articles/s41586-019-1666-5,§Building a high-fidelity processor (indium bump-bonds between two Si wafers); SI Fig. S1 (packaged chip),✅
google-sycamore-54,fab,fab_sc,primary,Al Josephson junctions; two-wafer flip-chip with indium bump-bonds (packaging lineage Google still uses),architecture-paper,https://www.nature.com/articles/s41586-019-1666-5,"§Building a high-fidelity processor (Al metallization + JJs, indium bump-bonds); SI §II Fabrication and layout",✅
google-sycamore-72,carrier,transmon,primary,"frequency-tunable transmon, 72 qubits; T1 mean 20 µs, T2,CPMG mean 30 µs (2022)",architecture-paper-figure,https://www.nature.com/articles/s41586-022-05434-1,"Fig. 1a (72-qubit Sycamore device, d=5 embedding)",✅
google-sycamore-72,encoding,enc_bare,primary,bare transmon two-level subspace; no encoding beyond the physical qubit,inferred,https://www.nature.com/articles/s41586-022-05434-1,,🔎
google-sycamore-72,gate,g_tc,primary,tunable-coupler CZ 34 ns; 1Q 25 ns; reset 160 ns; full QEC cycle 921 ns (2022),architecture-paper-figure,https://www.nature.com/articles/s41586-022-05434-1,"Fig. 1b (stabilizer circuit, CZ gates); Fig. 1c (CZ error CDF)",✅
google-sycamore-72,connect,cx_nn,primary,"degree-4 square lattice, 72 transmons + 121 tunable couplers",architecture-paper-figure,https://www.nature.com/articles/s41586-022-05434-1,Fig. 1a (square-lattice layout); Fig. 1b (four NN CZs),✅
google-sycamore-72,control,ct_rt,primary,room-temperature DACs,architecture-paper,https://www.nature.com/articles/s41586-022-05434-1,,🔎
google-sycamore-72,readout,ro_reset,primary,reset 160 ns as a QEC-cycle budget line item (no station); 500 ns measurement within 921 ns cycle,architecture-paper-figure,https://www.nature.com/articles/s41586-022-05434-1,"Fig. 1b (MR step, 921-ns cycle budget); Fig. 4a (measure+reset error)",✅
google-sycamore-72,readout,ro_disp,alternate,"dispersive readout, 500 ns measurement (2022)",architecture-paper-figure,https://www.nature.com/articles/s41586-022-05434-1,Fig. 1b (measure and reset); Fig. 1c (Meas. error CDF),✅
google-sycamore-72,code,code_surface,primary,"rotated/XZZX surface: d=5 2.914(16)% vs d=3 3.028(23)% logical error/cycle, Λ₃/₅ ≈ 1.04; d=25 repetition floor 1.7e-6/round",architecture-paper-figure,https://www.nature.com/articles/s41586-022-05434-1,Fig. 1a (d=5 code); Fig. 3 (logical error d=5 vs d=3); Fig. 4b (repetition),✅
google-sycamore-72,decoder,dec_mwpm,primary,"matching / tensor-network decoding, offline",architecture-paper,https://www.nature.com/articles/s41586-022-05434-1,§Decoding and logical error probabilities,✅
google-sycamore-72,decoder,dec_nn,alternate,AlphaQubit neural decoder trained on this device's d=3/d=5 data; offline,architecture-paper,https://www.nature.com/articles/s41586-022-05434-1,,🔎
google-sycamore-72,decoder,none,alternate,"decoding offline only (matching / tensor-network, AlphaQubit); no in-loop deployment",architecture-paper,https://www.nature.com/articles/s41586-022-05434-1,§Decoding and logical error probabilities,🔎
google-sycamore-72,interconnect,ic_multidie,primary,single processor module in the Sycamore flip-chip lineage; no inter-module interconnect,inferred,https://www.nature.com/articles/s41586-022-05434-1,,🔎
google-sycamore-72,fab,fab_sc,primary,"Superconducting-qubit lithography (Nb/Al JJ, 300 mm) — IBM Albany 300 mm / Anderon foundry; Google Santa Barbara; Rigetti ABAA trimming (97.4% frequency-targeting success); OQC 500-qubit wafer-scale…",inferred,https://www.nature.com/articles/s41586-022-05434-1,,🔎
google-willow,carrier,transmon,primary,"frequency-tunable transmon, participation-ratio engineered; 105 q; T1 mean 68 ± 13 µs, T2,CPMG 89 µs (Dec 2024)",architecture-paper-figure,https://arxiv.org/abs/2408.13687,"Fig. 1a (105-qubit processor, d=7 layout); SI §IV.B (qubit lifetime)",✅
google-willow,encoding,enc_bare,primary,bare transmon two-level subspace; no encoding beyond the physical qubit,inferred,https://arxiv.org/abs/2408.13687,,🔎
google-willow,gate,g_tc,primary,"tunable transmon couplers, native CZ 42 ns; 1Q XY 25 ns, 1Q error 6.2e-4; QEC cycle 1.1 µs (Dec 2024)",architecture-paper-figure,https://arxiv.org/abs/2408.13687,"Fig. 2a (cycle circuit, CZ); Fig. 1b (CZ error CDF); SI §I",✅
google-willow,connect,cx_nn,primary,"square lattice on one 105-qubit die; average connectivity 3.47 (interior degree 4, boundary-limited)",architecture-paper-figure,https://arxiv.org/abs/2408.13687,Fig. 1a (square-lattice d=7 surface-code layout),✅
google-willow,control,ct_rt,primary,"room-temperature control; QEC loop classifies on control electronics, ships to a dedicated workstation over low-latency Ethernet",architecture-paper,https://arxiv.org/abs/2408.13687,SI §III.D.1 (real-time decoding system: technical requirements); SI §II,✅
google-willow,readout,∅G-lru,primary,DQLR + 4 dedicated leakage-removal qubits in the 101-qubit d=7 patch; leakage rate not published as a single number,architecture-paper-figure,https://arxiv.org/abs/2408.13687,"Fig. 1a (leakage-removal qubits, green); Fig. 2a,d (DQLR)",✅
google-willow,readout,ro_disp,alternate,frequency-multiplexed dispersive; readout error 0.8e-2 (Dec 2024); multiplexing factor unpublished,architecture-paper,https://arxiv.org/abs/2408.13687,SI §I (gates and readout); Fig. 1b blue (measurement error CDF),✅
google-willow,code,code_surface,primary,"rotated/XZZX surface: d=7 (101 q) 0.143%/cycle, Λ = 2.14, logical lifetime 291 µs, 2.4× beyond break-even (Dec 2024)",architecture-paper-figure,https://arxiv.org/abs/2408.13687,"Fig. 1a,c,d (d=3/5/7 memory, Λ fit); §II",✅
google-willow,code,code_color,alternate,"triangular colour code: d=5 at 8.19(14)e-3 logical error/cycle, Tesseract decoder, RL-calibrated (2026)",architecture-paper,https://arxiv.org/abs/2511.08493,,✅
google-willow,code,code_magic,alternate,"magic-state cultivation in d=3 colour code, grafted into d=5 XZZX surface on 54 q; |T⟩ error 1(1)e-4 at ~8% acceptance, ~40× below injection",architecture-paper,https://arxiv.org/abs/2512.13908,,✅
google-willow,decoder,dec_mwpm,primary,"sparse-blossom MWPM in loop on off-chip workstation: d=5 for 10⁶ cycles, 63 µs mean latency vs 1.1 µs cycle (Dec 2024)",architecture-paper-figure,https://arxiv.org/abs/2408.13687,"Fig. 4 (real-time streaming decoder, latency); §V; SI §III.D.2",✅
google-willow,decoder,dec_nn,alternate,AlphaQubit2 neural decoder: sub-1 µs/cycle at surface d=11; first real-time colour-code decoding at d=9,architecture-paper,https://arxiv.org/abs/2512.07737,,✅
google-willow,decoder,dec_rl,alternate,"RL in-situ calibration, >1,000 parameters tuned live on d=5/d=7; d=7 at 7.72(9)e-4 logical error/cycle with AlphaQubit2 (Jul 2026)",architecture-paper,https://arxiv.org/abs/2511.08493,,✅
google-willow,interconnect,none,primary,"monolithic single 105-qubit die; no Google inter-chip coupler, chiplet or MCM work found",inferred,https://arxiv.org/abs/2408.13687,,🔎
google-willow,fab,fab_sc,primary,Google's own Santa Barbara fab; coherence gains from improved fabrication and participation-ratio engineering,architecture-paper,https://arxiv.org/abs/2408.13687,,✅
google-willow,fab,∅G-calib,alternate,"Snake optimiser splits ~3N-dim frequency problem; ~3.7× cycle-error suppression, mean cycle error ~7.2e-3, ~40× narrower distribution",architecture-paper,https://www.nature.com/articles/s41467-024-46623-y,,✅
google-fluxonium,carrier,fluxonium,primary,"fluxonium line from Atlantic Quantum, joined Google Quantum AI 3 Oct 2025; no Google fluxonium device, qubit count or fidelity published",press-technical,https://thequantuminsider.com/2025/10/03/atlantic-quantum-joins-google-quantum-ai/,,✅
google-fluxonium,encoding,enc_bare,primary,bare fluxonium two-level subspace; no encoding beyond the physical qubit,inferred,https://thequantuminsider.com/2025/10/03/atlantic-quantum-joins-google-quantum-ai/,,🔎
google-fluxonium,gate,∅G-rip,primary,"resonator-induced-phase (RIP) 2Q, academic reference (not Google): 2Q >99%, parallel 1Q >99.9%, 5-q GHZ 90% (Aug 2026)",architecture-paper-figure,https://arxiv.org/abs/2608.25503,"Fig. 1a-c (FRF circuit; RIP dispersive-shift spectrum; off-resonant coupler drive); Fig. 3 (refocused RIP CZ, IRB)",✅
google-fluxonium,gate,g_tc,alternate,RIP / parametric all-microwave 2Q (academic ref >99%); note states it is neither g_cr nor g_tc,architecture-paper-figure,https://arxiv.org/abs/2608.25503,Fig. 1a (grounded lumped-element resonator coupler r_ij between floating fluxoniums),✅
google-fluxonium,connect,cx_nn,primary,"connectivity-four fluxonium unit cell with suppressed parasitic interactions (academic reference, Aug 2026)",architecture-paper-figure,https://arxiv.org/abs/2608.25503,Fig. 1d (false-colour micrograph of the connectivity-four device); §II Device architecture,✅
google-fluxonium,control,ct_rt,primary,room-temperature electronics (register); no Google device published,press-technical,https://thequantuminsider.com/2025/10/03/atlantic-quantum-joins-google-quantum-ai/,,🔎
google-fluxonium,control,ct_cryocmos,alternate,acquired modular stack with superconducting control electronics in the cold stage (claimed),press-technical,https://thequantuminsider.com/2025/10/03/atlantic-quantum-joins-google-quantum-ai/,,🔎
google-fluxonium,readout,ro_disp,primary,dispersive readout,inferred,https://thequantuminsider.com/2025/10/03/atlantic-quantum-joins-google-quantum-ai/,,🔎
google-fluxonium,code,none,primary,no QEC code run; no Google fluxonium device published,press-technical,https://thequantuminsider.com/2025/10/03/atlantic-quantum-joins-google-quantum-ai/,,🔎
google-fluxonium,decoder,none,primary,no decoder; no Google fluxonium device published,press-technical,https://thequantuminsider.com/2025/10/03/atlantic-quantum-joins-google-quantum-ai/,,🔎
google-fluxonium,interconnect,none,primary,no device published; no interconnect stated,inferred,https://thequantuminsider.com/2025/10/03/atlantic-quantum-joins-google-quantum-ai/,,🔎
google-fluxonium,fab,fab_sc,primary,"Superconducting-qubit lithography (Nb/Al JJ, 300 mm) — IBM Albany 300 mm / Anderon foundry; Google Santa Barbara; Rigetti ABAA trimming (97.4% frequency-targeting success); OQC 500-qubit wafer-scale…",inferred,https://thequantuminsider.com/2025/10/03/atlantic-quantum-joins-google-quantum-ai/,,🔎
ustc-zuchongzhi-2.1,carrier,transmon,primary,66 tunable transmons in an 11×6 array (Oct 2021); numbers second-hand from a survey,architecture-paper-figure,https://arxiv.org/abs/2109.03494,"Fig. 1a (66-qubit, 110-coupler flip-chip processor schematic); Fig. 1b (qubit circuit)",✅
ustc-zuchongzhi-2.1,encoding,enc_bare,primary,Bare two-level subspace — Computational subspace of an anharmonic oscillator; leakage to |2⟩ is the price.,inferred,https://arxiv.org/abs/2412.11924,,🔎
ustc-zuchongzhi-2.1,gate,g_tc,primary,"tunable coupler (110 couplers); 2Q ≈97–98% (era-typical, second-hand)",architecture-paper-figure,https://arxiv.org/abs/2109.03494,"Fig. 1b (qubit, coupler and readout circuit schematic); Fig. 2c (Pauli error of 99 2Q gates)",✅
ustc-zuchongzhi-2.1,connect,cx_nn,primary,"square lattice, degree 4; 11×6 array with 110 tunable couplers",architecture-paper-figure,https://arxiv.org/abs/2109.03494,"Fig. 1a (11x6 lattice, 110 couplers); Fig. 3a (topology diagram, 60 used qubits)",✅
ustc-zuchongzhi-2.1,control,ct_rt,primary,room-temperature RF,architecture-paper-figure,https://arxiv.org/abs/2109.03494,Fig. 1a (second chip carries all control lines),✅
ustc-zuchongzhi-2.1,readout,ro_disp,primary,dispersive,architecture-paper-figure,https://arxiv.org/abs/2109.03494,Fig. 1b (readout circuit schematic); Fig. 2a (readout error of 60 qubits),✅
ustc-zuchongzhi-2.1,code,none,primary,"no QEC code run (NISQ); RCS only, 56 q × 20 cycles",architecture-paper-figure,https://arxiv.org/abs/2109.03494,Fig. 4a (RCS 60 q x 12-24 cycles; no QEC experiment),✅
ustc-zuchongzhi-2.1,decoder,none,primary,no decoder (no QEC),architecture-paper,https://arxiv.org/abs/2412.11924,,🔎
ustc-zuchongzhi-2.1,interconnect,none,primary,"monolithic single module, no interconnect",architecture-paper-figure,https://arxiv.org/abs/2109.03494,Fig. 1a (single flip-chip module: qubit chip + control-line chip; no inter-module link),✅
ustc-zuchongzhi-2.1,fab,fab_sc,primary,"Superconducting-qubit lithography (Nb/Al JJ, 300 mm) — IBM Albany 300 mm / Anderon foundry; Google Santa Barbara; Rigetti ABAA trimming (97.4% frequency-targeting success); OQC 500-qubit wafer-scale…",architecture-paper-figure,https://arxiv.org/abs/2109.03494,Fig. 1a (two sapphire chips combined by flip-chip technique),✅
ustc-zuchongzhi-3.0,carrier,transmon,primary,"tunable transmon, tantalum–aluminium on sapphire; 105 readable qubits; T1 ≈72 µs, T2 ≈58 µs (averages, Mar 2025)",architecture-paper-figure,https://arxiv.org/abs/2412.11924,"Fig. 1a (flip-chip device, 105 qubits); §II",✅
ustc-zuchongzhi-3.0,encoding,enc_bare,primary,Bare two-level subspace — Computational subspace of an anharmonic oscillator; leakage to |2⟩ is the price.,inferred,https://arxiv.org/abs/2412.11924,,🔎
ustc-zuchongzhi-3.0,gate,g_tc,primary,"tunable couplers (182), CZ-family; 1Q ≈28 ns, 2Q ≈45 ns; parallel 1Q 99.90%, 2Q 99.62% (Mar 2025)",architecture-paper-figure,https://arxiv.org/abs/2412.11924,Fig. 1c (two qubits via coupler); §II,✅
ustc-zuchongzhi-3.0,connect,cx_nn,primary,15×7 rectangular lattice with 182 tunable couplers; average connectivity ≈3.5,architecture-paper-figure,https://arxiv.org/abs/2412.11924,Fig. 1b (qubit/coupler topology),✅
ustc-zuchongzhi-3.0,control,ct_rt,primary,room-temperature RF,architecture-paper-figure,https://arxiv.org/abs/2412.11924,Fig. 1a (control lines on second chip); §II (wiring attenuators),✅
ustc-zuchongzhi-3.0,readout,ro_disp,primary,"dispersive; readout 99.18% (arXiv) / 99.13% (USTC release), sources conflict",architecture-paper-figure,https://arxiv.org/abs/2412.11924,Fig. 1a (readout resonators on second chip); §II,✅
ustc-zuchongzhi-3.0,code,none,primary,"no QEC code run on 3.0 (NISQ); RCS 83 q × 32 cycles, 10⁶ samples in a few hundred seconds; surface-code d=7 work stated separately",architecture-paper,https://arxiv.org/abs/2412.11924,§III (large-scale random circuit sampling),✅
ustc-zuchongzhi-3.0,code,code_mitig,alternate,error mitigation as the code-slot occupant; no mitigation scheme named in the sources,architecture-paper,https://arxiv.org/abs/2412.11924,,🔎
ustc-zuchongzhi-3.0,decoder,none,primary,no decoder (no QEC on 3.0),architecture-paper,https://arxiv.org/abs/2412.11924,,🔎
ustc-zuchongzhi-3.0,interconnect,ic_multidie,primary,"flip-chip: two chips bonded face-to-face, separating qubit layer from routing; one module, no inter-module interconnect",architecture-paper-figure,https://arxiv.org/abs/2412.11924,"Fig. 1a (two sapphire chips, flip-chip)",✅
ustc-zuchongzhi-3.0,fab,fab_sc,primary,"Superconducting-qubit lithography (Nb/Al JJ, 300 mm) — IBM Albany 300 mm / Anderon foundry; Google Santa Barbara; Rigetti ABAA trimming (97.4% frequency-targeting success); OQC 500-qubit wafer-scale…",architecture-paper,https://arxiv.org/abs/2412.11924,§II (fabrication procedure),✅
ustc-zuchongzhi-3.2,carrier,transmon,primary,"tunable transmons + tunable couplers (Zuchongzhi-3 platform); 107 on chip, 97 used for QEC",architecture-paper-figure,https://arxiv.org/abs/2607.01473,Fig. 1b (patches mapped onto superconducting-qubit lattice),🔎
ustc-zuchongzhi-3.2,encoding,enc_bare,primary,Bare two-level subspace — Computational subspace of an anharmonic oscillator; leakage to |2⟩ is the price.,inferred,https://journals.aps.org/prl/abstract/10.1103/rqkg-dw31,,🔎
ustc-zuchongzhi-3.2,gate,g_tc,primary,tunable-coupler CZ (Zuchongzhi-3 platform); 2Q error roughly 2× Google Willow's,architecture-paper,https://journals.aps.org/prl/abstract/10.1103/rqkg-dw31,,🔎
ustc-zuchongzhi-3.2,connect,cx_nn,primary,lattice; coupler geometry not published; d=7 rotated surface code across the 97-qubit patch,architecture-paper-figure,https://arxiv.org/abs/2607.01473,Fig. 1b (d=3 patches mapped onto qubit lattice),✅
ustc-zuchongzhi-3.2,control,ct_rt,primary,"room-temperature RF; all-microwave leakage suppression inside one QEC cycle, avoiding the extra DC lines of DC-pulse leakage removal (Dec 2025)",architecture-paper,https://journals.aps.org/prl/abstract/10.1103/rqkg-dw31,,✅
ustc-zuchongzhi-3.2,readout,∅G-lru,primary,all-microwave leakage-reduction units on data qubits; leakage population suppressed 72× to 6.4(5)×10⁻⁴ after 40 cycles (Dec 2025),architecture-paper,https://journals.aps.org/prl/abstract/10.1103/rqkg-dw31,,✅
ustc-zuchongzhi-3.2,readout,ro_disp,alternate,dispersive; 0.95% readout error in a 300 ns window (Dec 2025),architecture-paper,https://journals.aps.org/prl/abstract/10.1103/rqkg-dw31,,✅
ustc-zuchongzhi-3.2,readout,ro_reset,alternate,"fast unconditional ancilla reset inside each QEC cycle, paired with microwave LRUs (Dec 2025)",architecture-paper,https://journals.aps.org/prl/abstract/10.1103/rqkg-dw31,,✅
ustc-zuchongzhi-3.2,code,code_surface,primary,"rotated_surface/surface-17: d=3, d=5 on subsets, d=7 on 97 q over 40 cycles, Λ = 1.40(6) (Dec 2025); logical CNOT/H/S on d=3 patches (Jul 2026)",architecture-paper-figure,https://arxiv.org/abs/2607.01473,Fig. 1a–b (patch-based surface-code layout); Fig. 3 (logical CNOT),✅
ustc-zuchongzhi-3.2,decoder,dec_nn,primary,"neural-network decoding for logical CNOT + H + S on d=3 patches, multi-round syndromes, no post-selection; CNOT process fidelity 0.643(2) (Jul 2026)",architecture-paper-figure,https://arxiv.org/abs/2607.01473,"Fig. 2d, 3c (decoded fidelities); main text: neural-network decoder",✅
ustc-zuchongzhi-3.2,decoder,none,alternate,no decoder named for the d=7 memory; no real-time decoding claimed; treated as offline,architecture-paper,https://journals.aps.org/prl/abstract/10.1103/rqkg-dw31,,🔎
ustc-zuchongzhi-3.2,interconnect,ic_multidie,primary,multi-die packaging inside one qubit module (Zuchongzhi-3 platform); no inter-module interconnect,architecture-paper,https://journals.aps.org/prl/abstract/10.1103/rqkg-dw31,,🔎
ustc-zuchongzhi-3.2,fab,fab_sc,primary,"Superconducting-qubit lithography (Nb/Al JJ, 300 mm) — IBM Albany 300 mm / Anderon foundry; Google Santa Barbara; Rigetti ABAA trimming (97.4% frequency-targeting success); OQC 500-qubit wafer-scale…",inferred,https://journals.aps.org/prl/abstract/10.1103/rqkg-dw31,,🔎
zju-125q,carrier,transmon,primary,"125 transmons in a planar 2-D array (Zhejiang Univ. + CAEP, Jun 2026); T1/T2 and cycle time not stated",architecture-paper-figure,https://arxiv.org/html/2606.06598,Fig. 1a (qubit lattice); §II Overview of the setup,✅
zju-125q,encoding,enc_bare,primary,bare transmon |0⟩/|1⟩ subspace; family-determined; leakage out of it post-selected away in the QEC runs,inferred,https://arxiv.org/html/2606.06598,,🔎
zju-125q,gate,g_tc,primary,"tunable nearest-neighbour coupling, CZ; median CZ fidelity 0.996, median 1Q fidelity 0.9995 (Jun 2026)",architecture-paper-figure,https://arxiv.org/html/2606.06598,Fig. 1c (CZ Pauli error CDF); §II,✅
zju-125q,connect,cx_nn,primary,planar 2-D array of 125 transmons with tunable nearest-neighbour coupling (degree 4),architecture-paper-figure,https://arxiv.org/html/2606.06598,"Fig. 1a (connectivity), Fig. 1b (patches on square grid)",✅
zju-125q,control,ct_rt,primary,room-temperature RF control; cycle time not stated,architecture-paper,https://arxiv.org/html/2606.06598,,🔎
zju-125q,readout,ro_disp,primary,dispersive; readout error 0.025 (two-state) / 0.049 (three-state discrimination); data-qubit idle error 0.024 per measurement cycle,architecture-paper-figure,https://arxiv.org/html/2606.06598,Fig. 1c (two-/three-state readout error CDFs); §II,✅
zju-125q,code,code_surface,primary,rotated surface: two d=3 patches with lattice merge/split; logical error/cycle 0.0365 / 0.0282 after leakage rejection (82.4 % of runs discarded); Bell ≥0.532,architecture-paper-figure,https://arxiv.org/html/2606.06598,"Fig. 1b,d (d=3 patches, merge/split, memory); §II",✅
zju-125q,code,code_magic,alternate,magic-state injection + gate teleportation on rotated-surface patches: logical R_X(π/4) at 0.943; d=7 teleportation transition (Jun 2026),architecture-paper-figure,https://arxiv.org/html/2606.06598,Fig. 4a (logical magic-state preparation); §V,🔎
zju-125q,decoder,dec_mwpm,primary,belief-matching decoder run offline; MWPM is the nearest Map node (no belief-matching node),architecture-paper,https://arxiv.org/html/2606.06598,§III (belief-matching decoding of Bell-state data),🔎
zju-125q,decoder,none,alternate,"belief-matching, offline: no Map node for belief-matching and no real-time decoding",architecture-paper,https://arxiv.org/html/2606.06598,§III (belief-matching decoding of Bell-state data),🔎
zju-125q,interconnect,none,primary,"monolithic single 125-qubit chip, no interconnect",inferred,https://arxiv.org/html/2606.06598,,🔎
zju-125q,fab,fab_sc,primary,"superconducting-qubit lithography; family-determined, no machine-specific fab source",inferred,https://arxiv.org/html/2606.06598,,🔎
tsinghua-kunlun-32,carrier,transmon,primary,32 long-range-coupled transmons (May 2025),architecture-paper-figure,https://arxiv.org/abs/2505.09684,Fig. 1a (Kunlun 32-qubit layout: 18 data + 14 check qubits); SI: Device Information; Fig. S4,✅
tsinghua-kunlun-32,encoding,enc_bare,primary,Bare two-level subspace — Computational subspace of an anharmonic oscillator; leakage to |2⟩ is the price.,inferred,https://arxiv.org/abs/2505.09684,,🔎
tsinghua-kunlun-32,gate,g_tc,primary,tunable coupler,architecture-paper-figure,https://arxiv.org/abs/2505.09684,Fig. S5 (parallel CZ gates); SI: Multi-length couplers; SI: Single- and two-qubit gates,✅
tsinghua-kunlun-32,connect,cx_lr,primary,long-range couplers on a 32-transmon lattice; weight-6 non-local stabilisers realised (May 2025),architecture-paper-figure,https://arxiv.org/abs/2505.09684,"Fig. 1a (84 couplers in four length sets, long-range in purple); Fig. 2a; SI: Multi-length couplers",✅
tsinghua-kunlun-32,control,ct_rt,primary,room-temperature RF,architecture-paper,https://arxiv.org/abs/2505.09684,,🔎
tsinghua-kunlun-32,readout,ro_disp,primary,dispersive,architecture-paper-figure,https://arxiv.org/abs/2505.09684,"Fig. S6 (readout resonator frequencies, dispersive shift χ); SI: Measurement setup",✅
tsinghua-kunlun-32,code,code_qldpc,primary,qcga/generalized_bicycle d=4 (4 logical) at 8.91(17)% logical error per cycle; qLDPC d=3 (6 logical) at 7.77(12)%; single distance each (May 2025),architecture-paper-figure,https://arxiv.org/abs/2505.09684,"Fig. 1d, Fig. 3 ([[18,4,4]] BB code, logical error per cycle); Extended Data Figs. 1–3 ([[18,6,3]])",✅
tsinghua-kunlun-32,decoder,none,primary,no real-time decoder; decoding offline,architecture-paper,https://arxiv.org/abs/2505.09684,Methods: Decoding; §Decoding and logical error rates,✅
tsinghua-kunlun-32,interconnect,none,primary,"monolithic single module, no interconnect",inferred,https://arxiv.org/abs/2505.09684,,🔎
tsinghua-kunlun-32,fab,fab_sc,primary,"Superconducting-qubit lithography (Nb/Al JJ, 300 mm) — IBM Albany 300 mm / Anderon foundry; Google Santa Barbara; Rigetti ABAA trimming (97.4% frequency-targeting success); OQC 500-qubit wafer-scale…",architecture-paper-figure,https://arxiv.org/abs/2505.09684,Fig. 1a right (magnified coupler crossing microstructure); SI: Multi-length couplers,✅
ctqg-tianyan-176,carrier,transmon,primary,"176 transmons (plus 24-q sibling), CTQG/QuantumCTek Tianyan cloud, deployed 2023",architecture-paper,https://arxiv.org/abs/2512.10504,§II Tianyan high-performance quantum cloud services; Fig. 1a,✅
ctqg-tianyan-176,encoding,enc_bare,primary,"bare transmon |0⟩/|1⟩ subspace; family-determined, no machine-specific source",inferred,https://thequantuminsider.com/2026/05/15/10-plus-companies-leading-the-quantum-technologies-race-in-china/,,🔎
ctqg-tianyan-176,gate,g_tc,primary,"coupler type not published (g_tc assumed); quoted 1Q 99.9 % / 2Q 99.6 % (press figure, no paper)",architecture-paper,https://arxiv.org/abs/2512.10504,§II Tianyan high-performance quantum cloud services,🔎
ctqg-tianyan-176,connect,cx_nn,primary,topology not published,architecture-paper,https://arxiv.org/abs/2512.10504,§II Tianyan high-performance quantum cloud services,🔎
ctqg-tianyan-176,control,ct_rt,primary,room-temperature RF control (register); no control-stack detail published,press-technical,https://thequantuminsider.com/2026/05/15/10-plus-companies-leading-the-quantum-technologies-race-in-china/,,🔎
ctqg-tianyan-176,readout,ro_disp,primary,dispersive readout (family-determined); no readout fidelity published,inferred,https://thequantuminsider.com/2026/05/15/10-plus-companies-leading-the-quantum-technologies-race-in-china/,,🔎
ctqg-tianyan-176,code,none,primary,no QEC code; NISQ cloud device,press-technical,https://thequantuminsider.com/2026/05/15/10-plus-companies-leading-the-quantum-technologies-race-in-china/,,🔎
ctqg-tianyan-176,decoder,none,primary,no decoder; no QEC run,press-technical,https://thequantuminsider.com/2026/05/15/10-plus-companies-leading-the-quantum-technologies-race-in-china/,,🔎
ctqg-tianyan-176,interconnect,none,primary,"monolithic single chip, no interconnect",inferred,https://thequantuminsider.com/2026/05/15/10-plus-companies-leading-the-quantum-technologies-race-in-china/,,🔎
ctqg-tianyan-176,fab,fab_sc,primary,"superconducting-qubit lithography; family-determined, no machine-specific fab source",inferred,https://thequantuminsider.com/2026/05/15/10-plus-companies-leading-the-quantum-technologies-race-in-china/,,🔎
ctqg-tianyan-287,carrier,transmon,primary,"105 tunable transmons (""287"" is a platform label, not qubit count); cloud since Oct 2025; RCS 74 q × 24 cycles, 10⁶ samples in 18.4 min",architecture-paper-figure,https://arxiv.org/abs/2512.10504,"Fig. 1b (processor layout heat map, Zuchongzhi 3.0-like); Fig. S1 (parameters of 104 working qubits)",✅
ctqg-tianyan-287,encoding,enc_bare,primary,"bare transmon |0⟩/|1⟩ subspace; family-determined, no machine-specific source",inferred,https://arxiv.org/abs/2512.10504,,🔎
ctqg-tianyan-287,gate,g_tc,primary,"tunable-coupler gates, Zuchongzhi 3.0-like design; 1Q 99.90 %, 2Q 99.56 %; parallel 2Q error 4.4e-3 (Dec 2025)",architecture-paper-figure,https://arxiv.org/abs/2512.10504,Fig. 2b (iSWAP-like gate patterns A-D on couplers); Fig. 1b (e1/e2 heat map),✅
ctqg-tianyan-287,connect,cx_nn,primary,"rectangular lattice, 105 qubits with 182 couplers (Zuchongzhi 3.0-like)",architecture-paper-figure,https://arxiv.org/abs/2512.10504,Fig. 1b (qubit/coupler layout); Fig. 2b (74-qubit pattern; inset topology),✅
ctqg-tianyan-287,control,ct_rt,primary,room-temperature RF control (register); no control-stack detail in note,architecture-paper,https://arxiv.org/abs/2512.10504,,🔎
ctqg-tianyan-287,readout,ro_disp,primary,"dispersive readout; readout fidelity 98.7 % (SPAM error 1.3e-2, typical)",architecture-paper-figure,https://arxiv.org/abs/2512.10504,"Fig. 2a (readout error CDF, mean 1.3%); Fig. 1c (daily readout error e3)",✅
ctqg-tianyan-287,code,none,primary,no QEC published; NISQ device (RCS demonstration),architecture-paper-figure,https://arxiv.org/abs/2512.10504,Fig. 2c (74-qubit RCS fidelity; no QEC experiment),✅
ctqg-tianyan-287,code,code_mitig,alternate,error mitigation as occupant of code slot; no QEC published,architecture-paper,https://arxiv.org/abs/2512.10504,,🔎
ctqg-tianyan-287,decoder,none,primary,no decoder; no QEC run,architecture-paper,https://arxiv.org/abs/2512.10504,,🔎
ctqg-tianyan-287,interconnect,ic_multidie,primary,multi-die packaging inside one qubit module (station per note; no packaging detail given),architecture-paper,https://arxiv.org/abs/2512.10504,,🔎
ctqg-tianyan-287,fab,fab_sc,primary,"superconducting-qubit lithography; family-determined, no machine-specific fab source",inferred,https://arxiv.org/abs/2512.10504,,🔎
ctqg-tianyan-504,carrier,transmon,primary,"504 transmons on a single ""Xiaohong"" chip (delivered ≈Apr 2024, system unveiled 5–6 Dec 2024); largest SC chip in China",press-technical,https://thequantuminsider.com/2026/05/15/10-plus-companies-leading-the-quantum-technologies-race-in-china/,,🔎
ctqg-tianyan-504,encoding,enc_bare,primary,"bare transmon |0⟩/|1⟩ subspace; family-determined, no machine-specific source",inferred,https://thequantuminsider.com/2026/05/15/10-plus-companies-leading-the-quantum-technologies-race-in-china/,,🔎
ctqg-tianyan-504,gate,undisclosed,primary,"gate mechanism, coupler type and fidelities not published",press-technical,https://thequantuminsider.com/2026/05/15/10-plus-companies-leading-the-quantum-technologies-race-in-china/,,🔎
ctqg-tianyan-504,gate,g_tc,alternate,nearest station if published; coupler type not published,press-technical,https://thequantuminsider.com/2026/05/15/10-plus-companies-leading-the-quantum-technologies-race-in-china/,,🔎
ctqg-tianyan-504,connect,cx_nn,primary,topology not published,press-technical,https://thequantuminsider.com/2026/05/15/10-plus-companies-leading-the-quantum-technologies-race-in-china/,,🔎
ctqg-tianyan-504,control,ct_rt,primary,"domestic kilo-qubit measurement-and-control system (chip is its validation vehicle); target ≥1,000 q, sub-µs feedback latency by 2026",press-technical,https://thequantuminsider.com/2026/05/15/10-plus-companies-leading-the-quantum-technologies-race-in-china/,,🔎
ctqg-tianyan-504,readout,ro_disp,primary,dispersive readout (family-determined); no readout data published,inferred,https://thequantuminsider.com/2026/05/15/10-plus-companies-leading-the-quantum-technologies-race-in-china/,,🔎
ctqg-tianyan-504,code,none,primary,no QEC code; no algorithms published,press-technical,https://thequantuminsider.com/2026/05/15/10-plus-companies-leading-the-quantum-technologies-race-in-china/,,🔎
ctqg-tianyan-504,decoder,none,primary,no decoder; no QEC run,press-technical,https://thequantuminsider.com/2026/05/15/10-plus-companies-leading-the-quantum-technologies-race-in-china/,,🔎
ctqg-tianyan-504,interconnect,none,primary,"504 qubits on a single chip; monolithic, no interconnect",inferred,https://thequantuminsider.com/2026/05/15/10-plus-companies-leading-the-quantum-technologies-race-in-china/,,🔎
ctqg-tianyan-504,fab,fab_sc,primary,"superconducting-qubit lithography; family-determined, no machine-specific fab source",inferred,https://thequantuminsider.com/2026/05/15/10-plus-companies-leading-the-quantum-technologies-race-in-china/,,🔎
originq-wukong-72,carrier,transmon,primary,"transmon, 72 computational qubits (3rd gen, Jan 2024); published T1 15.22 µs, T2 2.23 µs",architecture-paper-figure,https://www.nature.com/articles/s41534-025-01118-6,Fig. 1 (8 physical qubits in 2×4 region of Wukong),✅
originq-wukong-72,encoding,enc_bare,primary,Bare two-level subspace — Computational subspace of an anharmonic oscillator; leakage to |2⟩ is the price.,inferred,https://www.nature.com/articles/s41534-025-01118-6,,🔎
originq-wukong-72,gate,g_tc,primary,tunable-coupler two-qubit gates on the 72-q chip (register); no per-gate fidelity given in note,architecture-paper,https://www.nature.com/articles/s41534-025-01118-6,,🔎
originq-wukong-72,connect,cx_nn,primary,"planar nearest-neighbour lattice, degree 4 (register)",architecture-paper-figure,https://www.nature.com/articles/s41534-025-01118-6,"Fig. 1 (processor topology, allowed 2Q gates, 2×4 region)",✅
originq-wukong-72,control,ct_rt,primary,"room-temperature RF; in-house measurement-and-control, Origin Sīnán calibration/scheduling, Origin Pilot OS (Feb 2026)",architecture-paper,https://www.nature.com/articles/s41534-025-01118-6,,🔎
originq-wukong-72,readout,ro_disp,primary,dispersive readout (register),inferred,https://www.nature.com/articles/s41534-025-01118-6,,🔎
originq-wukong-72,code,code_detect,primary,"detection only: rotated_surface d=2 + [[4,1,2]] universal logical set; transversal CNOT 88.9(5)%, logical Bell 79.4–79.5%, all post-selected (Nov 2025)",architecture-paper-figure,https://www.nature.com/articles/s41534-025-01118-6,"Fig. 1 (d=2 surface code, transversal CNOT); Figs. 2–4 (state prep, logical CNOT/Bell, rotations)",✅
originq-wukong-72,decoder,none,primary,"no real-time decoder; offline decoding with post-selection (acceptance fraction not reported), Nov 2025",architecture-paper-figure,https://www.nature.com/articles/s41534-025-01118-6,Fig. 3 (post-selection rates); Results: Logical state preparation and measurement,✅
originq-wukong-72,interconnect,none,primary,"monolithic single-chip module, no interconnect",inferred,https://www.nature.com/articles/s41534-025-01118-6,,🔎
originq-wukong-72,fab,fab_sc,primary,"Superconducting-qubit lithography (Nb/Al JJ, 300 mm) — IBM Albany 300 mm / Anderon foundry; Google Santa Barbara; Rigetti ABAA trimming (97.4% frequency-targeting success); OQC 500-qubit wafer-scale…",inferred,https://www.nature.com/articles/s41534-025-01118-6,,🔎
originq-wukong-102,carrier,transmon,primary,"transmon; 102-qubit Wukong variant (2025), single-core chip",architecture-paper-figure,https://www.nature.com/articles/s41534-025-01118-6,Fig. 1 (8-qubit 2×4 region of Wukong); SI Fig. S1 (processor topology); SI 'Device',✅
originq-wukong-102,encoding,enc_bare,primary,bare transmon two-level subspace; no encoding beyond the physical qubit,inferred,https://www.nature.com/articles/s41534-025-01118-6,,🔎
originq-wukong-102,gate,g_tc,primary,tunable coupler,architecture-paper,https://www.nature.com/articles/s41534-025-01118-6,"SI 'Device' (gate set I, X, √X, Rz, CZ; CZ 40 ns); SI Table S2 (CZ XEB fidelities)",✅
originq-wukong-102,connect,cx_nn,primary,"planar lattice, degree 4",architecture-paper-figure,https://www.nature.com/articles/s41534-025-01118-6,SI Fig. S1 (topology of Wukong and region used); Fig. 1 (deep-blue lines = allowed 2Q gates),✅
originq-wukong-102,control,ct_rt,primary,"room-temperature RF; in-house measurement-and-control subsystem, Origin Sīnán calibration/scheduling",architecture-paper,https://www.nature.com/articles/s41534-025-01118-6,,🔎
originq-wukong-102,readout,ro_disp,primary,dispersive readout,architecture-paper,https://www.nature.com/articles/s41534-025-01118-6,"SI 'Device', Table S1 (per-qubit readout F00/F11)",✅
originq-wukong-102,code,none,primary,"no sc slot-7 code; ran rotated_surface d=2 (error-detecting) and [[4,1,2]]: transversal CNOT 88.9(5)%, logical Bell 79.4–79.5%, all post-selected",architecture-paper-figure,https://www.nature.com/articles/s41534-025-01118-6,"Fig. 1 (d=2 surface code, transversal CNOT); Figs. 2–4 (logical prep, CNOT/Bell, rotations)",✅
originq-wukong-102,decoder,none,primary,"no real-time decoder; offline decoding of post-selected d=2 / [[4,1,2]] runs",architecture-paper-figure,https://www.nature.com/articles/s41534-025-01118-6,SI Fig. S5 (post-selection rates vs measurement basis); Results text (stabilizer post-selection),✅
originq-wukong-102,interconnect,none,primary,"monolithic single-core chip, no interconnect",inferred,https://www.nature.com/articles/s41534-025-01118-6,,🔎
originq-wukong-102,fab,fab_sc,primary,"superconducting-qubit lithography (Origin Quantum, in-house chip); no machine-specific fab source",inferred,https://www.nature.com/articles/s41534-025-01118-6,,🔎
originq-wukong-180,carrier,transmon,primary,"transmon, 180 computational + 251 coupling qubits on a single-core chip (4th gen, May 2026); claimed T1 ≈40 µs, T2 ≈20 µs",press-technical,https://thequantuminsider.com/2026/05/15/10-plus-companies-leading-the-quantum-technologies-race-in-china/,,✅
originq-wukong-180,encoding,enc_bare,primary,Bare two-level subspace — Computational subspace of an anharmonic oscillator; leakage to |2⟩ is the price.,inferred,https://thequantuminsider.com/2026/05/15/10-plus-companies-leading-the-quantum-technologies-race-in-china/,,🔎
originq-wukong-180,gate,g_tc,primary,"tunable couplers, 251:180 coupler ratio to cut parallel-gate crosstalk; claimed 1Q 99.90% / 2Q 99.90% (press release, May 2026)",press-technical,https://thequantuminsider.com/2026/05/15/10-plus-companies-leading-the-quantum-technologies-race-in-china/,,✅
originq-wukong-180,connect,cx_nn,primary,"single-core planar lattice, degree 4 (register); 180 qubits",architecture-paper-figure,https://www.nature.com/articles/s41534-025-01118-6,Fig. 1b (2×4 qubit region; blue lines = processor topology / allowed 2Q gates),✅
originq-wukong-180,control,ct_rt,primary,"room-temperature RF; four in-house subsystems: chip, measurement-and-control, cryo/environment, OS (Origin Sīnán; Origin Pilot OS, Feb 2026)",press-technical,https://thequantuminsider.com/2026/05/15/10-plus-companies-leading-the-quantum-technologies-race-in-china/,,🔎
originq-wukong-180,readout,ro_disp,primary,"dispersive; claimed readout fidelity 99.90% (press release, May 2026)",press-technical,https://thequantuminsider.com/2026/05/15/10-plus-companies-leading-the-quantum-technologies-race-in-china/,,✅
originq-wukong-180,code,none,primary,no QEC code run on Wukong-180 (register codes=none); NISQ device,press-technical,https://thequantuminsider.com/2026/05/15/10-plus-companies-leading-the-quantum-technologies-race-in-china/,,🔎
originq-wukong-180,decoder,none,primary,no decoder; no real-time path (register),press-technical,https://thequantuminsider.com/2026/05/15/10-plus-companies-leading-the-quantum-technologies-race-in-china/,,🔎
originq-wukong-180,interconnect,none,primary,"monolithic single-core chip, no interconnect",inferred,https://thequantuminsider.com/2026/05/15/10-plus-companies-leading-the-quantum-technologies-race-in-china/,,🔎
originq-wukong-180,fab,fab_sc,primary,"Superconducting-qubit lithography (Nb/Al JJ, 300 mm) — IBM Albany 300 mm / Anderon foundry; Google Santa Barbara; Rigetti ABAA trimming (97.4% frequency-targeting success); OQC 500-qubit wafer-scale…",inferred,https://thequantuminsider.com/2026/05/15/10-plus-companies-leading-the-quantum-technologies-race-in-china/,,🔎
baqis-baihua-156,carrier,transmon,primary,"156 transmons (119 usable, 2026 inventory) on BAQIS Quafu free cloud, deployed since 2023",architecture-paper-figure,https://www.sciencedirect.com/science/article/pii/S2772830725000572,Fig. 1d (156-qubit processor photograph); Fig. 1c (processor schematic),✅
baqis-baihua-156,encoding,enc_bare,primary,"bare transmon |0⟩/|1⟩ subspace; family-determined, no machine-specific source",inferred,https://thequantuminsider.com/2026/05/15/10-plus-companies-leading-the-quantum-technologies-race-in-china/,,🔎
baqis-baihua-156,gate,g_tc,primary,tunable coupler (register); no 1Q/2Q fidelity data published,architecture-paper-figure,https://www.sciencedirect.com/science/article/pii/S2772830725000572,Fig. 1e (130 calibrated CZ gates); Fig. 1f (IRB of CZ Q144–Q145); main text (tunable couplers),✅
baqis-baihua-156,connect,cx_nn,primary,2-D lattice (register); no topology detail in note,architecture-paper-figure,https://www.sciencedirect.com/science/article/pii/S2772830725000572,Fig. 1c (schematic of the processor lattice),✅
baqis-baihua-156,control,ct_rt,primary,room-temperature RF control (register); no control-stack detail published,architecture-paper-figure,https://www.sciencedirect.com/science/article/pii/S2772830725000572,Fig. 1b (high-density wiring for the QCP); Fig. 1a (dilution refrigerator),✅
baqis-baihua-156,readout,ro_disp,primary,dispersive readout (family-determined); no readout fidelity data,architecture-paper,https://www.sciencedirect.com/science/article/pii/S2772830725000572,main text (individual readout resonator per qubit; each 13-qubit row on a common feedline),✅
baqis-baihua-156,code,none,primary,no QEC code found; NISQ cloud device,press-technical,https://thequantuminsider.com/2026/05/15/10-plus-companies-leading-the-quantum-technologies-race-in-china/,,🔎
baqis-baihua-156,decoder,none,primary,no decoder; no QEC run,press-technical,https://thequantuminsider.com/2026/05/15/10-plus-companies-leading-the-quantum-technologies-race-in-china/,,🔎
baqis-baihua-156,interconnect,none,primary,"monolithic single chip, no interconnect",inferred,https://thequantuminsider.com/2026/05/15/10-plus-companies-leading-the-quantum-technologies-race-in-china/,,🔎
baqis-baihua-156,fab,fab_sc,primary,"superconducting-qubit lithography; family-determined, no machine-specific fab source",inferred,https://thequantuminsider.com/2026/05/15/10-plus-companies-leading-the-quantum-technologies-race-in-china/,,🔎
baqis-dongling-130,carrier,transmon,primary,"130 transmons (105 usable, 2026 inventory) on BAQIS Quafu free cloud, deployed since 2023",architecture-paper-figure,https://arxiv.org/abs/2501.07085,FIG. 11 (topological structure of superconducting chip Dongling),✅
baqis-dongling-130,encoding,enc_bare,primary,"bare transmon |0⟩/|1⟩ subspace; family-determined, no machine-specific source",inferred,https://thequantuminsider.com/2026/05/15/10-plus-companies-leading-the-quantum-technologies-race-in-china/,,🔎
baqis-dongling-130,gate,g_tc,primary,tunable coupler (register); no 1Q/2Q fidelity data published,architecture-paper,https://arxiv.org/abs/2501.07085,§4.4 Results on Real Quantum Devices (Dongling parameter table),✅
baqis-dongling-130,connect,cx_nn,primary,2-D lattice (register); no topology detail in note,architecture-paper-figure,https://arxiv.org/abs/2501.07085,FIG. 11 (topological structure of superconducting chip Dongling),✅
baqis-dongling-130,control,ct_rt,primary,room-temperature RF control (register); no control-stack detail published,press-technical,https://thequantuminsider.com/2026/05/15/10-plus-companies-leading-the-quantum-technologies-race-in-china/,,🔎
baqis-dongling-130,readout,ro_disp,primary,dispersive readout (family-determined); no readout fidelity data,inferred,https://thequantuminsider.com/2026/05/15/10-plus-companies-leading-the-quantum-technologies-race-in-china/,,🔎
baqis-dongling-130,code,none,primary,no QEC code found; NISQ cloud device,press-technical,https://thequantuminsider.com/2026/05/15/10-plus-companies-leading-the-quantum-technologies-race-in-china/,,🔎
baqis-dongling-130,decoder,none,primary,no decoder; no QEC run,press-technical,https://thequantuminsider.com/2026/05/15/10-plus-companies-leading-the-quantum-technologies-race-in-china/,,🔎
baqis-dongling-130,interconnect,none,primary,"monolithic single chip, no interconnect",inferred,https://thequantuminsider.com/2026/05/15/10-plus-companies-leading-the-quantum-technologies-race-in-china/,,🔎
baqis-dongling-130,fab,fab_sc,primary,"superconducting-qubit lithography; family-determined, no machine-specific fab source",inferred,https://thequantuminsider.com/2026/05/15/10-plus-companies-leading-the-quantum-technologies-race-in-china/,,🔎
baqis-haituo-117,carrier,transmon,primary,"117 transmons (105 usable, 2026 inventory) on BAQIS Quafu free cloud, deployed since 2023",press-technical,https://thequantuminsider.com/2026/05/15/10-plus-companies-leading-the-quantum-technologies-race-in-china/,,🔎
baqis-haituo-117,encoding,enc_bare,primary,"bare transmon |0⟩/|1⟩ subspace; family-determined, no machine-specific source",inferred,https://thequantuminsider.com/2026/05/15/10-plus-companies-leading-the-quantum-technologies-race-in-china/,,🔎
baqis-haituo-117,gate,g_tc,primary,tunable coupler (register); no 1Q/2Q fidelity data published,press-technical,https://thequantuminsider.com/2026/05/15/10-plus-companies-leading-the-quantum-technologies-race-in-china/,,🔎
baqis-haituo-117,connect,cx_nn,primary,2-D lattice (register); no topology detail in note,press-technical,https://thequantuminsider.com/2026/05/15/10-plus-companies-leading-the-quantum-technologies-race-in-china/,,🔎
baqis-haituo-117,control,ct_rt,primary,room-temperature RF control (register); no control-stack detail published,press-technical,https://thequantuminsider.com/2026/05/15/10-plus-companies-leading-the-quantum-technologies-race-in-china/,,🔎
baqis-haituo-117,readout,ro_disp,primary,dispersive readout (family-determined); no readout fidelity data,inferred,https://thequantuminsider.com/2026/05/15/10-plus-companies-leading-the-quantum-technologies-race-in-china/,,🔎
baqis-haituo-117,code,none,primary,no QEC code found; NISQ cloud device,press-technical,https://thequantuminsider.com/2026/05/15/10-plus-companies-leading-the-quantum-technologies-race-in-china/,,🔎
baqis-haituo-117,decoder,none,primary,no decoder; no QEC run,press-technical,https://thequantuminsider.com/2026/05/15/10-plus-companies-leading-the-quantum-technologies-race-in-china/,,🔎
baqis-haituo-117,interconnect,none,primary,"monolithic single chip, no interconnect",inferred,https://thequantuminsider.com/2026/05/15/10-plus-companies-leading-the-quantum-technologies-race-in-china/,,🔎
baqis-haituo-117,fab,fab_sc,primary,"superconducting-qubit lithography; family-determined, no machine-specific fab source",inferred,https://thequantuminsider.com/2026/05/15/10-plus-companies-leading-the-quantum-technologies-race-in-china/,,🔎
baqis-scq136,carrier,transmon,primary,"ScQ-136 ""Baiwang"": 136 transmons on BAQIS Quafu free cloud, deployed since 2023",architecture-paper,https://arxiv.org/abs/2305.17979,§III.E Backends (ScQ-P136),✅
baqis-scq136,encoding,enc_bare,primary,"bare transmon |0⟩/|1⟩ subspace; family-determined, no machine-specific source",inferred,https://thequantuminsider.com/2026/05/15/10-plus-companies-leading-the-quantum-technologies-race-in-china/,,🔎
baqis-scq136,gate,g_tc,primary,"tunable coupler (register); 1Q fidelity ""as high as 99%"" (ScQ-136); no 2Q data",architecture-paper,https://arxiv.org/abs/2305.17979,§III.E Backends (ScQ-P136),✅
baqis-scq136,connect,cx_nn,primary,2-D square lattice (136 q); no further topology data,architecture-paper,https://arxiv.org/abs/2305.17979,§III.E Backends (ScQ-P136),✅
baqis-scq136,control,ct_rt,primary,room-temperature RF control (register); no control-stack detail published,press-technical,https://thequantuminsider.com/2026/05/15/10-plus-companies-leading-the-quantum-technologies-race-in-china/,,🔎
baqis-scq136,readout,ro_disp,primary,dispersive readout (family-determined); no readout fidelity data,inferred,https://thequantuminsider.com/2026/05/15/10-plus-companies-leading-the-quantum-technologies-race-in-china/,,🔎
baqis-scq136,code,none,primary,no QEC code found; NISQ cloud device,press-technical,https://thequantuminsider.com/2026/05/15/10-plus-companies-leading-the-quantum-technologies-race-in-china/,,🔎
baqis-scq136,decoder,none,primary,no decoder; no QEC run,press-technical,https://thequantuminsider.com/2026/05/15/10-plus-companies-leading-the-quantum-technologies-race-in-china/,,🔎
baqis-scq136,interconnect,none,primary,"monolithic single chip, no interconnect",inferred,https://thequantuminsider.com/2026/05/15/10-plus-companies-leading-the-quantum-technologies-race-in-china/,,🔎
baqis-scq136,fab,fab_sc,primary,"superconducting-qubit lithography; family-determined, no machine-specific fab source",inferred,https://thequantuminsider.com/2026/05/15/10-plus-companies-leading-the-quantum-technologies-race-in-china/,,🔎
spinq-ursa-major,carrier,transmon,primary,"transmon; 25-q and 103-q chips taped out, packaged and validated by mid-2026; no fidelity data published",vendor-architecture-page,https://www.spinq.com/en/products-services/quantum-chip,§Principles of superconducting quantum chips (Josephson-junction nonlinear LC circuits); spec table C25/C103,✅
spinq-ursa-major,encoding,enc_bare,primary,Bare two-level subspace — Computational subspace of an anharmonic oscillator; leakage to |2⟩ is the price.,inferred,https://thequantuminsider.com/2026/05/15/10-plus-companies-leading-the-quantum-technologies-race-in-china/,,🔎
spinq-ursa-major,gate,g_tc,primary,tunable coupler; no gate fidelity published for either new chip,vendor-architecture-page,https://www.spinq.com/en/products-services/quantum-chip,"spec table: Coupler type — Tunable couplers (C5, C25); 2Q fidelity C25 Pro ≥99% med.",✅
spinq-ursa-major,connect,cx_nn,primary,planar lattice; degree 4 (register),vendor-architecture-page,https://www.spinq.com/en/products-services/quantum-chip,spec table: Topology — 2D lattice (C25/C103); §Advantages (enhanced 2D lattice topology),✅
spinq-ursa-major,control,ct_rt,primary,room-temperature RF,vendor-architecture-page,https://www.spinq.com/en/products-services/quantum-chip,page text (independent control lines per qubit),🔎
spinq-ursa-major,readout,ro_disp,primary,dispersive,inferred,https://thequantuminsider.com/2026/05/15/10-plus-companies-leading-the-quantum-technologies-race-in-china/,,🔎
spinq-ursa-major,code,none,primary,no QEC code run (NISQ); d=3 surface-code validation stated for 2026,press-technical,https://thequantuminsider.com/2026/05/15/10-plus-companies-leading-the-quantum-technologies-race-in-china/,,🔎
spinq-ursa-major,code,code_surface,alternate,targeted only: d=3 surface-code validation stated for 2026; not run,vendor-architecture-page,https://www.spinq.com/en/products-services/quantum-chip,page text (native QEC support; surface code up to d = 7),🔎
spinq-ursa-major,decoder,none,primary,"no decoder demonstrated; ""cascaded quantum Hamming code decoding"" claimed (accepted at IEEE QCE 2026)",press-technical,https://thequantuminsider.com/2026/05/15/10-plus-companies-leading-the-quantum-technologies-race-in-china/,,🔎
spinq-ursa-major,interconnect,none,primary,"monolithic single module, no interconnect",inferred,https://thequantuminsider.com/2026/05/15/10-plus-companies-leading-the-quantum-technologies-race-in-china/,,🔎
spinq-ursa-major,fab,fab_sc,primary,superconducting-qubit fab on SpinQ's own pilot line; no process details published,inferred,https://thequantuminsider.com/2026/05/15/10-plus-companies-leading-the-quantum-technologies-race-in-china/,,🔎
zhuangzi-2.0,carrier,transmon,primary,"transmon, 78 qubits (CAS / Peking University); demonstration chip only, not cloud-accessible; no coherence published",architecture-paper-figure,https://arxiv.org/abs/2503.21553,"Fig. 1a (optical micrograph, 78-qubit processor Chuang-tzu 2.0); Suppl. Fig. 8; §S3.B Device performance",✅
zhuangzi-2.0,encoding,enc_bare,primary,"bare transmon |0⟩/|1⟩ subspace; family-determined, no machine-specific source",architecture-paper,https://arxiv.org/abs/2503.21553,§Experimental setup (anharmonicity −200 MHz ≫ hopping strength; two-level qubit subspace),🔎
zhuangzi-2.0,gate,g_tc,primary,tunable-coupler gate assumed; gate mechanism and fidelities not published,architecture-paper-figure,https://arxiv.org/abs/2503.21553,Fig. 1a (137 couplers linking all adjacent qubits); Suppl. Fig. 10b (coupler Z-pulse calibration); §S4,✅
zhuangzi-2.0,connect,cx_nn,primary,connectivity not published; static nearest-neighbour lattice assumed,architecture-paper-figure,https://arxiv.org/abs/2503.21553,"Fig. 1a (6-by-13 square lattice, 78 qubits, 137 couplers)",✅
zhuangzi-2.0,control,ct_rt,primary,room-temperature RF control assumed (generic NISQ row); not published,architecture-paper-figure,https://arxiv.org/abs/2503.21553,Suppl. Fig. 7 (room-temperature and cryogenic wiring); §S2 Experimental setup; §S4 Device control,✅
zhuangzi-2.0,readout,ro_disp,primary,dispersive readout; no readout fidelity published,architecture-paper-figure,https://arxiv.org/abs/2503.21553,Suppl. Fig. 9c (readout resonator frequency distribution); Suppl. Fig. 7 (wiring); §S3.B,✅
zhuangzi-2.0,code,none,primary,no QEC code run; NISQ demonstration chip,press-technical,https://thequantuminsider.com/2026/05/15/10-plus-companies-leading-the-quantum-technologies-race-in-china/,,🔎
zhuangzi-2.0,decoder,none,primary,no decoder; no QEC run,press-technical,https://thequantuminsider.com/2026/05/15/10-plus-companies-leading-the-quantum-technologies-race-in-china/,,🔎
zhuangzi-2.0,interconnect,none,primary,"monolithic single 78-qubit chip, no interconnect",architecture-paper-figure,https://arxiv.org/abs/2503.21553,Fig. 1a (single monolithic 78-qubit chip); Suppl. Fig. 8,✅
zhuangzi-2.0,fab,fab_sc,primary,"superconducting-qubit lithography; family-determined, no machine-specific fab source",architecture-paper,https://arxiv.org/abs/2503.21553,§S3.A Device fabrication,✅
riken-64q,carrier,transmon,primary,transmon; 64 q as 16 four-qubit unit cells on a single ~2 cm silicon chip,technical-whitepaper,https://group.ntt/en/newsrelease/2023/03/24/230324a.html,Fig. 1 (64-qubit two-dimensional integrated circuit chip; 16 basic units of 4 qubits),✅
riken-64q,encoding,enc_bare,primary,Bare two-level subspace — Computational subspace of an anharmonic oscillator; leakage to |2⟩ is the price.,inferred,https://thequantuminsider.com/2025/12/08/how-fujitsu-is-tackling-a-10000-qubit-quantum-computer-for-practical-applications/,,🔎
riken-64q,gate,undisclosed,primary,gate mechanism not published; no official source states fixed capacitive vs tunable coupling,press-technical,https://thequantuminsider.com/2025/12/08/how-fujitsu-is-tackling-a-10000-qubit-quantum-computer-for-practical-applications/,,🔎
riken-64q,gate,g_tc,alternate,coupler type not published (fixed vs tunable unresolved); g_tc is nearest station,press-technical,https://thequantuminsider.com/2025/12/08/how-fujitsu-is-tackling-a-10000-qubit-quantum-computer-for-practical-applications/,,🔎
riken-64q,connect,cx_nn,primary,16 four-qubit unit cells in a 2-D square arrangement on one ~2 cm chip (64 q),technical-whitepaper,https://group.ntt/en/newsrelease/2023/03/24/230324a.html,Fig. 1 (16 basic units of 4 qubits arrayed in a square); Fig. 6 (periodic planar tiling of 4-qubit units),✅
riken-64q,control,ct_vio,primary,"perpendicular (""3-D vertical"") wiring package: signals brought in normal to the chip plane, not routed laterally; reused by Fujitsu at 256 q",technical-whitepaper,https://group.ntt/en/newsrelease/2023/03/24/230324a.html,Fig. 2 (perpendicular wiring package: control/readout lines via contact probes); Fig. 5 (wiring in DR),✅
riken-64q,control,ct_rt,alternate,room-temperature microwave drive at 8–9 GHz into a dilution refrigerator,technical-whitepaper,https://group.ntt/en/newsrelease/2023/03/24/230324a.html,Fig. 3 (qubit controller: microwave oscillator + receiver; 96 input / 16 output wires),✅
riken-64q,readout,ro_disp,primary,dispersive,technical-whitepaper,https://group.ntt/en/newsrelease/2023/03/24/230324a.html,"Fig. 3 (16 output wires for readout, microwave receiver); Fig. 2 (readout wiring)",✅
riken-64q,code,none,primary,no QEC code run (NISQ); hybrid error-mitigation evaluation with Fujitsu 40-qubit simulator,press-technical,https://thequantuminsider.com/2025/12/08/how-fujitsu-is-tackling-a-10000-qubit-quantum-computer-for-practical-applications/,,🔎
riken-64q,decoder,none,primary,no decoder (no QEC),press-technical,https://thequantuminsider.com/2025/12/08/how-fujitsu-is-tackling-a-10000-qubit-quantum-computer-for-practical-applications/,,🔎
riken-64q,interconnect,none,primary,"monolithic single ~2 cm chip, no interconnect",technical-whitepaper,https://group.ntt/en/newsrelease/2023/03/24/230324a.html,Fig. 1 (single 64-qubit chip); Fig. 5 (one chip in central magnetic shield),✅
riken-64q,fab,fab_sc,primary,"Superconducting-qubit lithography (Nb/Al JJ, 300 mm) — IBM Albany 300 mm / Anderon foundry; Google Santa Barbara; Rigetti ABAA trimming (97.4% frequency-targeting success); OQC 500-qubit wafer-scale…",inferred,https://thequantuminsider.com/2025/12/08/how-fujitsu-is-tackling-a-10000-qubit-quantum-computer-for-practical-applications/,,🔎
riken-fujitsu-256q,carrier,transmon,primary,transmon; 256 q = 64 × the same 4-qubit unit cell as the 64-q machine (Apr 2025),press-technical,https://thequantuminsider.com/2025/12/08/how-fujitsu-is-tackling-a-10000-qubit-quantum-computer-for-practical-applications/,,🔎
riken-fujitsu-256q,encoding,enc_bare,primary,Bare two-level subspace — Computational subspace of an anharmonic oscillator; leakage to |2⟩ is the price.,inferred,https://thequantuminsider.com/2025/12/08/how-fujitsu-is-tackling-a-10000-qubit-quantum-computer-for-practical-applications/,,🔎
riken-fujitsu-256q,gate,undisclosed,primary,gate mechanism and coupler type not published; no fidelities published,press-technical,https://thequantuminsider.com/2025/12/08/how-fujitsu-is-tackling-a-10000-qubit-quantum-computer-for-practical-applications/,,🔎
riken-fujitsu-256q,gate,g_tc,alternate,coupler type not published; g_tc is nearest station,press-technical,https://thequantuminsider.com/2025/12/08/how-fujitsu-is-tackling-a-10000-qubit-quantum-computer-for-practical-applications/,,🔎
riken-fujitsu-256q,connect,cx_nn,primary,4-qubit unit cells tiled in a scalable 3-D connection structure; 4× qubits with no redesign of qubit or unit cell,technical-whitepaper,https://www.fujitsu.com/global/about/resources/news/press-releases/2025/0422-01.html,§Scalable 3D connection structure (4-qubit unit cells arranged in a 3D configuration),✅
riken-fujitsu-256q,control,ct_vio,primary,perpendicular wiring with high-density packaging; implementation density quadrupled inside the same dilution refrigerator,technical-whitepaper,https://www.fujitsu.com/global/about/resources/news/press-releases/2025/0422-01.html,§High-density implementation (quadrupled density in the same dilution refrigerator; thermal design),✅
riken-fujitsu-256q,control,ct_rt,alternate,room-temperature control; Keysight control electronics (secondary),press-technical,https://thequantuminsider.com/2025/12/08/how-fujitsu-is-tackling-a-10000-qubit-quantum-computer-for-practical-applications/,,🔎
riken-fujitsu-256q,readout,ro_disp,primary,dispersive,inferred,https://thequantuminsider.com/2025/12/08/how-fujitsu-is-tackling-a-10000-qubit-quantum-computer-for-practical-applications/,,🔎
riken-fujitsu-256q,code,none,primary,"no QEC code run (NISQ); QEC stated intent only, no result as of Sep 2026",press-technical,https://thequantuminsider.com/2025/12/08/how-fujitsu-is-tackling-a-10000-qubit-quantum-computer-for-practical-applications/,,🔎
riken-fujitsu-256q,decoder,none,primary,no decoder (no QEC),press-technical,https://thequantuminsider.com/2025/12/08/how-fujitsu-is-tackling-a-10000-qubit-quantum-computer-for-practical-applications/,,🔎
riken-fujitsu-256q,interconnect,none,primary,"unit-cell tiling on one chip stack, not an MCM; no interconnect",inferred,https://thequantuminsider.com/2025/12/08/how-fujitsu-is-tackling-a-10000-qubit-quantum-computer-for-practical-applications/,,🔎
riken-fujitsu-256q,fab,fab_sc,primary,"Superconducting-qubit lithography (Nb/Al JJ, 300 mm) — IBM Albany 300 mm / Anderon foundry; Google Santa Barbara; Rigetti ABAA trimming (97.4% frequency-targeting success); OQC 500-qubit wafer-scale…",inferred,https://thequantuminsider.com/2025/12/08/how-fujitsu-is-tackling-a-10000-qubit-quantum-computer-for-practical-applications/,,🔎
fujitsu-1000q,carrier,transmon,primary,"transmon; PLANNED for 2026, no delivery or launch announcement found as of 15 Sep 2026",press-technical,https://thequantuminsider.com/2025/12/08/how-fujitsu-is-tackling-a-10000-qubit-quantum-computer-for-practical-applications/,,🔎
fujitsu-1000q,encoding,enc_bare,primary,bare transmon two-level subspace; no encoding beyond the physical qubit,inferred,https://thequantuminsider.com/2025/12/08/how-fujitsu-is-tackling-a-10000-qubit-quantum-computer-for-practical-applications/,,🔎
fujitsu-1000q,gate,undisclosed,primary,gate mechanism not published; no specifications or fidelity targets published,press-technical,https://thequantuminsider.com/2025/12/08/how-fujitsu-is-tackling-a-10000-qubit-quantum-computer-for-practical-applications/,,🔎
fujitsu-1000q,gate,g_tc,alternate,tunable-coupler gate not confirmed; Fujitsu gate mechanism not published,press-technical,https://thequantuminsider.com/2025/12/08/how-fujitsu-is-tackling-a-10000-qubit-quantum-computer-for-practical-applications/,,🔎
fujitsu-1000q,connect,cx_nn,primary,"expected 4-qubit unit cell + 3-D wiring repeated ≈250 cells; some coverage frames target as 1,024 qubits",press-technical,https://thequantuminsider.com/2025/12/08/how-fujitsu-is-tackling-a-10000-qubit-quantum-computer-for-practical-applications/,,🔎
fujitsu-1000q,control,ct_vio,primary,perpendicular (3-D) wiring of the unit-cell scaling design; room-temp control,press-technical,https://thequantuminsider.com/2025/12/08/how-fujitsu-is-tackling-a-10000-qubit-quantum-computer-for-practical-applications/,,🔎
fujitsu-1000q,control,ct_rt,alternate,room-temperature control with perpendicular wiring (register),press-technical,https://thequantuminsider.com/2025/12/08/how-fujitsu-is-tackling-a-10000-qubit-quantum-computer-for-practical-applications/,,🔎
fujitsu-1000q,readout,ro_disp,primary,dispersive readout,inferred,https://thequantuminsider.com/2025/12/08/how-fujitsu-is-tackling-a-10000-qubit-quantum-computer-for-practical-applications/,,🔎
fujitsu-1000q,code,none,primary,no QEC code; planned device with no specifications published,press-technical,https://thequantuminsider.com/2025/12/08/how-fujitsu-is-tackling-a-10000-qubit-quantum-computer-for-practical-applications/,,🔎
fujitsu-1000q,decoder,none,primary,no decoder; planned device with no specifications published,press-technical,https://thequantuminsider.com/2025/12/08/how-fujitsu-is-tackling-a-10000-qubit-quantum-computer-for-practical-applications/,,🔎
fujitsu-1000q,interconnect,none,primary,"monolithic, single module assumed; no interconnect details published",inferred,https://thequantuminsider.com/2025/12/08/how-fujitsu-is-tackling-a-10000-qubit-quantum-computer-for-practical-applications/,,🔎
fujitsu-1000q,fab,fab_sc,primary,"Superconducting-qubit lithography (Nb/Al JJ, 300 mm) — IBM Albany 300 mm / Anderon foundry; Google Santa Barbara; Rigetti ABAA trimming (97.4% frequency-targeting success); OQC 500-qubit wafer-scale…",inferred,https://thequantuminsider.com/2025/12/08/how-fujitsu-is-tackling-a-10000-qubit-quantum-computer-for-practical-applications/,,🔎
fujitsu-10000q,carrier,transmon,primary,"transmon; >10,000 physical → ≈250 logical under STAR, target FY2030 (ANNOUNCED 1 Aug 2025)",press-technical,https://thequantuminsider.com/2025/12/08/how-fujitsu-is-tackling-a-10000-qubit-quantum-computer-for-practical-applications/,,🔎
fujitsu-10000q,encoding,enc_bare,primary,bare transmon two-level subspace; no encoding beyond the physical qubit,inferred,https://journals.aps.org/prxquantum/abstract/10.1103/PRXQuantum.5.010337,,🔎
fujitsu-10000q,gate,g_tc,primary,tunable coupler (assumed); no error rates published for existing Fujitsu devices,press-technical,https://thequantuminsider.com/2025/12/08/how-fujitsu-is-tackling-a-10000-qubit-quantum-computer-for-practical-applications/,,🔎
fujitsu-10000q,connect,cx_nn,primary,rotated surface-code lattice (degree 4); Cliffords by lattice surgery in STAR,architecture-paper-figure,https://arxiv.org/abs/2303.13181,"Fig. 2 (rotated planar surface code, d=5); §III.A",✅
fujitsu-10000q,control,ct_vio,primary,perpendicular wiring; cryogenic cooling and high-density packaging named as one of four workstreams,press-technical,https://thequantuminsider.com/2025/12/08/how-fujitsu-is-tackling-a-10000-qubit-quantum-computer-for-practical-applications/,,🔎
fujitsu-10000q,control,ct_rt,alternate,room-temp control with perpendicular wiring (register),press-technical,https://thequantuminsider.com/2025/12/08/how-fujitsu-is-tackling-a-10000-qubit-quantum-computer-for-practical-applications/,,🔎
fujitsu-10000q,readout,ro_disp,primary,dispersive readout,inferred,https://journals.aps.org/prxquantum/abstract/10.1103/PRXQuantum.5.010337,,🔎
fujitsu-10000q,code,∅G-analogrot,primary,"STAR: arbitrary-angle rotations by direct state injection, no distillation; 10⁴ q at p=1e-4 → 64 logical, ≈1.72e7 Cliffords, ≈3.75e4 rotations",architecture-paper-figure,https://arxiv.org/abs/2303.13181,Fig. 7–8 (analog rotation circuits); Fig. 9–12 (injection); §IV; §VI.C,✅
fujitsu-10000q,code,code_surface,alternate,"rotated_surface code; Cliffords fully error-corrected by lattice surgery (STAR, simulation estimates)",architecture-paper-figure,https://arxiv.org/abs/2303.13181,Fig. 2 (rotated surface code); Fig. 4–6 (lattice surgery); §III,✅
fujitsu-10000q,code,code_magic,alternate,STAR Ver. 3 (25 Mar 2026) adds logical T gates to analog rotations; required physical error relaxed 1e-4 → 1e-3,press-technical,https://global.fujitsu/en-global/pr/news/2026/03/25-01,,✅
fujitsu-10000q,decoder,dec_mwpm,primary,PyMatching v2 (MWPM) assumed in STAR resource estimates; not built,architecture-paper,https://arxiv.org/abs/2303.13181,§VI.A (logical error of surface-code patch),✅
fujitsu-10000q,interconnect,ic_mcm,primary,"chip-to-chip interconnect and wiring named as one of four workstreams (plan, FY2030)",press-technical,https://thequantuminsider.com/2025/12/08/how-fujitsu-is-tackling-a-10000-qubit-quantum-computer-for-practical-applications/,,🔎
fujitsu-10000q,fab,fab_sc,primary,high-precision Josephson-junction fabrication named as one of four workstreams,press-technical,https://thequantuminsider.com/2025/12/08/how-fujitsu-is-tackling-a-10000-qubit-quantum-computer-for-practical-applications/,,🔎
toshiba-dtc,carrier,transmon,primary,"two fixed-frequency transmons: Q1 4.314 GHz (T1 230 µs, T2 360 µs), Q2 4.778 GHz (T1 210 µs, T2 130 µs) (Nov 2024)",architecture-paper-figure,https://arxiv.org/abs/2402.18926,"Fig. 1a-b (circuit schematic: data qubits Q1, Q2 + coupler transmons C3, C4; false-color device picture); §II Device setup",✅
toshiba-dtc,encoding,enc_bare,primary,Bare two-level subspace — Computational subspace of an anharmonic oscillator; leakage to |2⟩ is the price.,inferred,https://www.global.toshiba/ww/technology/corporate/rdc/rd/topics/24/2411-03.html,,🔎
toshiba-dtc,gate,g_tc,primary,"double-transmon coupler (two transmons, three-junction loop), flux-switched; CZ 99.90% averaged over 12 h at 48 ns; residual ZZ ≈6 kHz off (Nov 2024)",architecture-paper-figure,https://arxiv.org/abs/2402.18926,Fig. 1a (DTC circuit); §IV CZ-gate implementation; Fig. 4c-d (interleaved RB; 12-hour CZ-error run); Fig. 5 (error vs gate length),✅
toshiba-dtc,connect,cx_nn,primary,two-qubit test pair (degree 1); no multi-qubit DTC processor exists,architecture-paper-figure,https://arxiv.org/abs/2402.18926,Fig. 1b (false-color picture of the two-qubit device: Q1-Q2 joined by the DTC),✅
toshiba-dtc,control,ct_rt,primary,"room-temperature RF with external flux bias; shunt-capacitance variant idles at zero flux, no DC bias current (PRApplied 23, 064069, Jun 2025)",architecture-paper-figure,https://arxiv.org/abs/2402.18926,Fig. 6 (schematic diagram of the measurement setup); Appendix B Measurement setup; Fig. 2 (Z-pulse on coupler loop),✅
toshiba-dtc,readout,ro_disp,primary,dispersive,architecture-paper-figure,https://arxiv.org/abs/2402.18926,Fig. 1a (readout elements); Fig. 10 (single-shot readouts of the three resonators); Appendix F State discrimination,✅
toshiba-dtc,code,none,primary,no QEC code run; two-qubit component test devices only,vendor-architecture-page,https://www.global.toshiba/ww/technology/corporate/rdc/rd/topics/24/2411-03.html,,🔎
toshiba-dtc,decoder,none,primary,no decoder (no QEC),vendor-architecture-page,https://www.global.toshiba/ww/technology/corporate/rdc/rd/topics/24/2411-03.html,,🔎
toshiba-dtc,interconnect,none,primary,"monolithic two-qubit test device, no interconnect",inferred,https://www.global.toshiba/ww/technology/corporate/rdc/rd/topics/24/2411-03.html,,🔎
toshiba-dtc,fab,fab_sc,primary,"Superconducting-qubit lithography (Nb/Al JJ, 300 mm) — IBM Albany 300 mm / Anderon foundry; Google Santa Barbara; Rigetti ABAA trimming (97.4% frequency-targeting success); OQC 500-qubit wafer-scale…",architecture-paper,https://arxiv.org/abs/2402.18926,Appendix A: Fabrication,✅
kriss-20q,carrier,transmon,primary,"transmon; 20-qubit-class processor, cloud pilot for domestic researchers from H2 2026; 50-qubit class targeted during 2026",press-technical,https://thequantuminsider.com/2026/05/15/10-plus-companies-leading-the-quantum-technologies-race-in-china/,,🔎
kriss-20q,encoding,enc_bare,primary,bare transmon two-level subspace; no encoding beyond the physical qubit,inferred,https://thequantuminsider.com/2026/05/15/10-plus-companies-leading-the-quantum-technologies-race-in-china/,,🔎
kriss-20q,gate,g_tc,primary,tunable coupler (assumed); no gate mechanism or fidelities published,press-technical,https://thequantuminsider.com/2026/05/15/10-plus-companies-leading-the-quantum-technologies-race-in-china/,,🔎
kriss-20q,connect,cx_nn,primary,nearest-neighbour lattice assumed; no topology published,press-technical,https://thequantuminsider.com/2026/05/15/10-plus-companies-leading-the-quantum-technologies-race-in-china/,,🔎
kriss-20q,control,ct_rt,primary,room-temperature RF; room-temp,press-technical,https://thequantuminsider.com/2026/05/15/10-plus-companies-leading-the-quantum-technologies-race-in-china/,,🔎
kriss-20q,readout,ro_disp,primary,dispersive readout; no readout fidelity published,inferred,https://thequantuminsider.com/2026/05/15/10-plus-companies-leading-the-quantum-technologies-race-in-china/,,🔎
kriss-20q,code,none,primary,no QEC code run; NISQ device (L0),press-technical,https://thequantuminsider.com/2026/05/15/10-plus-companies-leading-the-quantum-technologies-race-in-china/,,🔎
kriss-20q,decoder,none,primary,no decoder; no QEC run,press-technical,https://thequantuminsider.com/2026/05/15/10-plus-companies-leading-the-quantum-technologies-race-in-china/,,🔎
kriss-20q,interconnect,none,primary,"monolithic single module, no interconnect",inferred,https://thequantuminsider.com/2026/05/15/10-plus-companies-leading-the-quantum-technologies-race-in-china/,,🔎
kriss-20q,fab,fab_sc,primary,superconducting-qubit lithography; no machine-specific fab source,inferred,https://thequantuminsider.com/2026/05/15/10-plus-companies-leading-the-quantum-technologies-race-in-china/,,🔎
kriss-20q,fab,fab_cmos,alternate,"national fabs: KAIST National Quantum Fab Research Institute (launched Dec 2025, operational 2028); UNIST Quantum Nano Fab (opened 13 Jun 2026)",press-technical,https://thequantuminsider.com/2026/05/15/10-plus-companies-leading-the-quantum-technologies-race-in-china/,,🔎
qpiai-indus-25,carrier,transmon,primary,"superconducting transmon QPU, 25 qubits; deployed 14 Apr 2025; no coherence or fidelity published",press-technical,https://www.sify.com/science-tech/qpiai-unveils-kaveri-indias-first-aatmanirbhar-64-qubit-quantum-chip/,,🔎
qpiai-indus-25,encoding,enc_bare,primary,Bare two-level subspace — Computational subspace of an anharmonic oscillator; leakage to |2⟩ is the price.,inferred,https://www.sify.com/science-tech/qpiai-unveils-kaveri-indias-first-aatmanirbhar-64-qubit-quantum-chip/,,🔎
qpiai-indus-25,gate,g_tc,primary,tunable coupler (assumed); no gate numbers published,press-technical,https://www.sify.com/science-tech/qpiai-unveils-kaveri-indias-first-aatmanirbhar-64-qubit-quantum-chip/,,🔎
qpiai-indus-25,connect,cx_nn,primary,connectivity not published (register),press-technical,https://www.sify.com/science-tech/qpiai-unveils-kaveri-indias-first-aatmanirbhar-64-qubit-quantum-chip/,,🔎
qpiai-indus-25,control,ct_rt,primary,room-temperature RF; full in-house stack: QPU + control + mK cryogenics + Quantum-HPC (deployed 14 Apr 2025),press-technical,https://www.sify.com/science-tech/qpiai-unveils-kaveri-indias-first-aatmanirbhar-64-qubit-quantum-chip/,,✅
qpiai-indus-25,readout,ro_disp,primary,dispersive readout (register),inferred,https://www.sify.com/science-tech/qpiai-unveils-kaveri-indias-first-aatmanirbhar-64-qubit-quantum-chip/,,🔎
qpiai-indus-25,code,none,primary,"no QEC code (L0); explicitly NISQ, no peer-reviewed paper",press-technical,https://www.sify.com/science-tech/qpiai-unveils-kaveri-indias-first-aatmanirbhar-64-qubit-quantum-chip/,,🔎
qpiai-indus-25,decoder,none,primary,no decoder; no real-time path (register),press-technical,https://www.sify.com/science-tech/qpiai-unveils-kaveri-indias-first-aatmanirbhar-64-qubit-quantum-chip/,,🔎
qpiai-indus-25,interconnect,none,primary,"monolithic, single module; no interconnect",inferred,https://www.sify.com/science-tech/qpiai-unveils-kaveri-indias-first-aatmanirbhar-64-qubit-quantum-chip/,,🔎
qpiai-indus-25,fab,fab_sc,primary,"Superconducting-qubit lithography (Nb/Al JJ, 300 mm) — IBM Albany 300 mm / Anderon foundry; Google Santa Barbara; Rigetti ABAA trimming (97.4% frequency-targeting success); OQC 500-qubit wafer-scale…",inferred,https://www.sify.com/science-tech/qpiai-unveils-kaveri-indias-first-aatmanirbhar-64-qubit-quantum-chip/,,🔎
qpiai-kaveri-64,carrier,transmon,primary,"64 transmons in a grid layout; coherence ≈100 µs (best/median not stated), Feb 2026",press-technical,https://www.sify.com/science-tech/qpiai-unveils-kaveri-indias-first-aatmanirbhar-64-qubit-quantum-chip/,,✅
qpiai-kaveri-64,encoding,enc_bare,primary,Bare two-level subspace — Computational subspace of an anharmonic oscillator; leakage to |2⟩ is the price.,inferred,https://www.sify.com/science-tech/qpiai-unveils-kaveri-indias-first-aatmanirbhar-64-qubit-quantum-chip/,,🔎
qpiai-kaveri-64,gate,g_tc,primary,tunable coupler (assumed); error rates ≈10⁻² with no 1Q / 2Q / readout breakdown (Feb 2026),press-technical,https://www.sify.com/science-tech/qpiai-unveils-kaveri-indias-first-aatmanirbhar-64-qubit-quantum-chip/,,🔎
qpiai-kaveri-64,connect,cx_nn,primary,"grid layout, degree 4 (register); 64 qubits",press-technical,https://www.sify.com/science-tech/qpiai-unveils-kaveri-indias-first-aatmanirbhar-64-qubit-quantum-chip/,,🔎
qpiai-kaveri-64,control,ct_rt,primary,room-temperature RF (register); control circuitry separated from qubit plane by low-loss interconnect layers,press-technical,https://www.sify.com/science-tech/qpiai-unveils-kaveri-indias-first-aatmanirbhar-64-qubit-quantum-chip/,,🔎
qpiai-kaveri-64,readout,ro_disp,primary,dispersive readout (register),inferred,https://www.sify.com/science-tech/qpiai-unveils-kaveri-indias-first-aatmanirbhar-64-qubit-quantum-chip/,,🔎
qpiai-kaveri-64,code,none,primary,"no QEC code (L0); explicitly NISQ, announced 26 Feb 2026",press-technical,https://www.sify.com/science-tech/qpiai-unveils-kaveri-indias-first-aatmanirbhar-64-qubit-quantum-chip/,,🔎
qpiai-kaveri-64,decoder,none,primary,no decoder; no real-time path (register),press-technical,https://www.sify.com/science-tech/qpiai-unveils-kaveri-indias-first-aatmanirbhar-64-qubit-quantum-chip/,,🔎
qpiai-kaveri-64,interconnect,ic_multidie,primary,flip-chip integration: low-loss interconnect layers separate qubit plane from control circuitry inside one module,press-technical,https://www.sify.com/science-tech/qpiai-unveils-kaveri-indias-first-aatmanirbhar-64-qubit-quantum-chip/,,🔎
qpiai-kaveri-64,fab,fab_sc,primary,wafer-scale fabrication and flip-chip integration; fabricated in India with some imported components,press-technical,https://www.sify.com/science-tech/qpiai-unveils-kaveri-indias-first-aatmanirbhar-64-qubit-quantum-chip/,,🔎
academia-sinica-20q,carrier,transmon,primary,"transmon, 20 qubits; T1 quoted 530 µs (claimed best, likely best-qubit), up from 15–30 µs on 5-qubit predecessor (Jan 2026)",press-technical,https://www.sinica.edu.tw/en/news_content/55/3655,,✅
academia-sinica-20q,encoding,enc_bare,primary,bare transmon two-level subspace; no encoding beyond the physical qubit,inferred,https://www.sinica.edu.tw/en/news_content/55/3655,,🔎
academia-sinica-20q,gate,undisclosed,primary,gate mechanism not published; no 1Q/2Q fidelities and no coupler type published (Jan 2026),press-technical,https://www.sinica.edu.tw/en/news_content/55/3655,,🔎
academia-sinica-20q,connect,cx_nn,primary,topology not published; static nearest-neighbour on-chip coupling assumed for the 20-qubit chip,press-technical,https://www.sinica.edu.tw/en/news_content/55/3655,,🔎
academia-sinica-20q,control,ct_rt,primary,room-temperature RF control; chip stacking used to reduce crosstalk,press-technical,https://www.sinica.edu.tw/en/news_content/55/3655,,🔎
academia-sinica-20q,readout,ro_disp,primary,dispersive readout; no readout fidelity published,inferred,https://www.sinica.edu.tw/en/news_content/55/3655,,🔎
academia-sinica-20q,code,none,primary,no QEC code run; NISQ device (L0),press-technical,https://www.sinica.edu.tw/en/news_content/55/3655,,🔎
academia-sinica-20q,decoder,none,primary,no decoder; no QEC run,press-technical,https://www.sinica.edu.tw/en/news_content/55/3655,,🔎
academia-sinica-20q,interconnect,ic_multidie,primary,chip stacking inside one 20-qubit module to reduce crosstalk; no inter-module link,press-technical,https://www.sinica.edu.tw/en/news_content/55/3655,,🔎
academia-sinica-20q,fab,fab_sc,primary,designed and fabricated in-house on an 8-inch wafer platform built on Taiwan semiconductor process-control expertise,press-technical,https://www.sinica.edu.tw/en/news_content/55/3655,,🔎
academia-sinica-20q,fab,∅G-calib,alternate,post-fabrication laser trimming tunes qubit frequencies (same slot as Rigetti ABAA / IQM PALEA; no station for it),press-technical,https://www.sinica.edu.tw/en/news_content/55/3655,,🔎
rigetti-ankaa-2,carrier,transmon,primary,84 tunable transmons with tunable couplers,architecture-paper,https://www.nature.com/articles/s41467-026-73331-6,Methods: Ankaa-2 device specifications,✅
rigetti-ankaa-2,encoding,enc_bare,primary,Bare two-level subspace — Computational subspace of an anharmonic oscillator; leakage to |2⟩ is the price.,inferred,https://www.nature.com/articles/s41467-026-73331-6,,🔎
rigetti-ankaa-2,gate,g_tc,primary,"tunable-coupler 2Q gate, native iSWAP",architecture-paper-figure,https://www.nature.com/articles/s41467-026-73331-6,Fig. 2e–j (CZ gate layers on hardware edges); Methods: Ankaa-2 device specifications,✅
rigetti-ankaa-2,connect,cx_nn,primary,"84 q square lattice, degree ≤4",architecture-paper-figure,https://www.nature.com/articles/s41467-026-73331-6,Fig. 1b (Ankaa-2 sublattice to readout units); Fig. 2 (hardware connectivity edges),✅
rigetti-ankaa-2,control,ct_rt,primary,"room-temperature RF control; Riverlane FPGA decoder in the loop, 9.6 µs total reaction for 9 rounds (6.5 µs decode + 3.1 µs communication)",architecture-paper-figure,https://www.nature.com/articles/s41467-026-73331-6,Fig. 1a (QPU + control system with FPGA decoder); Methods: Description of control system,✅
rigetti-ankaa-2,readout,ro_disp,primary,dispersive,architecture-paper-figure,https://www.nature.com/articles/s41467-026-73331-6,Fig. 1b (multiplexed readout feedlines to RX/TX cards); Fig. 1a (latency A–B),✅
rigetti-ankaa-2,code,code_detect,primary,"rotated_surface ""stability-8"" patch + [[4,2,2]] with decoder in loop; LER 28.1(1)% at 5 rounds → 20.5(1)% at 25 rounds; detection only",architecture-paper-figure,https://www.nature.com/articles/s41467-026-73331-6,Fig. 2a (2×2 stability patch); Fig. 3a (logical error vs rounds),✅
rigetti-ankaa-2,decoder,dec_fpga,primary,"Collision Clustering (union-find class) on FPGA, in loop; 0.44–0.79 µs per round at 156.25 MHz; 9.6 µs reaction for 9 rounds",architecture-paper-figure,https://www.nature.com/articles/s41467-026-73331-6,Fig. 3c–d (FPGA decode time at 156.25 MHz); Fig. 4 (response time); Methods: FPGA decoder integration,✅
rigetti-ankaa-2,interconnect,none,primary,"monolithic 84-q single chip, no interconnect",inferred,https://www.nature.com/articles/s41467-026-73331-6,,🔎
rigetti-ankaa-2,fab,fab_sc,primary,"Superconducting-qubit lithography (Nb/Al JJ, 300 mm) — IBM Albany 300 mm / Anderon foundry; Google Santa Barbara; Rigetti ABAA trimming (97.4% frequency-targeting success); OQC 500-qubit wafer-scale…",inferred,https://www.nature.com/articles/s41467-026-73331-6,,🔎
rigetti-ankaa-3,carrier,transmon,primary,84 tunable transmons with tunable couplers (end-2024),press-technical,https://postquantum.com/quantum-computing-companies/rigetti/,,🔎
rigetti-ankaa-3,encoding,enc_bare,primary,Bare two-level subspace — Computational subspace of an anharmonic oscillator; leakage to |2⟩ is the price.,inferred,https://postquantum.com/quantum-computing-companies/rigetti/,,🔎
rigetti-ankaa-3,gate,g_tc,primary,"tunable-coupler 2Q gate, native iSWAP / CZ; ~99% median 2Q (end-2024)",press-technical,https://postquantum.com/quantum-computing-companies/rigetti/,,🔎
rigetti-ankaa-3,connect,cx_nn,primary,"84 q square lattice, degree ≤4",press-technical,https://postquantum.com/quantum-computing-companies/rigetti/,,🔎
rigetti-ankaa-3,control,ct_rt,primary,room-temperature RF control,press-technical,https://postquantum.com/quantum-computing-companies/rigetti/,,🔎
rigetti-ankaa-3,readout,ro_disp,primary,dispersive,inferred,https://postquantum.com/quantum-computing-companies/rigetti/,,🔎
rigetti-ankaa-3,code,none,primary,no QEC code run (NISQ); NISQ benchmarking only,press-technical,https://postquantum.com/quantum-computing-companies/rigetti/,,🔎
rigetti-ankaa-3,decoder,none,primary,no decoder (no QEC),press-technical,https://postquantum.com/quantum-computing-companies/rigetti/,,🔎
rigetti-ankaa-3,interconnect,none,primary,"monolithic 84-q single chip, no interconnect",inferred,https://postquantum.com/quantum-computing-companies/rigetti/,,🔎
rigetti-ankaa-3,fab,fab_sc,primary,"Rigetti superconducting fab; ABAA post-fab junction frequency trimming (97.4% frequency-targeting success, Aug 2024)",inferred,https://postquantum.com/quantum-computing-companies/rigetti/,,🔎
rigetti-cepheus-1-36q,carrier,transmon,primary,tunable transmon; 36 q = four 9-qubit chiplets (mid-2025),architecture-paper-figure,https://arxiv.org/abs/2308.09240,Fig. 1a-c (circuit diagrams: qubits Q1/Q2 on separate chips joined by floating multi-chip coupler); Fig. 3 (photomicrograph of assembled test device),✅
rigetti-cepheus-1-36q,encoding,enc_bare,primary,Bare two-level subspace — Computational subspace of an anharmonic oscillator; leakage to |2⟩ is the price.,inferred,https://aws.amazon.com/blogs/quantum-computing/amazon-braket-launches-rigetti-cepheus-1-108q-superconducting-device/,,🔎
rigetti-cepheus-1-36q,gate,g_tc,primary,tunable couplers within chiplets + inter-module couplers; adiabatic CZ ~60 ns (replaced iSWAP); 36-q devices 99.6% median 2Q (Apr 2026 release),architecture-paper-figure,https://arxiv.org/abs/2308.09240,"§II.A Design of a floating tunable coupler; Fig. 4 (net qubit-qubit coupling, g=0 point); Fig. 6 (CZ RB on Four-Bump device); §III.C",✅
rigetti-cepheus-1-36q,connect,cx_nn,primary,"square lattice per 9-q chiplet, degree ≤4, four chiplets tiled to 36 q",press-technical,https://aws.amazon.com/blogs/quantum-computing/amazon-braket-launches-rigetti-cepheus-1-108q-superconducting-device/,,🔎
rigetti-cepheus-1-36q,control,ct_rt,primary,room-temperature RF control,architecture-paper,https://arxiv.org/abs/2308.09240,§II.B Multi-chip tunable coupler assembly (flux-bias and readout lines integrated into the carrier chip),✅
rigetti-cepheus-1-36q,readout,ro_disp,primary,dispersive; readout fidelity and T1/T2 not in the release,architecture-paper,https://arxiv.org/abs/2308.09240,§II.B (one readout resonator per qubit; readout lines routed through the carrier chip),🔎
rigetti-cepheus-1-36q,code,none,primary,no QEC code run on Cepheus (NISQ),press-technical,https://aws.amazon.com/blogs/quantum-computing/amazon-braket-launches-rigetti-cepheus-1-108q-superconducting-device/,,🔎
rigetti-cepheus-1-36q,decoder,none,primary,no decoder (no QEC),press-technical,https://aws.amazon.com/blogs/quantum-computing/amazon-braket-launches-rigetti-cepheus-1-108q-superconducting-device/,,🔎
rigetti-cepheus-1-36q,interconnect,ic_mcm,primary,"four 9-q chiplets in one MCM joined by inter-module couplers; median 2Q 99.8% (9 q) → 99.6% (36 q), Apr 2026",architecture-paper-figure,https://arxiv.org/abs/2308.09240,"Fig. 1a-c (Bump-Paddle, Bump-Bump, Four-Bump multi-chip coupler designs on a common carrier chip); Fig. 3 (assembled device); Fig. 5 (coherence with indium bumps); §II.B",✅
rigetti-cepheus-1-36q,fab,fab_sc,primary,in-house Fab-1 (Fremont); chiplet MCM,architecture-paper,https://arxiv.org/abs/2308.09240,§II.C Fabrication (qubit chips by standard lithography on high-resistivity Si; indium bump bonding to carrier),✅
rigetti-cepheus-1-36q,fab,∅G-calib,alternate,"ABAA (alternating-bias assisted annealing) post-fab JJ frequency targeting, 97.4% success (Aug 2024)",press-technical,https://postquantum.com/quantum-computing-companies/rigetti/,,✅
rigetti-cepheus-1-108q,carrier,transmon,primary,tunable transmon; 108 q = twelve 9-qubit chiplets in a 3×4 array; GA 7 Apr 2026,architecture-paper-figure,https://arxiv.org/abs/2308.09240,Fig. 1a-c (circuit diagrams: qubits Q1/Q2 on separate chips joined by floating multi-chip coupler); Fig. 3 (photomicrograph of assembled test device),✅
rigetti-cepheus-1-108q,encoding,enc_bare,primary,Bare two-level subspace — Computational subspace of an anharmonic oscillator; leakage to |2⟩ is the price.,inferred,https://aws.amazon.com/blogs/quantum-computing/amazon-braket-launches-rigetti-cepheus-1-108q-superconducting-device/,,🔎
rigetti-cepheus-1-108q,gate,g_tc,primary,"tunable couplers + inter-module couplers; adiabatic CZ ~60 ns (replaced iSWAP); median 2Q 99.1%, 1Q 99.9% (Apr 2026); prototype CZ 99.9% at 28 ns",architecture-paper-figure,https://arxiv.org/abs/2308.09240,"§II.A Design of a floating tunable coupler; Fig. 4 (net qubit-qubit coupling, g=0 point); Fig. 6 (CZ RB on Four-Bump device); §III.C",✅
rigetti-cepheus-1-108q,connect,cx_nn,primary,"square lattice per 9-q chiplet, degree ≤4, tiled to a 108-site lattice",press-technical,https://aws.amazon.com/blogs/quantum-computing/amazon-braket-launches-rigetti-cepheus-1-108q-superconducting-device/,,🔎
rigetti-cepheus-1-108q,control,ct_rt,primary,room-temperature RF control,architecture-paper,https://arxiv.org/abs/2308.09240,§II.B Multi-chip tunable coupler assembly (flux-bias and readout lines integrated into the carrier chip),✅
rigetti-cepheus-1-108q,readout,ro_disp,primary,dispersive; readout fidelity and T1/T2 not in the release,architecture-paper,https://arxiv.org/abs/2308.09240,§II.B (one readout resonator per qubit; readout lines routed through the carrier chip),🔎
rigetti-cepheus-1-108q,code,none,primary,no QEC code run on Cepheus (NISQ),press-technical,https://aws.amazon.com/blogs/quantum-computing/amazon-braket-launches-rigetti-cepheus-1-108q-superconducting-device/,,🔎
rigetti-cepheus-1-108q,decoder,none,primary,no decoder (no QEC),press-technical,https://aws.amazon.com/blogs/quantum-computing/amazon-braket-launches-rigetti-cepheus-1-108q-superconducting-device/,,🔎
rigetti-cepheus-1-108q,interconnect,ic_mcm,primary,"twelve 9-q chiplets (3×4 MCM) joined by inter-module couplers; median 2Q 99.8% (9 q) → 99.6% (36 q) → 99.1% (108 q), Apr 2026",architecture-paper-figure,https://arxiv.org/abs/2308.09240,"Fig. 1a-c (Bump-Paddle, Bump-Bump, Four-Bump multi-chip coupler designs on a common carrier chip); Fig. 3 (assembled device); Fig. 5 (coherence with indium bumps); §II.B",✅
rigetti-cepheus-1-108q,fab,fab_sc,primary,in-house Fab-1 (Fremont); chiplet MCM,architecture-paper,https://arxiv.org/abs/2308.09240,§II.C Fabrication (qubit chips by standard lithography on high-resistivity Si; indium bump bonding to carrier),✅
rigetti-cepheus-1-108q,fab,∅G-calib,alternate,"ABAA (alternating-bias assisted annealing) post-fab JJ frequency targeting, 97.4% success (Aug 2024)",press-technical,https://postquantum.com/quantum-computing-companies/rigetti/,,✅
iqm-garnet-20,carrier,transmon,primary,"tunable transmon; 20 qubits, deployed on Amazon Braket",architecture-paper-figure,https://arxiv.org/abs/2408.12433,Fig. 1b (20-qubit crystal QPU topology: computational qubits (blue) with tunable couplers (green)); §2 QPU Architecture,✅
iqm-garnet-20,encoding,enc_bare,primary,bare transmon two-level subspace; no encoding beyond the physical qubit,inferred,https://iqm.tech/technology/roadmap/,,🔎
iqm-garnet-20,gate,g_tc,primary,"tunable couplers, native CZ; native arbitrary X/Y 1Q rotations",architecture-paper-figure,https://arxiv.org/abs/2408.12433,Fig. 2 (circuit representation of the qubit-coupler-qubit unit); §2.2 Quantum gates; Fig. 8b (1QB/CZ error CDFs),✅
iqm-garnet-20,connect,cx_nn,primary,"Crystal square lattice, degree 4",architecture-paper-figure,https://arxiv.org/abs/2408.12433,Fig. 1b (20-qubit square-lattice crystal topology); §2.1 Connectivity,✅
iqm-garnet-20,control,ct_rt,primary,room-temperature RF control,architecture-paper-figure,https://arxiv.org/abs/2408.12433,Fig. 4 (cryogenic components inside the host dilution refrigerator); Fig. 6 (subrack of IQM QCS electronics); §3.2 QPU control electronics; §2.5 Control routing,✅
iqm-garnet-20,readout,ro_disp,primary,dispersive readout; no Garnet-specific readout figure,architecture-paper-figure,https://arxiv.org/abs/2408.12433,"Fig. 3 (designed readout circuit: S21 and impedance vs frequency, target modes); §2.3 Qubit readout; Fig. 8b (RO error CDF)",✅
iqm-garnet-20,code,none,primary,no code run on IQM hardware (L0/L1); NISQ device,technical-whitepaper,https://iqm.tech/technology/roadmap/,,🔎
iqm-garnet-20,decoder,none,primary,no decoder; no QEC run,technical-whitepaper,https://iqm.tech/technology/roadmap/,,🔎
iqm-garnet-20,interconnect,none,primary,"monolithic single 20-qubit module, no interconnect",inferred,https://iqm.tech/technology/roadmap/,,🔎
iqm-garnet-20,fab,fab_sc,primary,superconducting-qubit fab (IQM); no machine-specific fab source,architecture-paper,https://arxiv.org/abs/2408.12433,§2.5 Control routing and fabrication,✅
iqm-emerald-54,carrier,transmon,primary,"tunable transmon; 54 qubits, Amazon Braket GA 21 Jul 2025; median 1Q 99.93%",architecture-paper-figure,https://arxiv.org/abs/2508.16437,Fig. 1a (quasi-lumped circuit: two transmons + floating coupler),✅
iqm-emerald-54,encoding,enc_bare,primary,bare transmon two-level subspace; no encoding beyond the physical qubit,inferred,https://iqm.tech/technology/roadmap/,,🔎
iqm-emerald-54,gate,g_tc,primary,"tunable couplers, native CZ; median 2Q 99.5% at 54 q (Jul 2025); 2-qubit test chip CZ 99.93% over 40 h (Aug 2025), not a system median",architecture-paper-figure,https://arxiv.org/abs/2508.16437,Fig. 1a (floating coupler qubit); Fig. 3 (interleaved RB of CZ over 40 h),✅
iqm-emerald-54,connect,cx_nn,primary,"Crystal square lattice, degree 4",technical-whitepaper,https://iqm.tech/technology/roadmap/,,✅
iqm-emerald-54,control,ct_rt,primary,"room-temperature RF; IQM real-time QEC demonstrator 20 q + Zurich Instruments ZQCS + NVIDIA NVQLink, <4 µs end-to-end (Mar 2026)",architecture-paper-figure,https://arxiv.org/abs/2508.16437,Appendix A Fig. S1 (experimental setup schematic),✅
iqm-emerald-54,readout,ro_disp,primary,"multiplexed dispersive, 240 ns pulse, >99.94% on a 2-qubit test chip (Aug 2025), not a system median",architecture-paper-figure,https://arxiv.org/abs/2508.16437,Fig. 4f-i (single-shot readout clouds); Table S1 (resonators/Purcell),✅
iqm-emerald-54,code,none,primary,no code run on IQM hardware (L0/L1); targets code_qldpc via tile codes + surface/colour codes on LUMI (2027–29),technical-whitepaper,https://iqm.tech/technology/roadmap/,,🔎
iqm-emerald-54,code,code_qldpc,alternate,"not run: directional tile / barbell qLDPC codes with NN iSWAP on a planar grid, ≈30 circuit qubits per logical, exemplar [[323,14,15]] (theory, Jun 2026)",architecture-paper,https://arxiv.org/abs/2606.19482,,✅
iqm-emerald-54,decoder,none,primary,no decoder deployed on Emerald; targets dec_gpu over NVQLink; real-time QEC demonstrator only,press-technical,https://quantumcomputingreport.com/iqm-and-zurich-instruments-develop-real-time-qec-via-nvidia-nvqlink/,,🔎
iqm-emerald-54,decoder,dec_gpu,alternate,not deployed: GPU decoding over NVIDIA NVQLink with Zurich Instruments ZQCS; 20-q demonstrator <4 µs end-to-end loop (Mar 2026),press-technical,https://quantumcomputingreport.com/iqm-and-zurich-instruments-develop-real-time-qec-via-nvidia-nvqlink/,,✅
iqm-emerald-54,interconnect,none,primary,"monolithic single 54-qubit module, no interconnect",inferred,https://iqm.tech/technology/roadmap/,,🔎
iqm-emerald-54,fab,fab_sc,primary,superconducting-qubit fab (IQM); no machine-specific fab source,inferred,https://iqm.tech/technology/roadmap/,,🔎
iqm-star-24,carrier,transmon,primary,tunable transmon; 24-qubit Star on IQM Resonance cloud,architecture-paper-figure,https://arxiv.org/abs/2503.12869,Fig. 1a (QPU schematic: 4 data + 2 ancilla qubits around central resonator); App. G (qubit specifications),✅
iqm-star-24,encoding,enc_bare,primary,bare transmon two-level subspace; no encoding beyond the physical qubit,inferred,https://iqm.tech/technology/roadmap/,,🔎
iqm-star-24,gate,g_tc,primary,tunable couplers to a central computational resonator,architecture-paper-figure,https://arxiv.org/abs/2503.12869,"Fig. 1a (tunable couplers, green, to central resonator); Fig. 1b (resonator-qubit CZ and MOVE gates)",✅
iqm-star-24,connect,∅G-bus,primary,Star topology: central computational resonator bus giving all-to-all within the cell (degree 23); neither cx_nn nor cx_lr,architecture-paper-figure,https://arxiv.org/abs/2503.12869,Fig. 1a (star topology: all qubits coupled only to the central resonator Res.),✅
iqm-star-24,control,ct_rt,primary,room-temperature RF control,technical-whitepaper,https://iqm.tech/technology/roadmap/,,🔎
iqm-star-24,readout,ro_disp,primary,multiplexed dispersive readout (IQM),architecture-paper,https://arxiv.org/abs/2503.12869,"App. G (Qubit specifications); Fig. 1b (ancilla measurements, final data-qubit readout)",🔎
iqm-star-24,code,none,primary,no QEC code run on IQM hardware; NISQ device (L0),architecture-paper-figure,https://arxiv.org/abs/2503.12869,"§V (Repeated error detection); Fig. 2 (stabilizer expectation values); App. A ([[4,2,2]] codewords)",✅
iqm-star-24,decoder,none,primary,no decoder; no QEC run,technical-whitepaper,https://iqm.tech/technology/roadmap/,,🔎
iqm-star-24,interconnect,none,primary,"monolithic single module, no interconnect",inferred,https://iqm.tech/technology/roadmap/,,🔎
iqm-star-24,fab,fab_sc,primary,superconducting-qubit lithography (IQM); no machine-specific fab source,inferred,https://iqm.tech/technology/roadmap/,,🔎
iqm-halocene-150,carrier,transmon,primary,"tunable transmon; 150 physical qubits, Halocene H4 at CSC Kajaani in 2027 (LUMI-IQ); announced 13 Nov 2025, not delivered",press-technical,https://quantumcomputingreport.com/lumi-ai-factory-selects-iqms-halocene-roadmap-for-europes-first-superconducting-logical-qubit-system/,,✅
iqm-halocene-150,encoding,enc_bare,primary,bare transmon two-level subspace; no encoding beyond the physical qubit,inferred,https://iqm.tech/technology/roadmap/,,🔎
iqm-halocene-150,gate,g_tc,primary,"tunable couplers, native CZ; targets 99.7% physical 2Q at 150 q; tile-code QEC work assumes nearest-neighbour iSWAP",architecture-paper-figure,https://arxiv.org/abs/2606.19482,Fig. 3 (nearest-neighbour directional layers); §III,✅
iqm-halocene-150,connect,cx_nn,primary,"Crystal square lattice, degree 4; Constellation (2-D lattice of Star cells) intended for scalable QEC",architecture-paper-figure,https://arxiv.org/abs/2606.19482,"Fig. 3 (NN directional layers, square grid); §III",✅
iqm-halocene-150,connect,∅G-bus,alternate,"Constellation option: Star cells, each a central computational resonator giving all-to-all within the cell",technical-whitepaper,https://iqm.tech/technology/roadmap/,,✅
iqm-halocene-150,control,ct_rt,primary,room-temperature RF control; modular decoder architecture with NVIDIA NVQLink,technical-whitepaper,https://iqm.tech/technology/roadmap/,,🔎
iqm-halocene-150,readout,ro_disp,primary,"multiplexed dispersive readout (IQM); 240 ns at 99.94% is a 2-qubit test chip, not this system",inferred,https://iqm.tech/technology/roadmap/,,🔎
iqm-halocene-150,code,none,primary,"no code run on IQM hardware; LUMI-IQ targets early QEC 2027, up to 9 logical qubits at d=3 (surface/colour) by 2029",press-technical,https://quantumcomputingreport.com/lumi-ai-factory-selects-iqms-halocene-roadmap-for-europes-first-superconducting-logical-qubit-system/,,✅
iqm-halocene-150,code,code_qldpc,alternate,"directional tile + barbell qLDPC codes with only NN iSWAP on a planar grid; ≈30 circuit qubits per logical, e.g. [[323,14,15]]; numerics only (Jun 2026)",architecture-paper-figure,https://arxiv.org/abs/2606.19482,"Fig. 1 (planar directional tile codes); Fig. 2 (vs surface); §II, §IV",✅
iqm-halocene-150,code,code_surface,alternate,LUMI-IQ target: d=3 surface/colour logical qubits; headroom d=11 surface on one logical; lattice surgery + T teleportation in 2029 (H5),press-technical,https://quantumcomputingreport.com/lumi-ai-factory-selects-iqms-halocene-roadmap-for-europes-first-superconducting-logical-qubit-system/,,✅
iqm-halocene-150,decoder,none,primary,no decoder deployed; real-time correction planned for the 2028 LUMI-IQ upgrade,press-technical,https://quantumcomputingreport.com/lumi-ai-factory-selects-iqms-halocene-roadmap-for-europes-first-superconducting-logical-qubit-system/,,✅
iqm-halocene-150,decoder,dec_gpu,alternate,planned GPU decoding over NVIDIA NVQLink; real-time QEC demonstrator (20 q + Zurich Instruments ZQCS + NVQLink) <4 µs end-to-end (Mar 2026),press-technical,https://quantumcomputingreport.com/iqm-and-zurich-instruments-develop-real-time-qec-via-nvidia-nvqlink/,,✅
iqm-halocene-150,interconnect,none,primary,"monolithic single module, no interconnect",inferred,https://iqm.tech/technology/roadmap/,,🔎
iqm-halocene-150,fab,fab_sc,primary,superconducting-qubit lithography (IQM); no machine-specific fab source,inferred,https://iqm.tech/technology/roadmap/,,🔎
oqc-toshiko-32,carrier,transmon,primary,"Coaxmon transmon: 3-D out-of-plane coaxial control, no on-chip control wiring; 32 qubits, third generation (after Lucy 8, Sophia 4)",architecture-paper-figure,https://arxiv.org/abs/2107.11140,Fig. 1D-F (four-qubit coaxmon circuit in enclosure; transmon + spiral resonator); §II Device architecture,✅
oqc-toshiko-32,encoding,enc_bare,primary,bare transmon two-level subspace; no encoding beyond the physical qubit,inferred,https://oqc.tech/tech/devices/,,🔎
oqc-toshiko-32,gate,undisclosed,primary,"gate mechanism not published: no native 2Q gate name, gate time or connectivity degree; no 1Q/2Q fidelities published",architecture-paper-figure,https://arxiv.org/abs/2107.11140,Fig. 5 (single-qubit RB only); §V Single qubit gate errors,✅
oqc-toshiko-32,connect,cx_nn,primary,nearest-neighbour lattice assumed; connectivity not published,architecture-paper-figure,https://arxiv.org/abs/2107.11140,"Fig. 1D (four qubits in a square lattice, 2 mm spacing); §II",✅
oqc-toshiko-32,control,ct_vio,primary,Coaxmon out-of-plane I/O: control and readout enter perpendicular to the chip plane; no Map station,architecture-paper-figure,https://arxiv.org/abs/2107.11140,Fig. 2A (cross-section of out-of-plane wiring addressing a qubit); Fig. 1A-B (through-holes for out-of-plane wiring),✅
oqc-toshiko-32,control,ct_rt,alternate,room-temperature control delivered out-of-plane (Coaxmon),architecture-paper-figure,https://arxiv.org/abs/2107.11140,Fig. 4A (qubit control line selectivity); §IV.A,🔎
oqc-toshiko-32,readout,ro_disp,primary,"dispersive readout, entering out-of-plane; no readout fidelity published",architecture-paper,https://arxiv.org/abs/2107.11140,"§III Basic characterization / §IX Materials and Methods (heterodyne single-shot readout, 5 µs pulses)",🔎
oqc-toshiko-32,code,none,primary,no QEC; operates entirely with physical qubits (L0),vendor-architecture-page,https://oqc.tech/tech/devices/,,🔎
oqc-toshiko-32,decoder,none,primary,no decoder; no QEC run,vendor-architecture-page,https://oqc.tech/tech/devices/,,🔎
oqc-toshiko-32,interconnect,none,primary,"monolithic single module, no interconnect; separate single-system sites (UK, CESGA Spain, Equinix TY11 Tokyo)",inferred,https://oqc.tech/tech/devices/,,🔎
oqc-toshiko-32,fab,fab_sc,primary,superconducting-qubit lithography (OQC); no machine-specific fab source,architecture-paper,https://arxiv.org/abs/2107.11140,§IX Materials and Methods (enclosure CNC-machined 6061 Al; SPC UT47 coax out-of-plane wiring),✅
oqc-genesis-16,carrier,transmon,primary,"Dimon multimode fixed-frequency transmon as dual-rail qubit in the Coaxmon stack; 16 physical sites, installed Digital Realty JFK10 NYC (Sep 2025)",architecture-paper-figure,https://arxiv.org/abs/2506.15420,Fig. 1b (multimode qubit in coaxial cQED unit cell); §II,✅
oqc-genesis-16,carrier,∅G-dimon,alternate,"Dimon: three islands, two junctions, one dual-rail qubit per device; the transmon node does not capture a multimode single-device dual rail",architecture-paper-figure,https://arxiv.org/abs/2506.15420,"Fig. 1a,b (dimon level diagram, unit cell); §II",✅
oqc-genesis-16,encoding,enc_dualrail,primary,"dual-rail within one Dimon; 16 sites marketed as 16 logical (1:1); error-detected lifetime >1 ms, stable over 50 h (Jun 2025)",architecture-paper-figure,https://arxiv.org/abs/2506.15420,"Fig. 1a (logical subspace, error-detected states); §II",✅
oqc-genesis-16,gate,undisclosed,primary,"no published entangling gate, gate mechanism or 2Q gate fidelity",vendor-architecture-page,https://oqc.tech/resources/beyond-the-bit/dual-rail-dimon-research/,,🔎
oqc-genesis-16,gate,g_bos,alternate,no published entangling gate or gate mechanism; g_bos is an assumption,vendor-architecture-page,https://oqc.tech/resources/beyond-the-bit/dual-rail-dimon-research/,,🔎
oqc-genesis-16,connect,cx_nn,primary,nearest-neighbour lattice assumed; topology not published,vendor-architecture-page,https://oqc.tech/tech/devices/,,🔎
oqc-genesis-16,control,ct_vio,primary,out-of-plane Coaxmon control; NVIDIA GH200 + CUDA-Q installed alongside at JFK10 (Sep 2025),architecture-paper-figure,https://arxiv.org/abs/2506.15420,Fig. 1b (coaxial unit cell); §II (shared coaxial control line),✅
oqc-genesis-16,control,ct_rt,alternate,room-temperature control delivered out-of-plane (Coaxmon); NVIDIA GH200 + CUDA-Q alongside,press-technical,https://quantumcomputingreport.com/oqc-digital-realty-and-nvidia-launch-first-quantum-ai-data-centre-in-new-york-city/,,🔎
oqc-genesis-16,readout,ro_erasure,primary,error-detected readout; logical bit-flip decay second-order not exponential; ~10× error-detected coherence vs constituent modes,architecture-paper-figure,https://arxiv.org/abs/2506.15420,"Fig. 1c,d (EOL three-state readout); Fig. 2 (erasure fraction)",✅
oqc-genesis-16,readout,ro_disp,alternate,error-detected readout of the dual-rail Dimon; underlying dispersive readout not detailed,architecture-paper-figure,https://arxiv.org/abs/2506.15420,"Fig. 1c (EOL readout signal); §II (dispersive shifts χ_QR, χ_DR)",✅
oqc-genesis-16,code,none,primary,"no code: dual-rail error detection at single-qubit level (post-selection), no distance scaling (L1 at best); no logical error rate published",architecture-paper-figure,https://arxiv.org/abs/2506.15420,Fig. 2d–f (post-selected error-detected populations); §III,✅
oqc-genesis-16,code,code_erasure,alternate,"targets erasure code (unnamed): GENESIS 16 logical @1e-3 (2026) → TITAN 200 logical over 2,000 sites @1e-6 (2028)",technical-whitepaper,https://oqc.tech/tech/technical-roadmap,,✅
oqc-genesis-16,decoder,none,primary,no decoder published,vendor-architecture-page,https://oqc.tech/tech/devices/,,🔎
oqc-genesis-16,interconnect,none,primary,"monolithic single 16-site module, no interconnect",inferred,https://oqc.tech/tech/devices/,,🔎
oqc-genesis-16,fab,fab_sc,primary,superconducting-qubit lithography; roadmap moves to 100 mm wafers for TITAN (2028),architecture-paper,https://arxiv.org/abs/2506.15420,§II (device and resonator on opposite sides of substrate; methods per ref. [43]),✅
quantware-contralto-a17,carrier,transmon,primary,"tunable transmon, 17 qubits (9 data + 8 ancilla); early access, general access H1 2026 unconfirmed; no fidelity metrics published",vendor-architecture-page,https://quantware.com/news/introducing-contralto-a-qpu-for-quantum-error-correction,§Introducing Contralto-A (up to 17 flux-tunable transmon qubits); chip photo,✅
quantware-contralto-a17,encoding,enc_bare,primary,Bare two-level subspace — Computational subspace of an anharmonic oscillator; leakage to |2⟩ is the price.,inferred,https://quantware.com/news/quantware-announces-scaling-breakthrough-with-vio-40k,,🔎
quantware-contralto-a17,gate,g_tc,primary,flux-tunable couplers with individual Purcell filters (A-line; D-line uses fixed couplers); no gate fidelities published,vendor-architecture-page,https://quantware.com/news/introducing-contralto-a-qpu-for-quantum-error-correction,§Introducing Contralto-A (tunable couplers and Purcell filters),✅
quantware-contralto-a17,connect,cx_nn,primary,planar square lattice laid out as a d=3 rotated-surface patch (17 = 9 data + 8 ancilla),vendor-architecture-page,https://quantware.com/news/introducing-contralto-a-qpu-for-quantum-error-correction,§Introducing Contralto-A (allows distance-3 surface code implementations),🔎
quantware-contralto-a17,control,ct_vio,primary,"VIO: 3-D out-of-plane signal delivery through a stacked interposer; up to 40,000 lines for 10,000 qubits (VIO-40K, 2028 target)",vendor-architecture-page,https://quantware.com/news/introducing-contralto-a-qpu-for-quantum-error-correction,§Introducing Contralto-A (cost-efficient upgrade path to VIO-powered QPUs),✅
quantware-contralto-a17,control,ct_rt,alternate,room-temperature RF (register),press-technical,https://quantware.com/news/quantware-announces-scaling-breakthrough-with-vio-40k,,🔎
quantware-contralto-a17,readout,ro_disp,primary,dispersive readout with individual Purcell filters (A-line),vendor-architecture-page,https://quantware.com/news/introducing-contralto-a-qpu-for-quantum-error-correction,§Introducing Contralto-A (Purcell filters),🔎
quantware-contralto-a17,code,none,primary,"no code run by QuantWare (L0, customers run codes); Contralto-A positioned as d=3 rotated_surface building block",press-technical,https://quantware.com/news/quantware-announces-scaling-breakthrough-with-vio-40k,,🔎
quantware-contralto-a17,code,code_surface,alternate,targeted: d=3 rotated_surface patch (9 data + 8 ancilla); not demonstrated by the vendor,vendor-architecture-page,https://quantware.com/news/introducing-contralto-a-qpu-for-quantum-error-correction,§Introducing Contralto-A (optimised for running up to a distance-3 surface code),✅
quantware-contralto-a17,decoder,none,primary,no decoder; sold as a component (register decoder=none),press-technical,https://quantware.com/news/quantware-announces-scaling-breakthrough-with-vio-40k,,🔎
quantware-contralto-a17,interconnect,none,primary,monolithic single 17-q chip; VIO chiplet tiling (no published chip-to-chip fidelity) is the 2028 VIO-40K target,press-technical,https://quantware.com/news/quantware-announces-scaling-breakthrough-with-vio-40k,,🔎
quantware-contralto-a17,fab,fab_sc,primary,superconducting QPU supplier fab; KiloFab (Delft) opens 2026 for a claimed 20× capacity increase,press-technical,https://quantware.com/news/quantware-announces-scaling-breakthrough-with-vio-40k,,✅
quantware-tenor-d64,carrier,transmon,primary,"tunable transmon with fixed couplers (D-line); 64 q, ""shipping 2026""",vendor-architecture-page,https://quantware.com/product/processors/d-line,§Tenor-D64 'Shipping in 2026 | 64 qubits' (octagonal chip-board photo); §D-line (tunable transmon qubits),✅
quantware-tenor-d64,encoding,enc_bare,primary,Bare two-level subspace — Computational subspace of an anharmonic oscillator; leakage to |2⟩ is the price.,inferred,https://quantware.com/news/quantware-announces-scaling-breakthrough-with-vio-40k,,🔎
quantware-tenor-d64,gate,g_tc,primary,fixed couplers (D-line); no fidelity metrics published,vendor-architecture-page,https://quantware.com/product/processors/d-line,§D-line (tunable transmon qubits with fixed couplers),✅
quantware-tenor-d64,connect,cx_nn,primary,"planar square lattice per chip, 64 q",press-technical,https://quantware.com/news/quantware-announces-scaling-breakthrough-with-vio-40k,,🔎
quantware-tenor-d64,control,ct_vio,primary,VIO out-of-plane signal delivery is QuantWare's packaging product; note does not state Tenor-D64 uses it,vendor-architecture-page,https://quantware.com/product/processors/d-line,§D-line (Baritone-D450 / Bass-D18K photos labelled VIO modules; Tenor-D64 photo not),🔎
quantware-tenor-d64,control,ct_rt,alternate,room-temperature RF control,press-technical,https://quantware.com/news/quantware-announces-scaling-breakthrough-with-vio-40k,,🔎
quantware-tenor-d64,readout,ro_disp,primary,dispersive,inferred,https://quantware.com/news/quantware-announces-scaling-breakthrough-with-vio-40k,,🔎
quantware-tenor-d64,code,none,primary,no QEC code run by QuantWare (customers run codes); sold as component,press-technical,https://quantware.com/news/quantware-announces-scaling-breakthrough-with-vio-40k,,🔎
quantware-tenor-d64,decoder,none,primary,no decoder (no QEC),press-technical,https://quantware.com/news/quantware-announces-scaling-breakthrough-with-vio-40k,,🔎
quantware-tenor-d64,interconnect,none,primary,"monolithic single 64-q chip, no interconnect",inferred,https://quantware.com/news/quantware-announces-scaling-breakthrough-with-vio-40k,,🔎
quantware-tenor-d64,fab,fab_sc,primary,QuantWare superconducting QPU fab; KiloFab (Delft) opens 2026 for a claimed 20× capacity increase,press-technical,https://quantware.com/news/quantware-announces-scaling-breakthrough-with-vio-40k,,✅
quantware-vio-40k,carrier,transmon,primary,"tunable transmon chiplets; 10,000-qubit processor is a 2028 target spec, not a built device",vendor-architecture-page,https://quantware.com/news/quantware-announces-scaling-breakthrough-with-vio-40k,§VIO-40K announcement (QPUs with 10 KiloQubits),🔎
quantware-vio-40k,encoding,enc_bare,primary,Bare two-level subspace — Computational subspace of an anharmonic oscillator; leakage to |2⟩ is the price.,inferred,https://quantware.com/news/quantware-announces-scaling-breakthrough-with-vio-40k,,🔎
quantware-vio-40k,gate,g_tc,primary,"chiplets stitched by ""ultra-high-fidelity chip-to-chip connections""; no fidelity figure published",vendor-architecture-page,https://quantware.com/news/quantware-announces-scaling-breakthrough-with-vio-40k,§VIO-40K announcement (chiplet modules via ultra-high-fidelity chip-to-chip connections),🔎
quantware-vio-40k,connect,cx_nn,primary,chiplets tile without edge penalties (VIO removes the edge-routing penalty),press-technical,https://quantware.com/news/quantware-announces-scaling-breakthrough-with-vio-40k,,✅
quantware-vio-40k,control,ct_vio,primary,"VIO: 3-D out-of-plane signal delivery through a stacked interposer; up to 40,000 lines for 10,000 qubits (4 lines/qubit), 2028 target spec",vendor-architecture-page,https://quantware.com/news/quantware-announces-scaling-breakthrough-with-vio-40k,"§VIO-40K announcement (40,000 input–output lines; VIO 3D scaling architecture)",✅
quantware-vio-40k,control,ct_rt,alternate,room-temperature control lines delivered out-of-plane via VIO interposer (2028 target),press-technical,https://quantware.com/news/quantware-announces-scaling-breakthrough-with-vio-40k,,🔎
quantware-vio-40k,readout,ro_disp,primary,dispersive,inferred,https://quantware.com/news/quantware-announces-scaling-breakthrough-with-vio-40k,,🔎
quantware-vio-40k,code,none,primary,"no QEC code run (announced architecture, first shipments 2028); customers run codes",press-technical,https://quantware.com/news/quantware-announces-scaling-breakthrough-with-vio-40k,,🔎
quantware-vio-40k,decoder,none,primary,no decoder (no QEC),press-technical,https://quantware.com/news/quantware-announces-scaling-breakthrough-with-vio-40k,,🔎
quantware-vio-40k,interconnect,ic_mcm,primary,VIO chiplet tiling via chip-to-chip connections; interface fidelity unpublished; first customer shipments 2028,vendor-architecture-page,https://quantware.com/news/quantware-announces-scaling-breakthrough-with-vio-40k,§VIO-40K announcement (consists entirely of chiplet modules connected via chip-to-chip connections),✅
quantware-vio-40k,fab,fab_sc,primary,QuantWare superconducting QPU fab; KiloFab (Delft) opens 2026 for a claimed 20× capacity increase,vendor-architecture-page,https://quantware.com/news/quantware-announces-scaling-breakthrough-with-vio-40k,"§VIO-40K announcement (Kilofab, Delft, opens 2026, 20× capacity)",✅
seeqc-sfq-5q,carrier,transmon,primary,transmon; 5 physical qubits (Mar 2026),architecture-paper,https://arxiv.org/abs/2503.09879,Supp. §A Device Design and Fabrication; Fig. 1 (system-level overview),✅
seeqc-sfq-5q,encoding,enc_bare,primary,Bare two-level subspace — Computational subspace of an anharmonic oscillator; leakage to |2⟩ is the price.,inferred,https://www.businesswire.com/news/home/20260318263078/en/SEEQC-Reports-First-Quantum-Computer-with-Integrated-Qubit-Control-on-a-Chip-at-Millikelvin-Temperatures,,🔎
seeqc-sfq-5q,gate,undisclosed,primary,"no entangling gate published under SFQ control; single-qubit charge control by SFQ pulse trains, 1Q >99.5%, peaks >99.9% (Mar 2026)",architecture-paper-figure,https://arxiv.org/abs/2503.09879,Fig. S2 (2Q Gate Results); Supp. §I 2Q Calibration and Benchmarking,✅
seeqc-sfq-5q,connect,cx_nn,primary,connectivity not published; 5-qubit system,architecture-paper,https://arxiv.org/abs/2503.09879,Supp. §A Device Design and Fabrication (centre qubit capacitively coupled to 4 outer qubits); Fig. S1 (Experimental Diagram),✅
seeqc-sfq-5q,control,ct_sfq,primary,"SFQ digital logic co-located with qubits at 10 mK; digital demultiplexing, <1 line per qubit; ~1 nW per qubit; no detectable quasiparticle poisoning (Mar 2026)",architecture-paper-figure,https://arxiv.org/abs/2503.09879,Fig. 1 (RT vs 4K cryo-CMOS vs integrated SFQ control); Fig. 3 (SFQ demultiplexer); Fig. S3 (SFQ Circuit Schematics); §Demultiplexer (DMX) Results; §Power Dissipation,✅
seeqc-sfq-5q,readout,ro_disp,primary,dispersive; digital on-die readout is a stated next milestone,architecture-paper,https://arxiv.org/abs/2503.09879,Supp. §B Experimental Setup; Fig. S1 (Experimental Diagram),🔎
seeqc-sfq-5q,code,none,primary,no QEC code run (L0),press-technical,https://www.businesswire.com/news/home/20260318263078/en/SEEQC-Reports-First-Quantum-Computer-with-Integrated-Qubit-Control-on-a-Chip-at-Millikelvin-Temperatures,,🔎
seeqc-sfq-5q,decoder,none,primary,no decoder (no QEC),press-technical,https://www.businesswire.com/news/home/20260318263078/en/SEEQC-Reports-First-Quantum-Computer-with-Integrated-Qubit-Control-on-a-Chip-at-Millikelvin-Temperatures,,🔎
seeqc-sfq-5q,interconnect,ic_multidie,primary,flip-chip SFQ die co-packaged with the qubits inside one module; no inter-module interconnect,architecture-paper,https://arxiv.org/abs/2503.09879,"Supp. §A Device Design and Fabrication (flip-chip MCM: 5x5 mm qubit chip on 10x10 mm SFQ carrier, 10 um gap, In bumps)",🔎
seeqc-sfq-5q,fab,fab_sc,primary,"Superconducting-qubit lithography (Nb/Al JJ, 300 mm) — IBM Albany 300 mm / Anderon foundry; Google Santa Barbara; Rigetti ABAA trimming (97.4% frequency-targeting success); OQC 500-qubit wafer-scale…",architecture-paper,https://arxiv.org/abs/2503.09879,"Supp. §A Device Design and Fabrication (SEEQC SFQuClass Nb process, 1 kA/cm2 JJs, high-kinetic-inductance layer)",✅
anyon-monarq-24,carrier,transmon,primary,"transmon, 24 qubits, vertically integrated in-house; delivered to Calcul Québec Dec 2025; no coherence published",vendor-architecture-page,https://www.anyonsys.com/en,"§Qube (24-qubit integrated superconducting quantum computer, deployed at Calcul Québec)",✅
anyon-monarq-24,encoding,enc_bare,primary,bare transmon two-level subspace; no encoding beyond the physical qubit,inferred,https://thequantuminsider.com/2026/05/15/10-plus-companies-leading-the-quantum-technologies-race-in-china/,,🔎
anyon-monarq-24,gate,g_tc,primary,tunable-coupler gate assumed; gate mechanism and fidelities not published,press-technical,https://thequantuminsider.com/2026/05/15/10-plus-companies-leading-the-quantum-technologies-race-in-china/,,🔎
anyon-monarq-24,connect,cx_nn,primary,topology not published; static nearest-neighbour lattice assumed,press-technical,https://thequantuminsider.com/2026/05/15/10-plus-companies-leading-the-quantum-technologies-race-in-china/,,🔎
anyon-monarq-24,control,ct_rt,primary,"room-temperature RF control, vertically integrated in-house",vendor-architecture-page,https://www.calculquebec.ca/en/communiques/quantum-computer-monarq/,§How does a quantum computer like MonarQ work? (microwave pulses manipulate qubits; helium cryostat),🔎
anyon-monarq-24,readout,ro_disp,primary,dispersive readout; no readout fidelity published,vendor-architecture-page,https://www.calculquebec.ca/en/communiques/quantum-computer-monarq/,§How does a quantum computer like MonarQ work? (microwave signal analysis reads qubit state),🔎
anyon-monarq-24,code,none,primary,"no QEC code run; NISQ device (L0), no fidelities published",press-technical,https://thequantuminsider.com/2026/05/15/10-plus-companies-leading-the-quantum-technologies-race-in-china/,,🔎
anyon-monarq-24,decoder,none,primary,no decoder; no QEC run,press-technical,https://thequantuminsider.com/2026/05/15/10-plus-companies-leading-the-quantum-technologies-race-in-china/,,🔎
anyon-monarq-24,interconnect,none,primary,"monolithic single 24-qubit module, no interconnect",inferred,https://thequantuminsider.com/2026/05/15/10-plus-companies-leading-the-quantum-technologies-race-in-china/,,🔎
anyon-monarq-24,fab,fab_sc,primary,"superconducting-qubit fab, vertically integrated in-house; process not published",inferred,https://thequantuminsider.com/2026/05/15/10-plus-companies-leading-the-quantum-technologies-race-in-china/,,🔎
qolab-iqcc,carrier,transmon,primary,"transmon; qubit count not disclosed; devices installed at IQCC Tel Aviv Dec 2025, Madison devices via IQCC cloud",vendor-architecture-page,https://qolab.ai/technology,"§Component integration (140 mm x 140 mm qubit die, up to 20,000 qubits); §Window-junction process",🔎
qolab-iqcc,encoding,enc_bare,primary,Bare two-level subspace — Computational subspace of an anharmonic oscillator; leakage to |2⟩ is the price.,inferred,https://thequantuminsider.com/2026/05/15/10-plus-companies-leading-the-quantum-technologies-race-in-china/,,🔎
qolab-iqcc,gate,g_tc,primary,tunable coupler (register); no fidelities published,press-technical,https://thequantuminsider.com/2026/05/15/10-plus-companies-leading-the-quantum-technologies-race-in-china/,,🔎
qolab-iqcc,connect,cx_nn,primary,connectivity not published (register),press-technical,https://thequantuminsider.com/2026/05/15/10-plus-companies-leading-the-quantum-technologies-race-in-china/,,🔎
qolab-iqcc,control,ct_rt,primary,room-temperature RF (register),vendor-architecture-page,https://qolab.ai/product,"§Core Capabilities (direct access to microwave and flux pulses; packaging, wiring, filtering, shielding)",🔎
qolab-iqcc,readout,ro_disp,primary,dispersive readout (register),vendor-architecture-page,https://qolab.ai/technology,§Cryogenic integrated circuits (Josephson photomultipliers + SQUID amplifiers replace TWPAs and circulators),🔎
qolab-iqcc,code,none,primary,no QEC code (L0); no fidelities or coherence published,press-technical,https://thequantuminsider.com/2026/05/15/10-plus-companies-leading-the-quantum-technologies-race-in-china/,,🔎
qolab-iqcc,decoder,none,primary,no decoder; no real-time path (register),press-technical,https://thequantuminsider.com/2026/05/15/10-plus-companies-leading-the-quantum-technologies-race-in-china/,,🔎
qolab-iqcc,interconnect,none,primary,"monolithic, single module; no interconnect",vendor-architecture-page,https://qolab.ai/technology,"§Component integration (qubit + wiring wafers bonded into a tiling module, capacitively coupled to neighbours)",🔎
qolab-iqcc,fab,fab_sc,primary,"superconducting fab focus: repeatability, flux-noise reduction, manufacturability",vendor-architecture-page,https://qolab.ai/technology,"§Window-junction process; SEM figure (a) tilted-angle SEM of the window junction, (b) magnified junction",✅
qolab-iqcc,fab,fab_cmos,alternate,manufacturability with advanced semiconductor processes (claimed),vendor-architecture-page,https://qolab.ai/technology,§Window-junction process (semiconductor-compatible; scales to 300 mm wafers),✅
iqcc-facility,carrier,transmon,primary,"25-qubit QuantWare superconducting QPU (deployed 24 Jun 2024, Tel Aviv University); 2026 inventory not found",press-technical,https://thequantuminsider.com/2026/05/15/10-plus-companies-leading-the-quantum-technologies-race-in-china/,,🔎
iqcc-facility,encoding,enc_bare,primary,bare transmon two-level subspace; no encoding beyond the physical qubit,inferred,https://thequantuminsider.com/2026/05/15/10-plus-companies-leading-the-quantum-technologies-race-in-china/,,🔎
iqcc-facility,gate,g_tc,primary,tunable coupler; no fidelities published,press-technical,https://thequantuminsider.com/2026/05/15/10-plus-companies-leading-the-quantum-technologies-race-in-china/,,🔎
iqcc-facility,connect,cx_nn,primary,"planar lattice, degree 4",press-technical,https://thequantuminsider.com/2026/05/15/10-plus-companies-leading-the-quantum-technologies-race-in-china/,,🔎
iqcc-facility,control,ct_rt,primary,"Quantum Machines OPX1000 (designed for 1,000+ qubits) coupled to NVIDIA DGX Quantum (Grace Hopper + DGX H100); loop latency not published",vendor-architecture-page,https://i-qcc.com/testbed/,§High-End Technical Specifications (Quantum Machines OPX1000 modular high-density hybrid control platform; QDAC II; Bluefors LD250),✅
iqcc-facility,readout,ro_disp,primary,dispersive readout; no readout fidelity published,inferred,https://thequantuminsider.com/2026/05/15/10-plus-companies-leading-the-quantum-technologies-race-in-china/,,🔎
iqcc-facility,code,none,primary,no QEC code run; NISQ device,press-technical,https://thequantuminsider.com/2026/05/15/10-plus-companies-leading-the-quantum-technologies-race-in-china/,,🔎
iqcc-facility,decoder,none,primary,"no decoder run; dec_gpu-capable via DGX Quantum, nothing run",vendor-architecture-page,https://www.i-qcc.com/,§Low-latency hardware. Flexible software. (2 us round-trip latency for quantum-classical hybrid workloads),🔎
iqcc-facility,interconnect,none,primary,"monolithic single 25-qubit module, no interconnect",inferred,https://thequantuminsider.com/2026/05/15/10-plus-companies-leading-the-quantum-technologies-race-in-china/,,🔎
iqcc-facility,fab,fab_sc,primary,superconducting-qubit fab (QuantWare QPU); no machine-specific fab source,inferred,https://thequantuminsider.com/2026/05/15/10-plus-companies-leading-the-quantum-technologies-race-in-china/,,🔎
quamcore,carrier,transmon,primary,"superconducting qubits (transmon per register); no qubit count; architecture designed and simulated, no hardware built (Aug 2025)",press-technical,https://thequantuminsider.com/2026/05/15/10-plus-companies-leading-the-quantum-technologies-race-in-china/,,🔎
quamcore,encoding,enc_bare,primary,Bare two-level subspace — Computational subspace of an anharmonic oscillator; leakage to |2⟩ is the price.,inferred,https://thequantuminsider.com/2026/05/15/10-plus-companies-leading-the-quantum-technologies-race-in-china/,,🔎
quamcore,gate,undisclosed,primary,gate mechanism not published; no hardware built as of Aug 2025,press-technical,https://thequantuminsider.com/2026/05/15/10-plus-companies-leading-the-quantum-technologies-race-in-china/,,🔎
quamcore,connect,cx_nn,primary,connectivity not published (register),press-technical,https://thequantuminsider.com/2026/05/15/10-plus-companies-leading-the-quantum-technologies-race-in-china/,,🔎
quamcore,control,ct_sfq,primary,"ultra-low-power superconducting control logic inside the cryostat, no 300 K→mK cabling; 1,000,000 qubits per cryostat targeted (Aug 2025 claim)",vendor-architecture-page,https://www.quamcore.com/,§QuamCore's Superconducting Quantum Processor Architecture is Built to Solve the Scalability Challenge (superconducting digital logic chipset at mK; cabling >1000x lower),✅
quamcore,control,ct_cryocmos,alternate,"in-cryostat control logic (claimed; designed and simulated only, Aug 2025)",vendor-architecture-page,https://www.quamcore.com/,§QuamCore's Superconducting Quantum Processor Architecture ... (integrated digital superconducting chipset),🔎
quamcore,readout,ro_disp,primary,dispersive readout (register),inferred,https://thequantuminsider.com/2026/05/15/10-plus-companies-leading-the-quantum-technologies-race-in-china/,,🔎
quamcore,code,none,primary,"no QEC code; no hardware built (PLANNED, design only)",vendor-architecture-page,https://www.quamcore.com/,"§QuamCore's Superconducting Quantum Processor Architecture ... (Error-Correction-Aware Design, built-in error-correction capabilities)",🔎
quamcore,decoder,none,primary,no decoder; no real-time path (register),press-technical,https://thequantuminsider.com/2026/05/15/10-plus-companies-leading-the-quantum-technologies-race-in-china/,,🔎
quamcore,interconnect,none,primary,"single-cryostat architecture, no interconnect published",vendor-architecture-page,https://www.quamcore.com/,§QuamCore's Superconducting Quantum Processor Architecture ... (over 1 million qubits in a single cryostat),✅
quamcore,fab,fab_sc,primary,"Superconducting-qubit lithography (Nb/Al JJ, 300 mm) — IBM Albany 300 mm / Anderon foundry; Google Santa Barbara; Rigetti ABAA trimming (97.4% frequency-targeting success); OQC 500-qubit wafer-scale…",inferred,https://thequantuminsider.com/2026/05/15/10-plus-companies-leading-the-quantum-technologies-race-in-china/,,🔎
aws-ocelot,carrier,cavity,primary,"5 cat data modes in CPW resonators (5.24–5.41 GHz), stabilised by two-photon dissipation via 5 buffer modes; storage T1 >60 µs, T2 >80 µs",architecture-paper-figure,https://arxiv.org/abs/2409.13025,"Fig. 1a-c (storage modes S1-S5, buffers B1-B5); §II",✅
aws-ocelot,encoding,enc_cat,primary,"two-legged cat, |α|² swept 1→4, best ≈1.5; at |α|²=2 bit-flip >1 ms, phase-flip 27–33 µs, noise bias >30 (Feb 2025)",architecture-paper-figure,https://arxiv.org/abs/2409.13025,"Fig. 1e (cat Wigner functions), Fig. 1f (bit-/phase-flip times)",✅
aws-ocelot,gate,g_bos,primary,"noise-biased cat–transmon CX, ancilla in |g⟩+|f⟩ with χ-matching; CX cycle 3 µs; per-cycle bit-flip 3.5(4)e-3, phase-flip 9.6(4)e-2",architecture-paper-figure,https://arxiv.org/abs/2409.13025,Fig. 2 (noise-biased CX gate); §III,✅
aws-ocelot,connect,cx_nn,primary,1-D repetition-code chain of 5 cats + 4 transmon ancillas: d=3 (two 3-qubit subsections) and d=5 (full array); no 2-D code,architecture-paper-figure,https://arxiv.org/abs/2409.13025,"Fig. 1a-b,d (5 cats + 4 ancillas, tunable couplers C_ij); §II",✅
aws-ocelot,control,ct_rt,primary,"room-temperature control; ~19 microwave modes (buffers, readout, Purcell and bandpass filters, tunable couplers) on a 9-qubit device",architecture-paper,https://arxiv.org/abs/2409.13025,App. B (Control lines and fridge setup),🔎
aws-ocelot,readout,ro_disp,primary,multiplexed dispersive readout of the 4 fixed-frequency transmon ancillas through Purcell-filtered readout resonators,architecture-paper,https://www.nature.com/articles/s41586-025-08642-7,,✅
aws-ocelot,code,code_bosonic,primary,"two-legged cat ⊗ repetition code; logical error/cycle d=3 1.75(2)%, d=5 1.65(3)% at |α|²≈1.5 ⇒ Λ≈1.06 (Feb 2025)",architecture-paper-figure,https://www.nature.com/articles/s41586-025-08642-7,"Fig. 3 (phase-flip correction circuit), Fig. 5 (logical memory performance); §IV-VI",✅
aws-ocelot,decoder,dec_mwpm,primary,"1-D matching decoder run offline; no real-time decoder claimed, no decode latency published vs 2.8 µs QEC cycle",architecture-paper,https://arxiv.org/abs/2409.13025,App. H (Repetition Code Data Analysis),🔎
aws-ocelot,decoder,none,alternate,no real-time decoder: 1-D matching run offline only,architecture-paper,https://arxiv.org/abs/2409.13025,App. H (Repetition Code Data Analysis),🔎
aws-ocelot,interconnect,ic_multidie,primary,"two dies flip-chip bonded with indium bumps in one module: Al die 16×14 mm² (junctions, buffers, transmons) + Ta die 20×20 mm² (storage modes)",architecture-paper,https://arxiv.org/abs/2409.13025,App. A (Device fabrication),✅
aws-ocelot,fab,fab_sc,primary,"separately fabricated Al die (nonlinear elements) and Ta die (high-Q storage) on high-resistivity Si, decoupling Ta growth from junction processing",architecture-paper,https://arxiv.org/abs/2409.13025,App. A (Device fabrication),✅
aws-dualrail,carrier,transmon,primary,each dual-rail qubit is two resonantly coupled tunable transmons (not cavities),architecture-paper-figure,https://arxiv.org/abs/2604.16292,Fig. 1a-b (two coupled transmons); §II,✅
aws-dualrail,encoding,enc_dualrail,primary,"one excitation across two coupled transmons; erasure error 2.54(1)e-2 per check, residual logical error 6.0(2)e-4 per check (Apr 2026)",architecture-paper-figure,https://arxiv.org/abs/2604.16292,Fig. 1a-b (single-excitation subspace); Fig. 2c-d (ILRB),✅
aws-dualrail,gate,g_bos,primary,"ancilla-mediated gates with continuous parallel erasure detection: median 7.2e-5 error per gate, detection overhead <1e-5 (Apr 2026)",architecture-paper,https://arxiv.org/abs/2604.16292,§V (Continuous Parallel Erasure Detection); App. F,✅
aws-dualrail,connect,cx_nn,primary,pairwise coupling,architecture-paper-figure,https://arxiv.org/abs/2604.16292,Fig. 1a-b (coupled transmon pair + shared resonator),✅
aws-dualrail,control,ct_rt,primary,room-temperature control,architecture-paper,https://arxiv.org/html/2604.16292v1,,🔎
aws-dualrail,readout,ro_erasure,primary,"symmetrically coupled resonator (χ_DR/χ <1e-2): single-shot erasure check in 384 ns, residual logical error 6.0(2)e-4, dephasing 8(3)e-5 per check",architecture-paper-figure,https://arxiv.org/abs/2604.16292,"Fig. 1 (symmetric resonator + Purcell filter), Fig. 2a-b (χ-matching), Fig. 3; §II-IV",✅
aws-dualrail,code,code_erasure,primary,"dual-rail erasure conversion only; code targeted, not run; no distance scaling (L1)",architecture-paper,https://arxiv.org/html/2604.16292v1,,🔎
aws-dualrail,decoder,none,primary,"no decoder; erasure conversion only, no code run",architecture-paper,https://arxiv.org/html/2604.16292v1,,🔎
aws-dualrail,interconnect,none,primary,"monolithic single module, no interconnect",inferred,https://arxiv.org/html/2604.16292v1,,🔎
aws-dualrail,fab,fab_sc,primary,superconducting tunable-transmon chip; no machine-specific fab detail published,architecture-paper,https://arxiv.org/abs/2604.16292,App. A (Device),🔎
aliceandbob-boson-4,carrier,cavity,primary,"single dissipatively stabilised cat qubit on a transmon-free characterisation chip; bit-flip ≈430 s (7 min), 2024 record (May 2024)",architecture-paper-figure,https://arxiv.org/abs/2307.06617,Fig. 1 (bistable cat qubit; memory resonator + ATS buffer),🔎
aliceandbob-boson-4,encoding,enc_cat,primary,two-legged cat stabilised by two-photon dissipation; bit-flip ≈430 s on the transmon-free design,technical-whitepaper,https://alice-bob.com/newsroom/alice-bob-quantum-computing-roadmap/,,🔎
aliceandbob-boson-4,gate,g_bos,primary,bosonic Z gate on a single cat qubit,architecture-paper-figure,https://arxiv.org/abs/2307.06617,Fig. 2 (holonomic Z gate tomography); Fig. 4 (control),🔎
aliceandbob-boson-4,connect,cx_nn,primary,single cat qubit; no qubit–qubit coupling,technical-whitepaper,https://alice-bob.com/newsroom/alice-bob-quantum-computing-roadmap/,,🔎
aliceandbob-boson-4,control,ct_rt,primary,room-temperature control,architecture-paper-figure,https://arxiv.org/abs/2307.06617,Fig. 4 (quantum control preserving bit-flip protection),🔎
aliceandbob-boson-4,readout,ro_disp,primary,dispersive readout,architecture-paper,https://arxiv.org/abs/2307.06617,Main text: readout via ATS/buffer longitudinal coupling,🔎
aliceandbob-boson-4,code,code_bosonic,primary,"two-legged cat only; single-cat chip, no outer code",technical-whitepaper,https://alice-bob.com/newsroom/alice-bob-quantum-computing-roadmap/,,🔎
aliceandbob-boson-4,decoder,none,primary,no decoder published for any Alice & Bob device,technical-whitepaper,https://alice-bob.com/newsroom/alice-bob-quantum-computing-roadmap/,,🔎
aliceandbob-boson-4,interconnect,none,primary,"monolithic single-cat chip, no interconnect",inferred,https://alice-bob.com/newsroom/alice-bob-quantum-computing-roadmap/,,🔎
aliceandbob-boson-4,fab,fab_sc,primary,superconducting transmon-free cat circuit; fab process not published,architecture-paper,https://arxiv.org/abs/2307.06617,"Appendix/Methods: fabrication (Ta on sapphire, Dolan Al JJ)",🔎
aliceandbob-boson-4,fab,fab_3d,alternate,3-D machined superconducting-cavity heritage of the cat-qubit line; no machine-specific cavity fab published,inferred,https://alice-bob.com/newsroom/alice-bob-quantum-computing-roadmap/,,🔎
aliceandbob-helium-2,carrier,cavity,primary,"12-cat-qubit chip, galvanically coupled, transmon-free cats at n̄=11; bit-flip >1 h (33–60 min 95% CI), Sep 2025, preliminary",press-technical,https://alice-bob.com/newsroom/alice-bob-surpasses-bit-flip-stability-record,,✅
aliceandbob-helium-2,encoding,enc_cat,primary,two-legged cat at n̄=11: bit-flip >1 h (33–60 min 95% CI); phase-flip time not measured in that run (Sep 2025),press-technical,https://alice-bob.com/newsroom/alice-bob-surpasses-bit-flip-stability-record,,✅
aliceandbob-helium-2,gate,g_bos,primary,Z gate 94.2% fidelity in 26.5 ns (Sep 2025); no cat–cat CNOT demonstrated,press-technical,https://alice-bob.com/newsroom/alice-bob-surpasses-bit-flip-stability-record,,✅
aliceandbob-helium-2,connect,cx_nn,primary,1-D repetition chain on the 12-cat chip,press-technical,https://alice-bob.com/newsroom/alice-bob-surpasses-bit-flip-stability-record,,🔎
aliceandbob-helium-2,control,ct_rt,primary,room-temperature control,press-technical,https://alice-bob.com/newsroom/alice-bob-surpasses-bit-flip-stability-record,,🔎
aliceandbob-helium-2,readout,ro_disp,primary,dispersive readout,inferred,https://alice-bob.com/newsroom/alice-bob-surpasses-bit-flip-stability-record,,🔎
aliceandbob-helium-2,code,code_bosonic,primary,"two-legged cat at n̄=11; register also lists squeezed cat (×160 bit-flip lifetime, no phase-flip penalty, Mar 2025); no logical error rate",press-technical,https://alice-bob.com/newsroom/alice-bob-surpasses-bit-flip-stability-record,,🔎
aliceandbob-helium-2,decoder,none,primary,no decoder published for any Alice & Bob device,press-technical,https://alice-bob.com/newsroom/alice-bob-surpasses-bit-flip-stability-record,,🔎
aliceandbob-helium-2,interconnect,none,primary,"monolithic single 12-cat chip, no interconnect",inferred,https://alice-bob.com/newsroom/alice-bob-surpasses-bit-flip-stability-record,,🔎
aliceandbob-helium-2,fab,fab_sc,primary,galvanically coupled transmon-free cat circuits on one chip; fab process not published,inferred,https://alice-bob.com/newsroom/alice-bob-surpasses-bit-flip-stability-record,,🔎
aliceandbob-helium-2,fab,fab_3d,alternate,3-D machined superconducting-cavity heritage of the cat-qubit line; no machine-specific cavity fab published,inferred,https://alice-bob.com/newsroom/alice-bob-surpasses-bit-flip-stability-record,,🔎
aliceandbob-helium,carrier,cavity,primary,"18 dissipatively stabilised cat qubits encoding 1 logical qubit (on-prem system, Jun 2026); next chip 48 cats",technical-whitepaper,https://alice-bob.com/wp-content/uploads/2024/12/Think-Inside-The-Box-Alice-Bob-Whitepaper.pdf,"Fig. 'A Cat Qubit Zoom-In' (sapphire chip, resonator, buffer); Fig. 'The Helium Chip' (16 cat qubits, 72 ports); §The Hardware Behind Cat Qubits",✅
aliceandbob-helium,encoding,enc_cat,primary,two-legged cat encoding across 18 cats; no logical error rate published for the logical qubit,technical-whitepaper,https://alice-bob.com/wp-content/uploads/2024/12/Think-Inside-The-Box-Alice-Bob-Whitepaper.pdf,§More Than a Pendulum: Cat's Autonomous Stabilization; §Bit-Flips Protection Record; Fig. 'Exponential Suppression of Bit-Flips on Boson 4',✅
aliceandbob-helium,gate,g_bos,primary,bosonic gates; Felis SDK compiles noise-biased instruction sets,technical-whitepaper,https://alice-bob.com/wp-content/uploads/2024/12/Think-Inside-The-Box-Alice-Bob-Whitepaper.pdf,§MILESTONE 2 Challenge 1: Mirror the Phase (CNOT); §MILESTONE 1 Challenge 3: Run Cat Qubit Operations; §MILESTONE 4 Challenge 1: Create Magic States (Toffoli),✅
aliceandbob-helium,connect,cx_nn,primary,1-D repetition code for phase flips across the 18-cat chip,technical-whitepaper,https://alice-bob.com/wp-content/uploads/2024/12/Think-Inside-The-Box-Alice-Bob-Whitepaper.pdf,Fig. 'The Helium Chip' (16 cat qubits connected in a looped line); Fig. 'Surface Code vs Cat Qubit Architecture' (1-D phase-flip correction); §Cats' Hardware Efficiency: Repetition Code and LDPC Connectivity,✅
aliceandbob-helium,control,ct_rt,primary,"room-temperature control; self-contained on-prem cabinet ~40 kW, 18–25 °C, 45–65% RH, <60 dB (Jun 2026)",technical-whitepaper,https://alice-bob.com/wp-content/uploads/2024/12/Think-Inside-The-Box-Alice-Bob-Whitepaper.pdf,"§The Hardware Behind Cat Qubits (72 ports, microwave delivery, 10 mK dilution refrigerator)",🔎
aliceandbob-helium,readout,ro_disp,primary,dispersive readout,technical-whitepaper,https://alice-bob.com/wp-content/uploads/2024/12/Think-Inside-The-Box-Alice-Bob-Whitepaper.pdf,§MILESTONE 2 Challenge 2: Count the Flips (X measurement of auxiliary cats detects phase-flips),🔎
aliceandbob-helium,code,code_bosonic,primary,cat repetition code: 18 cats → 1 logical qubit (Jun 2026); no logical error rate published,technical-whitepaper,https://alice-bob.com/wp-content/uploads/2024/12/Think-Inside-The-Box-Alice-Bob-Whitepaper.pdf,§Cats' Hardware Efficiency: Repetition Code and LDPC Connectivity; §MILESTONE 2: Build a Logical Qubit; Fig. 'Error Rate vs Qubit Count for Logical Qubits',✅
aliceandbob-helium,decoder,none,primary,no decoder published for any Alice & Bob device,technical-whitepaper,https://alice-bob.com/wp-content/uploads/2024/12/Think-Inside-The-Box-Alice-Bob-Whitepaper.pdf,"§MILESTONE 4 Challenge 2: Correct Errors, Live",✅
aliceandbob-helium,interconnect,none,primary,"monolithic single module in a self-contained cabinet, no interconnect",technical-whitepaper,https://alice-bob.com/wp-content/uploads/2024/12/Think-Inside-The-Box-Alice-Bob-Whitepaper.pdf,§MILESTONE 3 Challenge 1: Connect Logical Qubits,✅
aliceandbob-helium,fab,fab_sc,primary,superconducting cat-qubit chip; fab process not published,technical-whitepaper,https://alice-bob.com/wp-content/uploads/2024/12/Think-Inside-The-Box-Alice-Bob-Whitepaper.pdf,§The Hardware Behind Cat Qubits (sapphire chips with printed superconducting circuits; Ta/Al resonator); §MILESTONE 1 Challenge 1: Herd the Cats (nanofabrication),✅
aliceandbob-helium,fab,fab_3d,alternate,3-D machined superconducting-cavity heritage of the cat-qubit line; no machine-specific cavity fab published,technical-whitepaper,https://alice-bob.com/wp-content/uploads/2024/12/Think-Inside-The-Box-Alice-Bob-Whitepaper.pdf,§MILESTONE 3 Challenge 2: Double the Density (flip-chip); §The Hardware Behind Cat Qubits,✅
aliceandbob-graphene,carrier,cavity,primary,dissipatively stabilised cat qubits; roadmap target Graphene: 100 high-fidelity logical qubits by 2030,technical-whitepaper,https://alice-bob.com/newsroom/alice-bob-quantum-computing-roadmap/,,✅
aliceandbob-graphene,encoding,enc_cat,primary,cat encoding; LDPC-cat design assumes physical phase-flip ≈0.1%,architecture-paper-figure,https://arxiv.org/abs/2401.09541,Abstract (ε≈0.1%); Table I; Fig. 5c (cat-qubit circuit-level model),✅
aliceandbob-graphene,gate,g_catcnot,primary,"bias-preserving cat–cat CNOT required; not demonstrated by anyone, only a Jul 2026 theory proposal exists",architecture-paper,https://arxiv.org/abs/2401.09541,Table I (ε_CNOT=1.6e-2); §V (current state of the art),✅
aliceandbob-graphene,gate,g_bos,alternate,bosonic single-cat gates (Z gate 26.5 ns shown on Helium 2); bias-preserving cat–cat CNOT not demonstrated,technical-whitepaper,https://alice-bob.com/newsroom/alice-bob-quantum-computing-roadmap/,,🔎
aliceandbob-graphene,connect,cx_nn,primary,"short-range interactions, low-weight 2-D stabilisers (LDPC-cat design)",architecture-paper-figure,https://arxiv.org/abs/2401.09541,"Fig. 2 (H×L lattice), Fig. 4 ([136,34,22] layout), Fig. 9; §V Chip layout",✅
aliceandbob-graphene,control,ct_rt,primary,room-temperature control,technical-whitepaper,https://alice-bob.com/newsroom/alice-bob-quantum-computing-roadmap/,,🔎
aliceandbob-graphene,readout,ro_disp,primary,dispersive readout,inferred,https://alice-bob.com/newsroom/alice-bob-quantum-computing-roadmap/,,🔎
aliceandbob-graphene,code,code_bosonic,primary,"LDPC-cat [[165+8ℓ, 34+2ℓ, 22]]: 100 logical qubits at ε_L ≤1e-8/cycle on 758 cats; elevator codes (Jan 2026) claim ~1e4× lower logical error",architecture-paper-figure,https://arxiv.org/abs/2401.09541,"Fig. 3, Fig. 9 ([165,34,22] layout); §III (758 cats)",✅
aliceandbob-graphene,decoder,none,primary,no decoder published for any Alice & Bob device,architecture-paper,https://arxiv.org/abs/2401.09541,App. C (BP+OSD),✅
aliceandbob-graphene,interconnect,none,primary,"monolithic single module, no interconnect",architecture-paper-figure,https://arxiv.org/abs/2401.09541,Fig. 9 (memory + compute layers); §V Chip layout,✅
aliceandbob-graphene,fab,fab_sc,primary,superconducting cat-qubit chip (planned 758 cats); fab process not published,architecture-paper-figure,https://arxiv.org/abs/2401.09541,Fig. 9 (flip-chip two-layer layout),✅
aliceandbob-graphene,fab,fab_3d,alternate,3-D machined superconducting-cavity heritage of the cat-qubit line; no machine-specific cavity fab published,inferred,https://alice-bob.com/newsroom/alice-bob-quantum-computing-roadmap/,,🔎
nordquantique-gkp,carrier,cavity,primary,"single-mode GKP grid state in a superconducting Al cavity + auxiliary transmon; Δ=0.38, n̄≈2.96; storage T1 360(10) µs, T2 640(40) µs (Jul 2026)",architecture-paper-figure,https://arxiv.org/html/2607.06718v1,Fig. 1a (device schematic: double-post cavity + auxiliary transmon); App. A.1,✅
nordquantique-gkp,encoding,enc_gkp,primary,"finite-energy GKP grid encoding in one microwave mode; SPAM 7(7)e-4 cardinal, 8(5)e-3 magic (survival 0.16), Jul 2026",architecture-paper-figure,https://arxiv.org/html/2607.06718v1,"Fig. 1b–d (char.-function tomography, Δ=0.38); §II.2 Grid-state encoding",✅
nordquantique-gkp,gate,g_bos,primary,"dispersive coupling to auxiliary transmon, 2χ/2π = −45.44 kHz; autonomous/measurement-based stabilisation; claimed GKP–GKP 2Q gate (2025) has no paper",architecture-paper-figure,https://arxiv.org/html/2607.06718v1,"Fig. 1e (sBs conditional displacements + aux rotations); App. A.2 Hamiltonian, A.5 ECD gate",✅
nordquantique-gkp,connect,cx_nn,primary,"single mode, one logical qubit; no qubit–qubit connectivity (degree 0)",architecture-paper-figure,https://arxiv.org/html/2607.06718v1,Fig. 1a (single storage mode; no qubit–qubit coupling),✅
nordquantique-gkp,control,ct_rt,primary,room-temperature control; room-temp,architecture-paper,https://arxiv.org/html/2607.06718v1,,🔎
nordquantique-gkp,readout,ro_disp,primary,"auxiliary-transmon dispersive readout, fidelity 0.95(1); auxiliary T1 72(3) µs",architecture-paper-figure,https://arxiv.org/html/2607.06718v1,Fig. 1a (on-chip readout resonator + Purcell filter); Fig. 2b; App. A.3–A.4,✅
nordquantique-gkp,code,code_bosonic,primary,"gkp single-mode (inner code, no outer layer); logical error 8.1(2)e-3 per round selection-free; post-selection keeps 24–39% (cardinal); L1",architecture-paper-figure,https://arxiv.org/html/2607.06718v1,Fig. 4b (logical error per round); §II.6 Quantum error correction,✅
nordquantique-gkp,decoder,∅G-auton,primary,"no classical decoder: autonomous, feed-forward-free stabilisation with analog closest-vector-problem decoding",architecture-paper,https://arxiv.org/html/2607.06718v1,§II.2.2 Autonomous implementation via auxiliary reset,✅
nordquantique-gkp,interconnect,none,primary,"monolithic single cavity module, no interconnect",inferred,https://arxiv.org/html/2607.06718v1,,🔎
nordquantique-gkp,fab,fab_3d,primary,3-D superconducting aluminium cavity; no fab process published,architecture-paper,https://arxiv.org/html/2607.06718v1,App. A.1 Experimental device,🔎
nordquantique-gkp,fab,fab_sc,alternate,Josephson-junction lithography for the auxiliary transmon; no fab process published,inferred,https://arxiv.org/html/2607.06718v1,,🔎
nordquantique-tesseract,carrier,cavity,primary,multimode GKP: two bosonic modes at different frequencies in one cavity form one logical qubit (announced 29 May 2025),architecture-paper-figure,https://arxiv.org/html/2607.06718v1,"Fig. 1a (device schematic: double-post Al cavity, storage mode, auxiliary transmon chip)",✅
nordquantique-tesseract,encoding,enc_gkp,primary,"multimode GKP grid encoding; detects bit flips, phase flips, control errors and leakage",architecture-paper-figure,https://arxiv.org/html/2607.06718v1,"Fig. 1b-d (characteristic-function tomography of grid states, Δ=0.38); §II.2 Grid-state encoding",✅
nordquantique-tesseract,gate,g_bos,primary,autonomous stabilisation; mid-circuit-measurement confidence score for real-time leakage suppression; no logical 2Q data,architecture-paper-figure,https://arxiv.org/html/2607.06718v1,Fig. 1e (sBs conditional displacements + auxiliary rotations); App. A.5 ECD gate,✅
nordquantique-tesseract,connect,cx_nn,primary,"single cavity, one logical qubit; no qubit–qubit connectivity (degree 0)",architecture-paper-figure,https://arxiv.org/html/2607.06718v1,"Fig. 1a (single storage mode, one auxiliary transmon)",✅
nordquantique-tesseract,control,ct_rt,primary,room-temperature control; room-temp,architecture-paper,https://arxiv.org/html/2607.06718v1,App. A.1 Experimental device,🔎
nordquantique-tesseract,readout,ro_disp,primary,auxiliary-transmon readout; mid-circuit measurement with confidence score,architecture-paper-figure,https://arxiv.org/html/2607.06718v1,Fig. 1a (on-chip readout resonator + Purcell filter); App. A.4 Mid-circuit measurements calibration,✅
nordquantique-tesseract,code,code_bosonic,primary,"multimodegkp: 32 consecutive QEC cycles with no measurable logical decay, 12.6% of runs discarded per round; post-selected, single logical qubit (L1)",architecture-paper-figure,https://arxiv.org/html/2607.06718v1,Fig. 4b (logical error per round under sBs stabilisation); §II.6 Quantum error correction,✅
nordquantique-tesseract,decoder,∅G-auton,primary,no classical decoder: autonomous stabilisation with heralded discard; no real-time decoder,architecture-paper,https://arxiv.org/html/2607.06718v1,§II.2.2 Autonomous implementation via auxiliary reset; Fig. 2a (all-agree postselection),✅
nordquantique-tesseract,interconnect,none,primary,"monolithic single cavity module, no interconnect",architecture-paper-figure,https://arxiv.org/html/2607.06718v1,Fig. 1a (single cavity module),✅
nordquantique-tesseract,fab,fab_3d,primary,3-D superconducting cavity hosting two modes; no fab process published,architecture-paper,https://arxiv.org/html/2607.06718v1,§II.1 Experimental setup / App. A.1 Experimental device,✅
nordquantique-tesseract,fab,fab_sc,alternate,Josephson-junction lithography for the auxiliary transmon; no fab process published,architecture-paper,https://arxiv.org/html/2607.06718v1,§II.1 Experimental setup / App. A.1 Experimental device,✅
qci-seeker-8,carrier,cavity,primary,"dual-rail cavity qubit: 8 qubits = 16 superconducting microwave resonators, photon loss heralded; T1 > 1 ms (2024)",architecture-paper-figure,https://www.nature.com/articles/s41586-026-10822-y,Fig. 1a (dual-rail pairs of 3D λ/4 coaxial cavities),✅
qci-seeker-8,encoding,enc_dualrail,primary,"one photon shared between two cavities per qubit; loss leaves the codespace as heralded erasure, ~0.5% erasure per CZ (Aug 2026)",architecture-paper-figure,https://www.nature.com/articles/s41586-026-10822-y,"Fig. 1a,c (dual-rail cavity pairs; photon population per basis state)",✅
qci-seeker-8,gate,g_bos,primary,"native √X, Z, CZ; ~500 ns CZ, post-selected infidelity 2.9×10⁻⁴, ~0.5% erasure/gate, bit-flip ~1e-6 (Nature, Aug 2026)",architecture-paper-figure,https://www.nature.com/articles/s41586-026-10822-y,Fig. 1b (SWS CZ gate sequence via flux-pumped SQUID coupler); §The SWS CZ gate; Fig. 2,✅
qci-seeker-8,connect,cx_nn,primary,"planar nearest-neighbour coupling, degree 4 (register); 8 dual-rail qubits",architecture-paper-figure,https://www.nature.com/articles/s41586-026-10822-y,Fig. 1a (middle SQUID transmon coupler between two dual-rail qubits),✅
qci-seeker-8,control,ct_rt,primary,"room-temperature control; Real-Time Control Flow: mid-circuit measurement, conditional branching, qubit reuse, fast feedback",architecture-paper,https://www.nature.com/articles/s41586-026-10822-y,,🔎
qci-seeker-8,readout,ro_erasure,primary,three-outcome readout 0 / 1 / * exposed to the user; erasure detection efficiency >90% (2024),architecture-paper-figure,https://www.nature.com/articles/s41586-026-10822-y,"Fig. 1a (per-cavity SPAM transmon + readout resonator); Fig. 2c, Fig. 3a (erasure fraction)",✅
qci-seeker-8,readout,ro_disp,alternate,three-outcome readout 0 / 1 / * exposed to the user; erasure detection efficiency >90%,architecture-paper-figure,https://www.nature.com/articles/s41586-026-10822-y,Fig. 1a (readout resonator per cavity for SPAM),🔎
qci-seeker-8,code,code_erasure,primary,dual_rail hardware erasure detection with error-detected gates; no code demonstrated (L1); logical qubit from 5 dual-rail qubits claimed,architecture-paper,https://www.nature.com/articles/s41586-026-10822-y,Methods: QEC benefits of structured noise; leakage propagation and delayed erasure checks in a dual-rail surface code; Fig. 4,🔎
qci-seeker-8,decoder,none,primary,no decoder published; no real-time decoding path (register),architecture-paper,https://www.nature.com/articles/s41586-026-10822-y,,🔎
qci-seeker-8,interconnect,ic_mcm,primary,"multi-chip superconducting packaging with local cryogenic control claimed (D-Wave), no numbers published",architecture-paper,https://www.nature.com/articles/s41586-026-10822-y,,🔎
qci-seeker-8,fab,fab_3d,primary,"superconducting microwave cavities, two per dual-rail qubit (16 resonators for 8 qubits)",inferred,https://www.nature.com/articles/s41586-026-10822-y,,🔎
qci-seeker-8,fab,fab_sc,alternate,"Superconducting-qubit lithography (Nb/Al JJ, 300 mm) — IBM Albany 300 mm / Anderon foundry; Google Santa Barbara; Rigetti ABAA trimming (97.4% frequency-targeting success); OQC 500-qubit wafer-scale…",inferred,https://www.nature.com/articles/s41586-026-10822-y,,🔎
dwave-dualrail-17,carrier,cavity,primary,"dual-rail cavity qubits; 17 physical qubits targeted 2026 (49 in 2027, 181 in 2028); not shipped as of 15 Sep 2026",architecture-paper-figure,https://www.nature.com/articles/s41586-026-10822-y,"Fig. 1a (device hardware schematic: pair of 3D λ/4 coaxial cavities per qubit, 3 SQUID transmon couplers)",✅
dwave-dualrail-17,encoding,enc_dualrail,primary,dual-rail erasure encoding; 21-q gate-model simulator with dual-rail error detection shipped 18 Jun 2026,architecture-paper-figure,https://www.nature.com/articles/s41586-026-10822-y,Fig. 1a (dual-rail erasure qubit in a pair of cavities); Abstract,✅
dwave-dualrail-17,gate,g_bos,primary,"bosonic CZ (register); quoted 99.9 % 2Q figure is error-detected / post-selected, not unconditional",architecture-paper-figure,https://www.nature.com/articles/s41586-026-10822-y,Fig. 1b (Swap-Wait-Swap CZ sequence); §The SWS CZ gate; Fig. 2 (gate benchmarking),✅
dwave-dualrail-17,connect,cx_nn,primary,planar layout (register); no topology detail published,press-technical,https://www.dwavequantum.com/company/newsroom/press-release/d-wave-charts-a-new-course-to-fault-tolerant-quantum-computing-with-gate-model-roadmap/,,🔎
dwave-dualrail-17,control,ct_rt,primary,room-temperature control plus on-chip flux-DAC multiplexing carried over from the annealer line,press-technical,https://www.dwavequantum.com/company/newsroom/press-release/d-wave-charts-a-new-course-to-fault-tolerant-quantum-computing-with-gate-model-roadmap/,,🔎
dwave-dualrail-17,control,ct_fluxdac,alternate,"on-chip flux-DAC multiplexing, annealer heritage applied to gate-model control (cross-path: ct_fluxdac filed on anneal only)",press-technical,https://www.dwavequantum.com/company/newsroom/press-release/d-wave-charts-a-new-course-to-fault-tolerant-quantum-computing-with-gate-model-roadmap/,,🔎
dwave-dualrail-17,readout,ro_erasure,primary,erasure-flagged readout via dual-rail error detection; no measured readout figures (all targets),architecture-paper-figure,https://www.nature.com/articles/s41586-026-10822-y,Fig. 1a (transmon + readout resonator per cavity); main text: end-of-line erasure-detected measurement,✅
dwave-dualrail-17,code,none,primary,"no code family named publicly; roadmap targets Λ≈10 per distance step, 10 logical q (2030), 100 logical q (2032)",architecture-paper,https://www.nature.com/articles/s41586-026-10822-y,Methods: Leakage propagation and delayed erasure checks in a dual-rail surface code,✅
dwave-dualrail-17,decoder,none,primary,no decoder published,press-technical,https://www.dwavequantum.com/company/newsroom/press-release/d-wave-charts-a-new-course-to-fault-tolerant-quantum-computing-with-gate-model-roadmap/,,🔎
dwave-dualrail-17,interconnect,ic_mcm,primary,multi-chip module station per note; no D-Wave module or coupler detail published,inferred,https://www.dwavequantum.com/company/newsroom/press-release/d-wave-charts-a-new-course-to-fault-tolerant-quantum-computing-with-gate-model-roadmap/,,🔎
dwave-dualrail-17,fab,fab_sc,primary,"superconducting-qubit lithography; family-determined, no machine-specific fab source",inferred,https://www.dwavequantum.com/company/newsroom/press-release/d-wave-charts-a-new-course-to-fault-tolerant-quantum-computing-with-gate-model-roadmap/,,🔎
sustc-biased-erasure,carrier,cavity,primary,"vacuum + two-photon encoding in a cavity → biased erasure qubit; erasure bias >265; logical T1 6.2 ms, T2 3.1 ms (Jan 2026)",architecture-paper-figure,https://arxiv.org/abs/2601.21616,"Fig. 1b (cavity coaxial stub, transmon ancilla, readout resonator); SI §I.A",✅
sustc-biased-erasure,encoding,enc_dualrail,primary,"erasure encoding on vacuum + two-photon states of one cavity; relaxation/erasure hierarchy 31×, dephasing/erasure 15× (Jan 2026)",architecture-paper-figure,https://arxiv.org/abs/2601.21616,"Fig. 1c,d (|0_L⟩=|0⟩, |1_L⟩=|2⟩ level diagram; logical Bloch sphere/Wigner)",✅
sustc-biased-erasure,gate,g_bos,primary,bosonic gates; benchmarked logical gate error 0.29% (Jan 2026),architecture-paper-figure,https://arxiv.org/abs/2601.21616,"Fig. 4 (logical RB, residual error 2.86e-3/gate); Fig. S9 (X_L/2 process matrix); SI §IV",✅
sustc-biased-erasure,connect,cx_nn,primary,single cavity mode; no qubit–qubit connectivity (degree 0),architecture-paper,https://arxiv.org/abs/2601.21616,,🔎
sustc-biased-erasure,control,ct_rt,primary,room-temperature control,architecture-paper-figure,https://arxiv.org/abs/2601.21616,"Fig. S1 (measurement setup: HDAWG/UHFQA electronics, JPA chain, microwave routing); SI §I.A",✅
sustc-biased-erasure,readout,ro_erasure,primary,leakage-to-erasure conversion >99.3%; assignment error <1% (Jan 2026),architecture-paper-figure,https://arxiv.org/abs/2601.21616,"Fig. 2a–d (cascaded parity measurement, erasure detection error map); Methods: Mid-circuit erasure detection",✅
sustc-biased-erasure,code,code_erasure,primary,erasure-qubit code (dual_rail family) not run; single biased-erasure qubit with ~6.0× coherence gain vs break-even (Jan 2026),architecture-paper-figure,https://arxiv.org/abs/2601.21616,"Fig. 1a (XZZX surface code with biased-erasure data qubits, scheme); Fig. 3 (logical T1/T2)",✅
sustc-biased-erasure,decoder,none,primary,no decoder (no code run),architecture-paper,https://arxiv.org/abs/2601.21616,,🔎
sustc-biased-erasure,interconnect,none,primary,"single-cavity device, no interconnect",inferred,https://arxiv.org/abs/2601.21616,,🔎
sustc-biased-erasure,fab,fab_3d,primary,3D machined superconducting cavities — Aluminium/niobium cavities with Q > 10⁹; cm-scale footprint per qubit — the scaling liability of cavity-based bosonic codes.,architecture-paper,https://arxiv.org/abs/2601.21616,SI §I.A Experimental device and setup,✅
quantinuum-h1,carrier,ion,primary,"20 ¹⁷¹Yb⁺ qubit ions, hyperfine clock qubit; ¹³⁸Ba⁺ co-trapped for sympathetic cooling (20-qubit upgrade, v5.20 data sheet Feb 2023)",architecture-paper-figure,https://arxiv.org/abs/2107.07505,Fig. 2 (trap loaded with 10 Yb-171 + 10 Ba-138 ions),✅
quantinuum-h1,encoding,enc_hf,primary,¹⁷¹Yb⁺ ground-state hyperfine clock qubit,inferred,https://learn.microsoft.com/en-us/azure/quantum/provider-quantinuum,,🔎
quantinuum-h1,gate,g_ms,primary,"laser Mølmer–Sørensen; native arbitrary-angle RZZ(θ), general SU(4); Azure emulator parameters p1 = 4×10⁻⁵, p2 = 3×10⁻³",architecture-paper,https://arxiv.org/abs/2107.07505,§Background (hardware: stimulated-Raman 1Q/2Q gates),✅
quantinuum-h1,connect,cx_qccd,primary,"linear QCCD racetrack, all-to-all by transport; degree n−1 = 19 within the chain after transport",architecture-paper-figure,https://arxiv.org/abs/2107.07505,Fig. 2 (QCCD surface trap); §Background (transport primitives),🔎
quantinuum-h1,control,ct_ionlaser,primary,"room-temperature electronics + free-space/integrated laser delivery; ~10 control signals per qubit, highest of the H-series (Helios ~2.8)",press-technical,https://postquantum.com/quantum-computing/quantinuum-helios-architecture/,,🔎
quantinuum-h1,readout,ro_fluor,primary,"fluorescence, destructive per ion; mid-circuit measurement and reset; Azure emulator p_meas = 3×10⁻³, measurement crosstalk 1×10⁻⁵",architecture-paper,https://arxiv.org/abs/2107.07505,§Background (state-dependent fluorescence),✅
quantinuum-h1,code,code_highrate,primary,"[[6,2,2]] code (2 logical in 6 physical) run on H1-1; register codes steane;stab_6_2_2",architecture-paper,https://arxiv.org/html/2603.04584,,🔎
quantinuum-h1,code,code_color,alternate,"Steane [[7,1,3]]: logical QAOA and HHL on encoded data with JPMorganChase (Mar 2026, across H1/H2/Helios)",architecture-paper-figure,https://arxiv.org/abs/2107.07505,"Fig. 1 ([[7,1,3]] color code); Fig. 3 (logical fidelities)",✅
quantinuum-h1,code,code_magic,alternate,"[[6,2,2]] logical non-Clifford controlled-H past break-even: 2.3×10⁻⁴ vs 1.0×10⁻³ physical (2.9×), Jun 2025, H1-1",architecture-paper,https://arxiv.org/html/2603.04584,,🔎
quantinuum-h1,decoder,∅G-lut,primary,"real-time lookup-table decoding of Steane [[7,1,3]] in-loop since 2021; no LUT node among the Map's dec_* nodes",architecture-paper-figure,https://arxiv.org/abs/2107.07505,Fig. 8 (decoder procedure); §Experiments: Decoder,✅
quantinuum-h1,interconnect,none,primary,"monolithic single module, no interconnect",inferred,https://learn.microsoft.com/en-us/azure/quantum/provider-quantinuum,,🔎
quantinuum-h1,fab,fab_trap,primary,in-house surface-electrode trap microfabrication; cryogenic surface trap (~10 K),inferred,https://learn.microsoft.com/en-us/azure/quantum/provider-quantinuum,,🔎
quantinuum-h1,fab,fab_optics,alternate,room-temperature optics around the cryogenic surface trap; free-space/integrated laser delivery,inferred,https://learn.microsoft.com/en-us/azure/quantum/provider-quantinuum,,🔎
quantinuum-h2,carrier,ion,primary,56 ¹⁷¹Yb⁺ hyperfine clock qubits on two connected linear sections of one racetrack (32 q Jun 2023 → 56 q Jun 2024),architecture-paper-figure,https://arxiv.org/abs/2406.02501,"Fig. 1 (racetrack surface-electrode trap, Yb-Ba crystals); §II",✅
quantinuum-h2,encoding,enc_hf,primary,¹⁷¹Yb⁺ ground-state hyperfine clock qubit,architecture-paper,https://arxiv.org/abs/2406.02501,§II (The H2 quantum computer),✅
quantinuum-h2,gate,g_ms,primary,laser Mølmer–Sørensen; arbitrary-angle RZZ + SU(4); 2Q infidelity <1×10⁻³,architecture-paper-figure,https://arxiv.org/abs/2406.02501,"§II (native U_ZZ(θ), crystal merge); App. A1.C + Fig. A2 (2Q RB, 4 gate zones)",✅
quantinuum-h2,connect,cx_qccd,primary,"QCCD racetrack, all-to-all by transport; degree 55 (56 qubits)",architecture-paper-figure,https://arxiv.org/abs/2406.02501,"Fig. 1 (racetrack trap); §II (transport, split/combine, swap)",✅
quantinuum-h2,control,ct_ionlaser,primary,room-temperature electronics + optics; ~4.8 control signals per qubit,press-technical,https://postquantum.com/quantum-computing/quantinuum-helios-architecture/,,🔎
quantinuum-h2,readout,ro_fluor,primary,fluorescence with mid-circuit measurement and reset (MCMR),architecture-paper,https://arxiv.org/abs/2404.16728,App. A (The H2 quantum processor),🔎
quantinuum-h2,code,code_highrate,primary,"[[16,4,2,4]] tesseract and [[12,2,4]] carbon codes with Microsoft; 11×–800× logical-over-physical improvement (Jun 2026)",architecture-paper,https://www.nature.com/articles/s41586-026-10628-y,,✅
quantinuum-h2,code,code_color,alternate,"Steane [[7,1,3]] logical teleportation: transversal 0.975(2) vs lattice surgery 0.851(9), with real-time decoding",architecture-paper-figure,https://arxiv.org/abs/2404.16728,"Fig. 3 (transversal teleport), Fig. 4 (lattice surgery), Fig. 7 (Steane code)",✅
quantinuum-h2,code,code_magic,alternate,"[[15,1,3]] quantum Reed–Muller → [[7,1,3]] code switching; magic-state infidelity ≤5.1(2.7)×10⁻⁴ at 82.58% acceptance",architecture-paper,https://arxiv.org/abs/2506.14169,,✅
quantinuum-h2,decoder,dec_mwpm,primary,"matching decoder (register); real-time decoding in-loop for Steane [[7,1,3]] logical teleportation",architecture-paper,https://arxiv.org/abs/2404.16728,,🔎
quantinuum-h2,decoder,∅G-lut,alternate,"real-time lookup-table decoding in-loop for Steane [[7,1,3]] logical teleportation; no LUT node among the Map's dec_* nodes",architecture-paper,https://arxiv.org/abs/2404.16728,§I (Experimental designs): real-time look-up-table decoding,✅
quantinuum-h2,interconnect,none,primary,"monolithic single module, no interconnect",architecture-paper-figure,https://arxiv.org/abs/2406.02501,Fig. 1 (single racetrack trap),✅
quantinuum-h2,fab,fab_trap,primary,surface-electrode racetrack trap chip; no H2-specific fab source in the note,architecture-paper,https://arxiv.org/abs/2406.02501,§II (surface-electrode trap); Acknowledgments (trap fabricated by Honeywell),🔎
quantinuum-h2,fab,fab_optics,alternate,room-temperature optics and vacuum assembly around the surface trap; no H2-specific source,inferred,https://arxiv.org/abs/2406.02501,,🔎
quantinuum-helios,carrier,ion,primary,"98 ¹³⁷Ba⁺ qubit ions (¹⁷¹Yb⁺ co-trapped as coolant); Ba chosen for visible-wavelength transitions (493/614/650/1762 nm), removing Yb's UV laser stack",architecture-paper-figure,https://www.nature.com/articles/s41586-026-10676-4,Fig. 1 (98-ion image in 2-D trap); §Ion species: qubit and coolant,✅
quantinuum-helios,encoding,enc_hf,primary,"hyperfine clock states |F=1,m_F=0⟩ / |F=2,m_F=0⟩ of ¹³⁷Ba⁺",architecture-paper,https://www.nature.com/articles/s41586-026-10676-4,§Ion species: qubit and coolant,✅
quantinuum-helios,gate,g_ms,primary,"laser MS RZZ(π/2), arbitrary-angle ZZ; 2Q infidelity 7.9(2)×10⁻⁴ across all pairs, 1Q 2.5×10⁻⁵; t_2q ≈ 70 µs; 8 gate zones in parallel (Jun 2026)",architecture-paper-figure,https://www.nature.com/articles/s41586-026-10676-4,"Fig. 2d,e (4-ion crystal alignment, 2Q gate beams); Methods: Quantum operations",✅
quantinuum-helios,connect,cx_qccd,primary,"QCCD on ~15 mm 2-D surface-electrode chip, four-way X-junction + rotating ring storage loop; all-to-all by transport, degree 97; ~55 ms per circuit layer",architecture-paper-figure,https://www.nature.com/articles/s41586-026-10676-4,"Fig. 2a–c (ring storage, cache, junction transport); Fig. 3 (time per layer)",✅
quantinuum-helios,control,ct_ionlaser,primary,"room-temp electronics; 1,228 electrodes driven by 273 voltages (≈2.8 signals/qubit); shared time-multiplexed lasers, beams tilted ~1°, one zone lit at a time",architecture-paper-figure,https://www.nature.com/articles/s41586-026-10676-4,Fig. 2e (laser beam configurations per operation),✅
quantinuum-helios,readout,ro_fluor,primary,"fluorescence, destructive per ion; SPAM infidelity 3.3(5)×10⁻⁴ (Nature; secondary 4.8×10⁻⁴); mid-circuit measure + reset with µs-latency branching",architecture-paper-figure,https://www.nature.com/articles/s41586-026-10676-4,"Fig. 4a,b,i (SPAM and MCMR component errors)",✅
quantinuum-helios,code,code_highrate,primary,"[[20,2,6]] C₄-Helix (Sep 2026); iceberg [[2m,2m−2,2]] concatenated to d=4: 94 error-detected / 48 error-corrected logical from 98 physical",architecture-paper,https://arxiv.org/abs/2609.03194,,✅
quantinuum-helios,code,code_color,alternate,"no colour-code result named for Helios in the note; codes run are iceberg/[[4,2,2]] concatenations and C₄-Helix",architecture-paper,https://www.nature.com/articles/s41586-026-10676-4,,🔎
quantinuum-helios,code,code_magic,alternate,no magic-state result named for Helios in the note; logical gates cycle-benchmarked at ~10⁻⁴ (Mar 2026),architecture-paper,https://www.nature.com/articles/s41586-026-10676-4,,🔎
quantinuum-helios,decoder,dec_gpu,primary,"GPU real-time QEC via CUDA-Q QEC over NVQLink: BP-OSD median 67 µs round trip, 5.4× LER gain; record results decoded offline with Frontier",architecture-paper,https://www.nature.com/articles/s41586-026-10676-4,,🔎
quantinuum-helios,decoder,dec_mwpm,alternate,"alternate; record decoding uses Frontier (offline), real-time uses GPU BP-OSD; no matching result named in the note",architecture-paper,https://www.nature.com/articles/s41586-026-10676-4,,🔎
quantinuum-helios,interconnect,none,primary,single module — no ion–photon link on Helios; ic_ionphoton is Quantinuum's stated future path but nothing is built,inferred,https://www.nature.com/articles/s41586-026-10676-4,,🔎
quantinuum-helios,fab,fab_trap,primary,"in-house surface-electrode microfabrication; ~15 mm 2-D chip with 1,228 electrodes; cryogenic surface trap",architecture-paper,https://www.nature.com/articles/s41586-026-10676-4,§QPU architecture and ion trap design,🔎
quantinuum-helios,fab,fab_optics,alternate,room-temperature optical bench; 515 nm gate light and 493/614/650/1762 nm SPAM light delivered through the trap; 1762 nm cavity-locked,inferred,https://www.nature.com/articles/s41586-026-10676-4,,🔎
quantinuum-helix,carrier,ion,primary,"Helios hardware ¹³⁷Ba⁺ hyperfine clock qubits; Helix is a QEC architecture + code, not a separate machine",architecture-paper,https://arxiv.org/abs/2609.03194,,🔎
quantinuum-helix,encoding,enc_hf,primary,hyperfine clock qubit of the Helios hardware,inferred,https://arxiv.org/abs/2609.03194,,🔎
quantinuum-helix,gate,g_ms,primary,"full two-qubit logical Clifford group in depth-1 transversal gates; logical Clifford error 2.8×10⁻⁴, 4.28× better than the physical gate (Sep 2026)",architecture-paper-figure,https://arxiv.org/abs/2609.03194,Fig. 2 (logical randomized Clifford benchmarking); Fig. 4 (logical gates); §II.B; App. A.1,✅
quantinuum-helix,connect,cx_qccd,primary,all-to-all by transport (degree 97); software qubit relabelling + ion transport make automorphism gates free,architecture-paper-figure,https://arxiv.org/abs/2609.03194,Fig. 4 (SWAP-transversal logical gates); App. A.1 Logical Clifford gates,✅
quantinuum-helix,control,ct_ionlaser,primary,Helios control stack; Adaptive Syndrome Extraction cuts gates 33% and time 23%,architecture-paper-figure,https://arxiv.org/abs/2609.03194,Fig. 13 (adaptive vs nonadaptive syndrome extraction); App. A.2.a Adaptive syndrome extraction,✅
quantinuum-helix,readout,ro_fluor,primary,fluorescence (Helios hardware),inferred,https://arxiv.org/abs/2609.03194,,🔎
quantinuum-helix,code,code_highrate,primary,"[[20,2,6]] C₄-Helix = [[10,2,3]] twisted toric ∘ [[4,2,2]]; 52 physical → 2 logical; 4.6×10⁻⁵ per logical qubit per cycle; 3.5× saving vs rotated surface code",architecture-paper-figure,https://arxiv.org/abs/2609.03194,"Fig. 1a (schematic of [[10,2,3]] and [[20,2,6]] C4-Helix codes); §II.A; App. A; Fig. 8",✅
quantinuum-helix,decoder,∅G-frontier,primary,"Frontier: block-specific offline decoder for concatenated high-rate codes, neither matching, BP-class nor GPU-platform; streaming version is future work",architecture-paper,https://arxiv.org/abs/2609.03194,App. C.2 Frontier decoding and confidence-based postselection; Fig. 12 caption,✅
quantinuum-helix,interconnect,none,primary,n/a — code architecture run on single-module Helios; no interconnect,inferred,https://arxiv.org/abs/2609.03194,,🔎
quantinuum-helix,fab,fab_trap,primary,Helios surface-electrode trap (in-house microfabrication),inferred,https://arxiv.org/abs/2609.03194,,🔎
quantinuum-sol,carrier,ion,primary,"hyperfine clock qubit ions; ""hundreds"" of physical qubits (PLANNED, post-Helios, pre-2030)",technical-whitepaper,https://www.quantinuum.com/blog/technical-perspective-by-the-end-of-the-decade-we-will-deliver-universal-fault-tolerant-quantum-computing,§How do we get there? ('Sol will offer hundreds of physical qubits'); roadmap figure under §What is Apollo?,✅
quantinuum-sol,encoding,enc_hf,primary,hyperfine clock qubit (as Helios),technical-whitepaper,https://www.quantinuum.com/blog/technical-perspective-by-the-end-of-the-decade-we-will-deliver-universal-fault-tolerant-quantum-computing,"§How do we get there? (Helios will use 137Ba+ qubits, in contrast to 171Yb+ in H1/H2)",🔎
quantinuum-sol,gate,g_ms,primary,"laser Mølmer–Sørensen; target 2Q error <2×10⁻⁴; circuits of up to 10,000 quantum operations (planned)",technical-whitepaper,https://www.quantinuum.com/blog/technical-perspective-by-the-end-of-the-decade-we-will-deliver-universal-fault-tolerant-quantum-computing,"§How do we get there? (2Q gate errors <2e-4, ~2x faster than Helios); §Opportunity for early value creation discovery in Helios and Sol (up to 10,000 quantum operations)",✅
quantinuum-sol,connect,cx_qccd,primary,QCCD on a 2-D grid trap — the scalability foundation (Helios is a junction-routed racetrack),technical-whitepaper,https://www.quantinuum.com/blog/technical-perspective-by-the-end-of-the-decade-we-will-deliver-universal-fault-tolerant-quantum-computing,§How do we get there? ('first commercially available 2D-grid-based quantum computer'; 'fully 2D-grid architecture is the scalability launching point'),✅
quantinuum-sol,control,ct_ionlaser,primary,room-temperature electronics + optics; ~2× faster than Helios (planned),technical-whitepaper,https://www.quantinuum.com/blog/technical-perspective-by-the-end-of-the-decade-we-will-deliver-universal-fault-tolerant-quantum-computing,§How do we get there? ('operating approximately 2x faster than Helios'),✅
quantinuum-sol,readout,ro_fluor,primary,fluorescence (as Helios),inferred,https://www.quantinuum.com/blog/technical-perspective-by-the-end-of-the-decade-we-will-deliver-universal-fault-tolerant-quantum-computing,,🔎
quantinuum-sol,code,code_highrate,primary,no code stated for Sol; station carried as Helios (register codes: none),technical-whitepaper,https://www.quantinuum.com/blog/technical-perspective-by-the-end-of-the-decade-we-will-deliver-universal-fault-tolerant-quantum-computing,§Opportunity for early value creation discovery in Helios and Sol (QED + QEM to extend Helios and Sol),✅
quantinuum-sol,decoder,dec_gpu,primary,Frontier generalised; planned,technical-whitepaper,https://www.quantinuum.com/blog/technical-perspective-by-the-end-of-the-decade-we-will-deliver-universal-fault-tolerant-quantum-computing,,🔎
quantinuum-sol,interconnect,none,primary,"monolithic single module, no interconnect stated",inferred,https://www.quantinuum.com/blog/technical-perspective-by-the-end-of-the-decade-we-will-deliver-universal-fault-tolerant-quantum-computing,,🔎
quantinuum-sol,fab,fab_trap,primary,surface-electrode 2-D grid trap (fab route as Helios),inferred,https://www.quantinuum.com/blog/technical-perspective-by-the-end-of-the-decade-we-will-deliver-universal-fault-tolerant-quantum-computing,,🔎
quantinuum-sol,fab,fab_cmos,alternate,"alternate: Quantinuum states standard-CMOS fabrication for the Apollo-generation 2-D array, not for Sol itself",technical-whitepaper,https://www.quantinuum.com/blog/technical-perspective-by-the-end-of-the-decade-we-will-deliver-universal-fault-tolerant-quantum-computing,"§What is Apollo? (Apollo trap chip: 2D array fabricated using standard CMOS processing, CMOS electronics)",✅
quantinuum-apollo,carrier,ion,primary,"hyperfine clock qubit ions; thousands of physical qubits, hundreds of logical qubits (PLANNED, ~2030)",technical-whitepaper,https://www.quantinuum.com/blog/technical-perspective-by-the-end-of-the-decade-we-will-deliver-universal-fault-tolerant-quantum-computing,§What is Apollo? (ion trap chip; thousands of physical qubits),✅
quantinuum-apollo,encoding,enc_hf,primary,hyperfine clock qubit (as Helios),inferred,https://www.quantinuum.com/blog/technical-perspective-by-the-end-of-the-decade-we-will-deliver-universal-fault-tolerant-quantum-computing,,🔎
quantinuum-apollo,gate,g_ms,primary,"laser Mølmer–Sørensen; physical error 10⁻⁴; logical error better than 10⁻⁶, potentially 10⁻¹⁰; millions of logical operations (targets)",technical-whitepaper,https://www.quantinuum.com/blog/technical-perspective-by-the-end-of-the-decade-we-will-deliver-universal-fault-tolerant-quantum-computing,§What is Apollo? (physical error 10⁻⁴; logical better than 10⁻⁶),✅
quantinuum-apollo,connect,cx_qccd,primary,"QCCD 2-D array in standard CMOS fabrication; all-to-all connectivity, low crosstalk, MCM + qubit reuse (planned)",technical-whitepaper,https://www.quantinuum.com/blog/technical-perspective-by-the-end-of-the-decade-we-will-deliver-universal-fault-tolerant-quantum-computing,§What is Apollo? (2D array of trapping locations; all-to-all connectivity),✅
quantinuum-apollo,control,ct_ionlaser,primary,room-temperature electronics + optics (register); no control detail in the roadmap,technical-whitepaper,https://www.quantinuum.com/blog/technical-perspective-by-the-end-of-the-decade-we-will-deliver-universal-fault-tolerant-quantum-computing,§What is Apollo? (controlled using standard CMOS electronics),✅
quantinuum-apollo,readout,ro_fluor,primary,fluorescence; mid-circuit measurement + qubit reuse (planned),technical-whitepaper,https://www.quantinuum.com/blog/technical-perspective-by-the-end-of-the-decade-we-will-deliver-universal-fault-tolerant-quantum-computing,§What is Apollo? (mid-circuit measurement and qubit re-use),✅
quantinuum-apollo,code,code_highrate,primary,Helix generalised: high-rate concatenated codes for hundreds of logical qubits (planned),technical-whitepaper,https://www.quantinuum.com/blog/technical-perspective-by-the-end-of-the-decade-we-will-deliver-universal-fault-tolerant-quantum-computing,§What is Apollo? (high-rate and high-distance QEC codes),✅
quantinuum-apollo,code,code_magic,alternate,heterogeneously paired with dedicated magic-state-distillation codes for universality (planned),technical-whitepaper,https://www.quantinuum.com/blog/technical-perspective-by-the-end-of-the-decade-we-will-deliver-universal-fault-tolerant-quantum-computing,,✅
quantinuum-apollo,decoder,dec_gpu,primary,"GPU decoder; planned, algorithm not named",technical-whitepaper,https://www.quantinuum.com/blog/technical-perspective-by-the-end-of-the-decade-we-will-deliver-universal-fault-tolerant-quantum-computing,,🔎
quantinuum-apollo,interconnect,ic_ionphoton,primary,ion–photon link is the stated direction; nothing built,technical-whitepaper,https://www.quantinuum.com/blog/technical-perspective-by-the-end-of-the-decade-we-will-deliver-universal-fault-tolerant-quantum-computing,,🔎
quantinuum-apollo,fab,fab_cmos,primary,2-D QCCD trap array in standard CMOS fabrication (planned),technical-whitepaper,https://www.quantinuum.com/blog/technical-perspective-by-the-end-of-the-decade-we-will-deliver-universal-fault-tolerant-quantum-computing,§What is Apollo? (trap chip fabricated using standard CMOS processing),✅
quantinuum-apollo,fab,fab_trap,alternate,alternate: surface-electrode ion-trap microfabrication as on Helios,inferred,https://www.quantinuum.com/blog/technical-perspective-by-the-end-of-the-decade-we-will-deliver-universal-fault-tolerant-quantum-computing,,🔎
ionq-aria,carrier,ion,primary,"~32 ¹⁷¹Yb⁺ ions in a single stationary chain, #AQ 25; deployed 2022, still on Braket/Azure/Google Cloud; no Aria-specific page among refs",architecture-paper-figure,https://www.nature.com/articles/s41467-019-13534-2,Fig. 1 (schematic of the hardware: linear chain of 171Yb+ ions near a surface-electrode trap); Introduction,✅
ionq-aria,encoding,enc_hf,primary,"¹⁷¹Yb⁺ ground-state hyperfine qubit; family-determined, no machine-specific encoding source",architecture-paper,https://www.nature.com/articles/s41467-019-13534-2,"§Results: Gate implementation and characterization (|0>=|F=0,mF=0>, |1>=|F=1,mF=0> hyperfine sublevels of 171Yb+)",🔎
ionq-aria,gate,g_ms,primary,laser Mølmer–Sørensen via multi-channel AOM addressing; 2Q fidelity ~99.6 % (#AQ 25 era),architecture-paper-figure,https://www.nature.com/articles/s41467-019-13534-2,Fig. 1 (AOMs modulate 355 nm Raman beams to drive XX gates); Fig. 2 (fidelity of native gates); §Results: Gate implementation and characterization,✅
ionq-aria,connect,cx_bus,primary,all-to-all through shared motional modes of one ~32-ion chain (degree 31); gate time grows with chain length,architecture-paper-figure,https://www.nature.com/articles/s41467-019-13534-2,"Fig. 2a (all-to-all connectivity of the 11-qubit chain, 55 pairs colour-coded by XX fidelity)",✅
ionq-aria,control,ct_ionaod,primary,room-temperature electronics + free-space multi-channel AOM/AOD laser addressing; neither in-trap waveguides (ct_ionlaser) nor microwave (ct_ionmw),architecture-paper-figure,https://www.nature.com/articles/s41467-019-13534-2,Fig. 1 (global + individually focused 355 nm Raman beams; multi-channel AOM per beam),✅
ionq-aria,readout,ro_fluor,primary,fluorescence on a multi-channel PMT/camera; mid-circuit measurement supported on later systems,architecture-paper-figure,https://www.nature.com/articles/s41467-019-13534-2,Fig. 1 (369/935 nm detection; fluorescence imaged through NA 0.6 lens onto individual PMT channels),✅
ionq-aria,code,none,primary,"no QEC on this line; NISQ device (VQE chemistry, QAOA, generative ML at ≤25 qubits)",vendor-architecture-page,https://www.ionq.com/quantum-systems/forte,,🔎
ionq-aria,decoder,none,primary,no decoder; no QEC run,vendor-architecture-page,https://www.ionq.com/quantum-systems/forte,,🔎
ionq-aria,interconnect,none,primary,"single chain in one module, no interconnect",architecture-paper-figure,https://www.nature.com/articles/s41467-019-13534-2,Fig. 1 (single ion chain in one surface trap),✅
ionq-aria,fab,fab_trap,primary,"surface-electrode ion-trap microfabrication; family-determined, no machine-specific fab source",architecture-paper,https://www.nature.com/articles/s41467-019-13534-2,Introduction ('microfabricated surface electrode trap'),🔎
ionq-forte,carrier,ion,primary,"¹⁷¹Yb⁺ hyperfine; T1 10–100 s, T2 ≈ 1 s; page says 36 qubits, benchmark of record is a 30-ion chain",architecture-paper-figure,https://arxiv.org/abs/2308.05071,Fig. 1 (ion chain schematic); §2 Experimental setup,✅
ionq-forte,encoding,enc_hf,primary,"¹⁷¹Yb⁺ ground-state hyperfine qubit; family-determined, no machine-specific encoding source",architecture-paper,https://arxiv.org/abs/2308.05071,§2 Experimental setup,🔎
ionq-forte,gate,g_ms,primary,"laser Mølmer–Sørensen; 2Q error 4e-3, 1Q error 2e-4; t_2q median 672 µs over the 30-ion chain (550–880 µs)",architecture-paper-figure,https://arxiv.org/abs/2308.05071,Fig. 1 (counter-propagating Raman beams); §2; App. C (MS gate properties),✅
ionq-forte,connect,cx_bus,primary,all-to-all through one chain's motional bus; benchmark covers all 435 pairs of a 30-ion chain (degree 29),architecture-paper,https://arxiv.org/abs/2308.05071,§1; §3.1 Component-level benchmarking,✅
ionq-forte,control,ct_ionaod,primary,"room-temperature electronics + free-space AOM/AOD laser addressing; Forte Enterprise rack-mounted on-prem (QuantumBasel, AIST G-QuAT)",architecture-paper-figure,https://arxiv.org/abs/2308.05071,"Fig. 1(a,b) (AODs + embedded control system); §2",✅
ionq-forte,readout,ro_fluor,primary,fluorescence readout; SPAM error 5e-3,architecture-paper-figure,https://arxiv.org/abs/2308.05071,Fig. 1(c) (imaging onto fibres); §2,✅
ionq-forte,code,none,primary,"no QEC on Forte itself; NISQ device (#AQ 36 benchmark suite, chemistry VQE, QAOA)",vendor-architecture-page,https://www.ionq.com/quantum-systems/forte,,🔎
ionq-forte,decoder,none,primary,no decoder; no QEC run,vendor-architecture-page,https://www.ionq.com/quantum-systems/forte,,🔎
ionq-forte,interconnect,none,primary,"single 30-ion chain in one module, no interconnect",inferred,https://www.ionq.com/quantum-systems/forte,,🔎
ionq-forte,fab,fab_trap,primary,"surface-electrode ion-trap fab; SkyWater (IonQ subsidiary since 2026) per note, no machine-specific source",architecture-paper-figure,https://arxiv.org/abs/2308.05071,Fig. 1(d) (in-house surface ion trap); §2,✅
ionq-forte,fab,fab_cmos,alternate,CMOS-foundry route via SkyWater (IonQ subsidiary since 2026); not on the Forte page,inferred,https://www.ionq.com/quantum-systems/forte,,🔎
ionq-tempo,carrier,ion,primary,"barium ions (species change from Forte's Yb; species not stated on IonQ page); IonQ page: ""target qubits"" 100, #AQ 64",vendor-architecture-page,https://www.ionq.com/quantum-systems/tempo,,🔎
ionq-tempo,encoding,enc_hf,primary,hyperfine qubit (species not stated on the IonQ page),inferred,https://www.ionq.com/quantum-systems/tempo,,🔎
ionq-tempo,gate,g_ms,primary,laser Mølmer–Sørensen; 99.9% target fidelity (IonQ page); no published gate time or per-pair fidelity for the 100-ion chain,vendor-architecture-page,https://www.ionq.com/quantum-systems/tempo,,✅
ionq-tempo,connect,cx_bus,primary,"single long chain, all-to-all claimed; 100 target qubits (degree 99); a secondary source claims 256 physical — conflict",vendor-architecture-page,https://www.ionq.com/quantum-systems/tempo,,🔎
ionq-tempo,control,ct_ionaod,primary,room-temperature electronics + free-space AOM/AOD laser addressing; no Map node for ion AOD addressing,vendor-architecture-page,https://www.ionq.com/quantum-systems/tempo,,🔎
ionq-tempo,readout,ro_fluor,primary,fluorescence,inferred,https://www.ionq.com/quantum-systems/tempo,,🔎
ionq-tempo,code,code_qldpc,primary,generalized bicycle / QC-LDPC; qLDPC result from 40-ion ¹³³Ba⁺ stationary-chain testbed (Tempo-generation barium hardware),vendor-architecture-page,https://www.ionq.com/quantum-systems/tempo,,🔎
ionq-tempo,decoder,∅G-beam,primary,"beam-search decoder for qLDPC (Delfosse) — not matching, not BP; offline; no search-decoder node in the Map",vendor-architecture-page,https://www.ionq.com/quantum-systems/tempo,,🔎
ionq-tempo,interconnect,none,primary,"monolithic single module, no interconnect",inferred,https://www.ionq.com/quantum-systems/tempo,,🔎
ionq-tempo,fab,fab_trap,primary,surface-electrode ion trap; no Tempo-specific fab source,inferred,https://www.ionq.com/quantum-systems/tempo,,🔎
ionq-ba133-qldpc-testbed,carrier,ion,primary,40 ¹³³Ba⁺ ions in one stationary chain; physical coherence 1.1±0.3 s; lab-only testbed (Jun 2026),architecture-paper-figure,https://arxiv.org/abs/2606.06455,"Fig. 1 (ion trap, Raman beams steered by AODs)",✅
ionq-ba133-qldpc-testbed,encoding,enc_hf,primary,"¹³³Ba⁺ ground-state hyperfine qubit; family-determined, no machine-specific encoding source",architecture-paper,https://arxiv.org/abs/2606.06455,§II (Mid-circuit measurement),🔎
ionq-ba133-qldpc-testbed,gate,g_ms,primary,laser Mølmer–Sørensen entangling gates across the 40-ion chain,architecture-paper-figure,https://arxiv.org/abs/2606.06455,Fig. 1 (counter-propagating Raman gates); Figs. 4–5 (MS gate DRB); App. C,✅
ionq-ba133-qldpc-testbed,connect,cx_bus,primary,all-to-all through the chain's motional bus (degree 39); nine codes in three families run with no hardware reconfiguration,architecture-paper-figure,https://arxiv.org/abs/2606.06455,Fig. 1 (Tanner graphs of required 2Q connectivity); App. F Qubit mapping,✅
ionq-ba133-qldpc-testbed,control,ct_ionaod,primary,room-temperature electronics + free-space laser addressing,architecture-paper-figure,https://arxiv.org/abs/2606.06455,Fig. 1 (Raman beams steered with AODs); Fig. 10 (gate/MCM schedule),✅
ionq-ba133-qldpc-testbed,readout,ro_fluor,primary,fluorescence readout with leakage detection; ~75 % post-selection rejection for the larger codes,architecture-paper-figure,https://arxiv.org/abs/2606.06455,Fig. 1 (OMG-based MCM sequence); §II; Fig. 6 (leakage detection/rejection),✅
ionq-ba133-qldpc-testbed,code,code_qldpc,primary,"GB4 [[26,2,5]]: 0.96 %/cycle, break-even (logical 3.95±0.68 s vs physical 1.1 s); BB5 [[18,4,3]] (inferred) 4× X / 9× Z below prior SC BB",architecture-paper-figure,https://arxiv.org/abs/2606.06455,Fig. 2 (BB5/GB4 survival vs syndrome cycles); §III; App. A Code definitions,✅
ionq-ba133-qldpc-testbed,decoder,∅G-beam,primary,"beam-search decoder (Delfosse) for the qLDPC codes, run offline; no Map node for search decoders",architecture-paper,https://arxiv.org/abs/2606.06455,§III (Quantum memory experiments),🔎
ionq-ba133-qldpc-testbed,interconnect,none,primary,"single 40-ion chain in one module, no interconnect",inferred,https://arxiv.org/abs/2606.06455,,🔎
ionq-ba133-qldpc-testbed,fab,fab_trap,primary,"surface-electrode ion-trap microfabrication; family-determined, no machine-specific fab source",inferred,https://arxiv.org/abs/2606.06455,,🔎
ionq-oxford-quartet,carrier,ion,primary,trapped-ion hyperfine qubit; QUARTET qubit count not published (32-qubit processor generation per secondary source); installed NQCC Harwell 13 Aug 2025,architecture-paper-figure,https://arxiv.org/abs/2407.07694,"Fig. 1 (chip with 2D grid of unit cells, ions near local tuning electrodes); §III Experiments (40Ca+ ions 40 um above a seven-zone trap at ~5 K)",✅
ionq-oxford-quartet,encoding,enc_hf,primary,"ground-state hyperfine qubit; family-determined, species not stated in sources",architecture-paper,https://arxiv.org/abs/2407.07694,"§III Experiments (qubit in 4S1/2 Zeeman sublevels of 40Ca+, 240 MHz at 8.5 mT)",✅
ionq-oxford-quartet,gate,g_elec,primary,"Electronic Qubit Control: chip-integrated electronics generate gate fields, no gate lasers; 2Q fidelity 99.99 % (21 Oct 2025), up from 99.97 % (2024)",architecture-paper-figure,https://arxiv.org/abs/2407.07694,"Fig. 3 (two-qubit MS interactions via currents through the shared trace, B-field gradient); §III.2 High-fidelity tunable two-qubit gates; App. B",✅
ionq-oxford-quartet,connect,cx_bus,primary,"single chain today (degree 31 for the 32-qubit generation); 2-D connectivity promised via Q-Surge, no timeline",architecture-paper,https://arxiv.org/abs/2407.07694,"§III Experiments (seven-zone single-layer linear trap, up to 10 qubits; probe ions shuttled to the central zone)",✅
ionq-oxford-quartet,connect,cx_qccd,alternate,"Q-Surge (with Riverlane, Bay Photonics) to add 2-D qubit connectivity to QUARTET; no timeline or target published",architecture-paper-figure,https://arxiv.org/abs/2407.07694,Fig. 1 (repeating 2D grid of unit cells); §II Architecture,✅
ionq-oxford-quartet,control,ct_ionmw,primary,"chip-integrated electronic (microwave) control; 1Q gate error 1.5e-7 without magnetic shielding per Map ct_ionmw attrs, not on the cited page",architecture-paper-figure,https://arxiv.org/abs/2407.07694,Fig. 1 (shared current-carrying traces + local tuning electrodes); Fig. 2 (DC electrodes set qubit position); §II Architecture; App. A,✅
ionq-oxford-quartet,readout,ro_fluor,primary,"fluorescence readout; family-determined, no readout fidelity published",architecture-paper,https://arxiv.org/abs/2407.07694,"§III Experiments (729 nm shelving, state-dependent fluorescence on a CMOS camera; lasers only in zone 4 for SPAM)",🔎
ionq-oxford-quartet,code,none,primary,no QEC on this device; NISQ,press-technical,https://quantumcomputingreport.com/oxford-ionics-installs-full-stack-trapped-ion-quantum-computer-at-uks-national-quantum-computing-centre/,,🔎
ionq-oxford-quartet,decoder,none,primary,no decoder; no QEC run,press-technical,https://quantumcomputingreport.com/oxford-ionics-installs-full-stack-trapped-ion-quantum-computer-at-uks-national-quantum-computing-centre/,,🔎
ionq-oxford-quartet,interconnect,none,primary,"single module, no interconnect; field-upgradeable by QPU swap",inferred,https://quantumcomputingreport.com/oxford-ionics-installs-full-stack-trapped-ion-quantum-computer-at-uks-national-quantum-computing-centre/,,🔎
ionq-oxford-quartet,fab,fab_trap,primary,trap chips from standard semiconductor fabs (Map fab_trap attrs); moving to SkyWater in-house,architecture-paper,https://arxiv.org/abs/2407.07694,"§II Architecture ('standard microfabrication and packaging processes', 'established foundry processes')",🔎
ionq-oxford-quartet,fab,fab_cmos,alternate,standard-semiconductor-fab chip route; moving to SkyWater in-house,architecture-paper,https://arxiv.org/abs/2407.07694,§II Architecture (established foundry processes),🔎
ionq-superion-256,carrier,ion,primary,"256 ion qubits in a single fully integrated QPU; hyperfine qubit (ANNOUNCED 8 Sep 2026, deliveries 2027)",architecture-paper,https://arxiv.org/abs/2609.05625,§II.1 Architecture,✅
ionq-superion-256,encoding,enc_hf,primary,hyperfine qubit (register); no encoding detail published,inferred,https://www.ionq.com/news/ionq-launches-superion-product-line-industry-leading-upgradeable-platform-designed-to-scale-manufacturable-fault-tolerant-quantum-computing,,🔎
ionq-superion-256,encoding,enc_omg,alternate,metastable erasure is on the ion_elec path but nothing published from IonQ,inferred,https://www.ionq.com/news/ionq-launches-superion-product-line-industry-leading-upgradeable-platform-designed-to-scale-manufacturable-fault-tolerant-quantum-computing,,🔎
ionq-superion-256,gate,g_elec,primary,Electronic Qubit Control (EQC): chip-integrated electronics rather than lasers,architecture-paper,https://arxiv.org/abs/2609.05625,§II.1 Architecture,✅
ionq-superion-256,connect,cx_bus,primary,"chain bus, all-to-all claimed; 256 qubits (degree 255)",press-technical,https://www.ionq.com/news/ionq-launches-superion-product-line-industry-leading-upgradeable-platform-designed-to-scale-manufacturable-fault-tolerant-quantum-computing,,🔎
ionq-superion-256,connect,cx_qccd,alternate,"chain bus, all-to-all claimed; 255",architecture-paper,https://arxiv.org/abs/2609.05625,§II.1 Architecture; Part V (QCCD model),✅
ionq-superion-256,control,ct_ionmw,primary,"chip-integrated microwave control; standard server-rack footprint, no bespoke building work, less power than a rack of GPUs",press-technical,https://www.ionq.com/news/ionq-launches-superion-product-line-industry-leading-upgradeable-platform-designed-to-scale-manufacturable-fault-tolerant-quantum-computing,,✅
ionq-superion-256,readout,ro_fluor,primary,fluorescence,inferred,https://www.ionq.com/news/ionq-launches-superion-product-line-industry-leading-upgradeable-platform-designed-to-scale-manufacturable-fault-tolerant-quantum-computing,,🔎
ionq-superion-256,code,code_qldpc,primary,"Walking-Cat blueprint: generalized bicycle + cyclic hypergraph-product qLDPC; ECDLP-256 at ~1,450 logical, 19,397 physical ions, 25.7 days, 63% success",architecture-paper,https://arxiv.org/abs/2609.05625,§II.1 Architecture; Part V Architecture,✅
ionq-superion-256,code,code_highrate,alternate,"Walking-Cat ""cat factories"" (logical measurement) + magic-state factories; 4.0×10⁷ Toffoli for ECDLP-256 (blueprint, not measured)",architecture-paper,https://arxiv.org/abs/2609.05625,§II.1 Architecture (two-level magic factory); Part V,✅
ionq-superion-256,decoder,dec_relaybp,primary,"one unified decoder spanning memory blocks, cat factories and magic-state factories; algorithm not named; planned",architecture-paper,https://arxiv.org/abs/2609.05625,Part V Architecture,✅
ionq-superion-256,interconnect,ic_ionphoton,primary,"Lightsynq photonic interconnect, claimed up to 50× higher entanglement rates; no absolute rate published",press-technical,https://www.ionq.com/news/ionq-launches-superion-product-line-industry-leading-upgradeable-platform-designed-to-scale-manufacturable-fault-tolerant-quantum-computing,,✅
ionq-superion-256,fab,fab_cmos,primary,"first fully integrated 256-qubit QPUs fabricated at SkyWater (IonQ subsidiary); following generations designed, fabricated and packaged similarly",press-technical,https://www.ionq.com/news/ionq-launches-superion-product-line-industry-leading-upgradeable-platform-designed-to-scale-manufacturable-fault-tolerant-quantum-computing,,✅
ionq-superion-256,fab,fab_trap,alternate,"alternate: integrated ion-trap chip, SkyWater-fabricated",inferred,https://www.ionq.com/news/ionq-launches-superion-product-line-industry-leading-upgradeable-platform-designed-to-scale-manufacturable-fault-tolerant-quantum-computing,,🔎
aqt-ibex-q1,carrier,ion,primary,"trapped-ion register, 12 qubits; species ⁴⁰Ca⁺ from a secondary source; deployed via ARNICA and Scaleway, systems in Munich",architecture-paper-figure,https://arxiv.org/abs/2101.11390,Fig. 1 (40Ca+ levels and transitions); Fig. 11a (fluorescence image of 11-ion string); Fig. 19 (24- and 50-ion chains); §II The qubit system,✅
aqt-ibex-q1,encoding,enc_hf,primary,"hyperfine/clock-state qubit per register; family-determined, no machine-specific encoding source",architecture-paper-figure,https://arxiv.org/abs/2101.11390,"Fig. 1; §II The qubit system (optical qubit |4S1/2,m=-1/2> - |3D5/2,m=-1/2>, 729 nm, tau=1.17 s)",✅
aqt-ibex-q1,gate,g_ms,primary,"laser Mølmer–Sørensen, native RZ, R, RXX; 2Q fidelity 98.7±0.3 % (all pairs), 1Q 99.97±0.01 %; QV 128; max 2,000 gates/circuit",architecture-paper-figure,https://arxiv.org/abs/2101.11390,Fig. 16 (parity oscillations after MS gate); Fig. 17 (MS gate performance); §IV.H Molmer-Sorensen gate and entanglement generation,✅
aqt-ibex-q1,connect,cx_bus,primary,"single chain, 12 qubits fully connected (degree 11); nearest-neighbour crosstalk 1.0±0.4 %",architecture-paper-figure,https://arxiv.org/abs/2101.11390,Fig. 18 (pairwise fidelities over a 4-ion register via AOD addressing); Fig. 19 (24/50-ion chains); §IV.H,✅
aqt-ibex-q1,connect,cx_qccd,alternate,"cx_qccd applies to AQT's segmented research traps, not the single-chain IBEX Q1 product",architecture-paper-figure,https://arxiv.org/abs/2101.11390,"Fig. 3 (trap drawer: linear Paul blade trap); §III.A.1 Ion trap and vacuum apparatus (4 blades + 2 endcaps, r0=0.57 mm)",✅
aqt-ibex-q1,control,ct_ionaod,primary,"free-space laser addressing on a rack-mounted optical bench; 2 standard 19-inch rack units, 2 m², <2 kW, room temperature 22.0±1.5 °C",architecture-paper-figure,https://arxiv.org/abs/2101.11390,"Fig. 5 (light delivery, AOM switching, addressing); Fig. 6 (microoptics vs crossed AODs); Fig. 13 (AOD addressing unit); Fig. 9 (M-ACTION control); §III.B.2; §III.C.1",✅
aqt-ibex-q1,readout,ro_fluor,primary,"fluorescence readout; family-determined, no readout fidelity recorded; >20,000 circuits/hour",architecture-paper-figure,https://arxiv.org/abs/2101.11390,Fig. 11 (detection performance: 11-ion fluorescence image); Fig. 7 (trap drawer optics and detection); §III.B.3 Imaging optics; §IV.C,✅
aqt-ibex-q1,code,none,primary,no QEC on the product; AQT-lineage QEC record sits with the Innsbruck/IQOQI research machines,vendor-architecture-page,https://www.aqt.eu/products/ibex-q1/,,🔎
aqt-ibex-q1,decoder,none,primary,no decoder; no QEC run on the product,vendor-architecture-page,https://www.aqt.eu/products/ibex-q1/,,🔎
aqt-ibex-q1,interconnect,none,primary,"single module (2 rack units), no interconnect",architecture-paper-figure,https://arxiv.org/abs/2101.11390,Fig. 2 (scale model of the demonstrator in two 19-inch racks); §III.A Mechanical assembly,✅
aqt-ibex-q1,fab,fab_trap,primary,"surface-electrode ion-trap microfabrication; family-determined, no machine-specific fab source",architecture-paper,https://arxiv.org/abs/2101.11390,§III.A.1 Ion trap and vacuum apparatus (blade trap machined from gold-plated titanium),✅
aqt-ibex-q1,fab,fab_optics,alternate,"rack-mounted optical bench (lasers, vacuum) in 2 standard 19-inch rack units, <2 kW; assembly process not published",architecture-paper-figure,https://arxiv.org/abs/2101.11390,Fig. 2 (rack layout); Fig. 4 (laser light generation modules); Fig. 5 (delivery/switching); §III.B Optical subsystems,✅
eleqtron-jion,carrier,ion,primary,"30 ¹⁷¹Yb⁺ ions (pilot system); deployed 3 Sep 2026 at Jülich Supercomputing Centre on JUNIQ, coupled to JUPITER",architecture-paper-figure,https://arxiv.org/abs/2409.10498,Fig. 2 (spin-spin coupling vs number of 171Yb+ ions in a chain); §II,✅
eleqtron-jion,encoding,enc_hf,primary,"¹⁷¹Yb⁺ ground-state hyperfine qubit; family-determined, no machine-specific encoding source",architecture-paper,https://arxiv.org/abs/2409.10498,"§II Effective spin-spin interaction (qubit states |F=0,mF=0> and |F=1,mF=+1> of the hyperfine ground manifold)",✅
eleqtron-jion,gate,g_elec,primary,"MAGIC: microwaves + static magnetic-field gradient, no gate lasers, no dilution refrigerator, room temperature; no gate fidelity disclosed at launch",architecture-paper-figure,https://arxiv.org/abs/2409.10498,Fig. 1 (MAGIC scheme with magnetic-field gradient); §II,✅
eleqtron-jion,connect,cx_bus,primary,chain bus over 30 ions (degree 29); topology details not published,architecture-paper-figure,https://arxiv.org/abs/2409.10498,Fig. 2 (gradient-induced spin-spin coupling strengths J_ij across a 1-D chain),✅
eleqtron-jion,control,ct_ionmw,primary,"microwave control, individual addressing by microwave pulse frequency; on-chip microwave, room temperature",architecture-paper,https://arxiv.org/abs/2409.10498,§I Introduction; §II (microwaves instead of lasers address ions and implement gates),✅
eleqtron-jion,readout,ro_fluor,primary,"fluorescence readout; family-determined, no readout fidelity disclosed",inferred,https://theroboticsmedia.com/article/julich-eleqtron-jion-trapped-ion-quantum-computer-juniq-nrw-september-3-2026,,🔎
eleqtron-jion,code,none,primary,no QEC code run; no gate fidelity disclosed at launch,press-technical,https://theroboticsmedia.com/article/julich-eleqtron-jion-trapped-ion-quantum-computer-juniq-nrw-september-3-2026,,🔎
eleqtron-jion,decoder,none,primary,no decoder; no QEC run,press-technical,https://theroboticsmedia.com/article/julich-eleqtron-jion-trapped-ion-quantum-computer-juniq-nrw-september-3-2026,,🔎
eleqtron-jion,interconnect,none,primary,"single 30-ion module, no interconnect",inferred,https://theroboticsmedia.com/article/julich-eleqtron-jion-trapped-ion-quantum-computer-juniq-nrw-september-3-2026,,🔎
eleqtron-jion,fab,fab_trap,primary,"surface-electrode ion-trap microfabrication; family-determined, no machine-specific fab source",inferred,https://theroboticsmedia.com/article/julich-eleqtron-jion-trapped-ion-quantum-computer-juniq-nrw-september-3-2026,,🔎
universal-quantum-iqpu,carrier,ion,primary,"hyperfine ion qubits; 'hundreds of ion qubits per large die (>400 mm²)', no benchmarked register size (a 2026 secondary source says 64-qubit QCCD)",architecture-paper-figure,https://www.nature.com/articles/s41467-022-35285-3,Fig. 3 (the ion-trap microchip modules); §Experimental set-up,✅
universal-quantum-iqpu,encoding,enc_hf,primary,hyperfine qubit (family-determined),architecture-paper,https://www.nature.com/articles/s41467-022-35285-3,§Preserving qubit coherence (qubit in the S1/2 hyperfine manifold of 171Yb+),✅
universal-quantum-iqpu,gate,g_elec,primary,"microwave fields coupled through a static magnetic-field gradient, no per-qubit lasers",press-technical,https://www.quantumway.org/post/universal-quantum-microwave-trapped-ion-chips-modular-scaling-funding-and-2026-2030-roadmap-for,,✅
universal-quantum-iqpu,connect,cx_qccd,primary,"QCCD ion transport within a module; UQConnect ion transfer between trap modules, 2,424 transfers/s, qubit-loss infidelity <7e-8 (2026)",architecture-paper-figure,https://www.nature.com/articles/s41467-022-35285-3,Fig. 2 (section of a modular QCCD architecture); §Inter-module ion transport,✅
universal-quantum-iqpu,control,ct_ionmw,primary,chip-integrated on-chip microwave control; UQLogic and UQConnect delivered as commercial ASICs,press-technical,https://www.quantumway.org/post/universal-quantum-microwave-trapped-ion-chips-modular-scaling-funding-and-2026-2030-roadmap-for,,🔎
universal-quantum-iqpu,readout,ro_fluor,primary,fluorescence (family-determined),inferred,https://www.quantumway.org/post/universal-quantum-microwave-trapped-ion-chips-modular-scaling-funding-and-2026-2030-roadmap-for,,🔎
universal-quantum-iqpu,code,none,primary,no QEC code run; none,press-technical,https://www.quantumway.org/post/universal-quantum-microwave-trapped-ion-chips-modular-scaling-funding-and-2026-2030-roadmap-for,,🔎
universal-quantum-iqpu,decoder,none,primary,no decoder; none,press-technical,https://www.quantumway.org/post/universal-quantum-microwave-trapped-ion-chips-modular-scaling-funding-and-2026-2030-roadmap-for,,🔎
universal-quantum-iqpu,interconnect,∅G-ionmatter,primary,"chip-to-chip matter link: UQConnect physically transfers ions between trap modules, 2,424 transfers/s, loss infidelity <7e-8; not photonic",architecture-paper-figure,https://www.nature.com/articles/s41467-022-35285-3,Fig. 1 (connecting Module A and Module B); §Inter-module ion transport; Methods: DC ion transfer protocol,✅
universal-quantum-iqpu,fab,fab_cmos,primary,commercial 200 mm foundry line; UQLogic and UQConnect delivered as commercial ASICs,press-technical,https://www.quantumway.org/post/universal-quantum-microwave-trapped-ion-chips-modular-scaling-funding-and-2026-2030-roadmap-for,,🔎
universal-quantum-iqpu,fab,fab_trap,alternate,"microwave trapped-ion chips, large die (>400 mm²) with hundreds of ion qubits",architecture-paper-figure,https://www.nature.com/articles/s41467-022-35285-3,Fig. 3 (ion-trap microchip modules); Methods: Surface-electrode ion-trap modules,✅
quantum-art-multicore,carrier,ion,primary,"ion species undisclosed; 1,000-qubit multi-core system 'in development' (Apr 2026)",architecture-paper-figure,https://arxiv.org/abs/2311.01168,Fig. 1 (architecture: RF-trapped ion crystal segmented by dynamic optical potentials); Fig. 4 (N=231 ions in S=6 cells),✅
quantum-art-multicore,encoding,enc_hf,primary,hyperfine assumed by family; ion species undisclosed,inferred,https://quantumcomputingreport.com/quantum-art-extends-series-a-to-140m-to-scale-trapped-ion-architecture/,,🔎
quantum-art-multicore,gate,g_ms,primary,multi-qubit optical gates within a core (company direction); gate mechanism and fidelities undisclosed,architecture-paper,https://arxiv.org/abs/2311.01168,§VI Parallel multi-qubit logic and crosstalk mitigation; Fig. 7 (crosstalk mitigation vs optical trapping potential),✅
quantum-art-multicore,connect,cx_bus,primary,2-D trapped-ion architecture 'to overcome the connectivity and scaling limitations common in linear trap designs'; multi-core modularity,architecture-paper-figure,https://arxiv.org/abs/2311.01168,"Fig. 1 (optically segmented crystal, cells as near-independent registers); §II Proposed architecture",✅
quantum-art-multicore,connect,undisclosed,alternate,"inter-core link across cores, mechanism undisclosed",architecture-paper,https://arxiv.org/abs/2311.01168,§II Proposed architecture (connectivity by rapidly reconfiguring optical potentials; B_A/B_B barrier ions swap roles),✅
quantum-art-multicore,control,undisclosed,primary,control stack undisclosed,architecture-paper,https://arxiv.org/abs/2311.01168,"§II Proposed architecture (local and global driving fields implement U_{s,n}); Fig. 1",✅
quantum-art-multicore,readout,ro_fluor,primary,fluorescence (family-determined),architecture-paper-figure,https://arxiv.org/abs/2311.01168,Fig. 8 (mid-circuit measurement protocol schematic); §VII Mid-circuit measurements,✅
quantum-art-multicore,code,none,primary,no QEC code disclosed; none,architecture-paper-figure,https://arxiv.org/abs/2311.01168,Fig. 3 (quantum error correction code on an optically segmented ion-crystal); §III Application demonstrations,✅
quantum-art-multicore,decoder,none,primary,no decoder; none,press-technical,https://quantumcomputingreport.com/quantum-art-extends-series-a-to-140m-to-scale-trapped-ion-architecture/,,🔎
quantum-art-multicore,interconnect,undisclosed,primary,inter-core link mechanism undisclosed,architecture-paper,https://arxiv.org/abs/2311.01168,§II Proposed architecture (segmentation reconfigured by swapping confinement of barrier ions),✅
quantum-art-multicore,fab,fab_trap,primary,trap fabrication undisclosed; surface-electrode trap assumed by family,inferred,https://quantumcomputingreport.com/quantum-art-extends-series-a-to-140m-to-scale-trapped-ion-architecture/,,🔎
uibk-innsbruck-ion,carrier,ion,primary,16–24 ⁴⁰Ca⁺ ions in a linear chain,architecture-paper-figure,https://arxiv.org/abs/2111.12654,Fig. 1c (3D model of ion-trap processor); Methods,✅
uibk-innsbruck-ion,encoding,enc_hf,primary,family-assigned; ⁴⁰Ca⁺ carrier per note (no hyperfine structure in ⁴⁰Ca⁺),inferred,https://arxiv.org/abs/2111.12654,,🔎
uibk-innsbruck-ion,gate,g_ms,primary,laser Mølmer–Sørensen entangling gates on the ⁴⁰Ca⁺ chain,architecture-paper-figure,https://arxiv.org/abs/2111.12654,Fig. 1c (entangling beams); Methods (MS interaction),✅
uibk-innsbruck-ion,connect,cx_bus,primary,"linear-chain motional bus, 16–24 ions",architecture-paper-figure,https://arxiv.org/abs/2111.12654,"Fig. 1c (any ion pair i,j addressable)",✅
uibk-innsbruck-ion,connect,cx_qccd,alternate,segmented traps for the QCCD variants,architecture-paper,https://arxiv.org/abs/2111.12654,,🔎
uibk-innsbruck-ion,control,ct_ionaod,primary,free-space addressed laser control; room-temp + free-space optics,architecture-paper-figure,https://arxiv.org/abs/2111.12654,Fig. 1c (steerable tightly focused 729-nm beams),✅
uibk-innsbruck-ion,readout,ro_fluor,primary,fluorescence (family-determined),architecture-paper,https://arxiv.org/abs/2111.12654,Methods: experimental system (S1/2-P1/2 fluorescence),🔎
uibk-innsbruck-ion,code,code_color,primary,"Steane [[7,1,3]]: fault-tolerant universal 2-qubit gate set with T injection, flag-FT (2021; Nature 605, 675)",architecture-paper-figure,https://arxiv.org/abs/2111.12654,"Fig. 1a (7-qubit color code); Figs. 2-3 (FT prep, logical CNOT)",✅
uibk-innsbruck-ion,code,code_highrate,alternate,"[[8,3,2]] measurement-free universal FT: logical H, CNOT, transversal CCZ, teleportation; H_L fidelity 81(3)% at p₂=0.025 (2025)",architecture-paper,https://arxiv.org/html/2506.22600,,✅
uibk-innsbruck-ion,code,code_magic,alternate,"[[7,1,3]] ↔ [[10,1,2]] code switching for a universal FT set incl. T; two logical qubits entangled (Jan 2025)",architecture-paper-figure,https://arxiv.org/abs/2111.12654,Fig. 4 (FT magic state |H>_L); Fig. 5 (T-gate injection),✅
uibk-innsbruck-ion,decoder,∅G-coherent,primary,"measurement-free: syndromes mapped into an auxiliary register, coherent feedback unitary replaces mid-circuit measurement; latency-free by construction",architecture-paper,https://arxiv.org/html/2506.22600,,✅
uibk-innsbruck-ion,interconnect,none,primary,"monolithic single module, no interconnect",inferred,https://arxiv.org/abs/2111.12654,,🔎
uibk-innsbruck-ion,fab,fab_trap,primary,ion-trap fabrication (family-determined),inferred,https://arxiv.org/abs/2111.12654,,🔎
uibk-innsbruck-ion,fab,fab_optics,alternate,room-temperature free-space optics assembly (family-determined),inferred,https://arxiv.org/abs/2111.12654,,🔎
umd-duke-ion,carrier,ion,primary,13–32 ¹⁷¹Yb⁺ ions in a chain (EURIQA class); 13 ions for the Bacon–Shor run (Oct 2021),architecture-paper-figure,https://arxiv.org/abs/2009.11482,Fig. 1 (Bacon–Shor on 15-ion chain); Methods: Experimental implementation,✅
umd-duke-ion,encoding,enc_hf,primary,¹⁷¹Yb⁺ hyperfine qubit (family-determined),architecture-paper,https://arxiv.org/abs/2009.11482,Methods: Native ion-trap single-qubit gates,✅
umd-duke-ion,gate,g_ms,primary,laser Mølmer–Sørensen gates on the ¹⁷¹Yb⁺ chain,architecture-paper,https://arxiv.org/abs/2009.11482,Methods: Native ion-trap two-qubit gates,✅
umd-duke-ion,connect,cx_bus,primary,"single-chain motional bus (13 ions, degree 12); weight-2 subsystem checks cheap on one chain",architecture-paper-figure,https://arxiv.org/abs/2009.11482,Fig. 1 (9 data + 4 ancilla qubits mapped onto one 15-ion chain),✅
umd-duke-ion,control,ct_ionaod,primary,free-space addressed laser control; room-temp + free-space optics,architecture-paper,https://arxiv.org/abs/2009.11482,Methods: Experimental implementation,✅
umd-duke-ion,readout,ro_fluor,primary,fluorescence (family-determined),architecture-paper,https://arxiv.org/abs/2009.11482,Methods: Experimental implementation,✅
umd-duke-ion,code,∅G-subsystem,primary,"Bacon–Shor [[9,1,3]] subsystem code on 13 ions: FT prep, FT measurement, logical rotation, magic state above distillation threshold (Oct 2021)",architecture-paper-figure,https://arxiv.org/abs/2009.11482,"Fig. 1 (Bacon–Shor [[9,1,3]] layout); Fig. 2 (FT logical state prep, magic states)",✅
umd-duke-ion,code,code_highrate,alternate,"Bacon–Shor [[9,1,3]] as nearest fit; logical SPAM 0.6 %, Clifford gate 0.3 % with offline correction (Oct 2021)",architecture-paper-figure,https://arxiv.org/abs/2009.11482,"Fig. 1 (Bacon–Shor [[9,1,3]] layout); Fig. 2 (FT logical state prep)",✅
umd-duke-ion,decoder,dec_mwpm,primary,matching; offline correction of Bacon–Shor syndromes (Oct 2021),architecture-paper,https://arxiv.org/abs/2009.11482,Methods: Error Correction Protocol,✅
umd-duke-ion,interconnect,ic_ionphoton,primary,"Monroe lineage: remote ion–ion Bell pairs 9.7–250 s⁻¹ at 94–97 % fidelity, teleported CZ 86 %; requirement ≥10⁴ s⁻¹",architecture-paper,https://www.nature.com/articles/s41586-021-03928-y,,🔎
umd-duke-ion,fab,fab_trap,primary,ion-trap fabrication (family-determined),architecture-paper,https://arxiv.org/abs/2009.11482,Methods: Experimental implementation,✅
tsinghua-512-ion,carrier,ion,primary,"512 ions in a 2-D Coulomb crystal, ~300 used for quantum simulation (May 2024)",architecture-paper-figure,https://www.nature.com/articles/s41586-024-07459-0,Fig. 1 (experimental setup and 2D ion crystals); §Stable trapping of 2D ion crystals,✅
tsinghua-512-ion,encoding,enc_hf,primary,hyperfine qubit (family-determined),inferred,https://www.nature.com/articles/s41586-024-07459-0,,🔎
tsinghua-512-ion,gate,∅G-isinganalog,primary,"global laser-driven spin–spin coupling; analog Ising simulator in a 2-D ion crystal, not a gate-model machine",architecture-paper,https://arxiv.org/abs/2311.17163,Supp. §III Hamiltonian generated by 411 nm laser (A. Spin-dependent force; B. Ising model Hamiltonian),✅
tsinghua-512-ion,connect,∅G-crystal,primary,"static 2-D Coulomb crystal, power-law all-to-all coupling (511 neighbours), no transport",architecture-paper-figure,https://www.nature.com/articles/s41586-024-07459-0,Fig. 1 (2D ion crystals); Supp. §II Crystal configuration stability; Fig. S2 (image of 300-ion crystal),✅
tsinghua-512-ion,control,ct_ionaod,primary,global free-space laser drive; room-temp + free-space optics,architecture-paper-figure,https://arxiv.org/abs/2311.17163,Fig. S1 (laser configuration); Supp. §I.B Laser configuration,✅
tsinghua-512-ion,readout,ro_fluor,primary,site-resolved fluorescence imaging of the 2-D crystal (May 2024),architecture-paper,https://arxiv.org/abs/2311.17163,Supp. §I.C Imaging system; Fig. S2 (site-resolved image of N=300 ions),✅
tsinghua-512-ion,code,none,primary,no QEC code; analog simulator,architecture-paper,https://www.nature.com/articles/s41586-024-07459-0,,🔎
tsinghua-512-ion,decoder,none,primary,no decoder; none,architecture-paper,https://www.nature.com/articles/s41586-024-07459-0,,🔎
tsinghua-512-ion,interconnect,none,primary,"monolithic single module, no interconnect",inferred,https://www.nature.com/articles/s41586-024-07459-0,,🔎
tsinghua-512-ion,fab,fab_trap,primary,ion-trap fabrication (family-determined),architecture-paper,https://arxiv.org/abs/2311.17163,Supp. §I.A Monolithic 3D ion trap; §I.D Trap parameters,✅
tsinghua-512-ion,fab,fab_optics,alternate,room-temperature free-space optics assembly (family-determined),architecture-paper-figure,https://arxiv.org/abs/2311.17163,Fig. S1 (laser configuration); Supp. §I.C Imaging system,✅
qudora-nfqc,carrier,ion,primary,"hyperfine ion qubit; emulator only, no hardware results",architecture-paper-figure,https://www.nature.com/articles/s41534-019-0184-5,Fig. 2 (energy levels of 9Be+ at 22.3 mT); §Results and discussion,✅
qudora-nfqc,encoding,enc_hf,primary,hyperfine qubit (family-determined),architecture-paper-figure,https://www.nature.com/articles/s41534-019-0184-5,"Fig. 2 (9Be+ hyperfine levels; field-independent |1,1>-|2,1> qubit at 22.3 mT)",✅
qudora-nfqc,gate,g_elec,primary,Near-Field Quantum Control microwave gates,architecture-paper-figure,https://www.nature.com/articles/s41534-019-0184-5,Fig. 1 (electrode configuration with embedded microwave conductor); Fig. 3 (parity oscillation of entangled state),✅
qudora-nfqc,connect,cx_bus,primary,connectivity not published,press-technical,https://thequantuminsider.com/2026/05/15/10-plus-companies-leading-the-quantum-technologies-race-in-china/,,🔎
qudora-nfqc,control,ct_ionmw,primary,chip-integrated microwave; on-chip microwave,architecture-paper-figure,https://www.nature.com/articles/s41534-019-0184-5,"Fig. 1 (electrode configuration around the trap centre, integrated microwave conductor)",✅
qudora-nfqc,readout,ro_fluor,primary,fluorescence (family-determined),architecture-paper,https://www.nature.com/articles/s41534-019-0184-5,"§Results and discussion (fluorescence detection on the closed-cycle transition, 400 µs)",✅
qudora-nfqc,code,none,primary,no QEC code; none,press-technical,https://thequantuminsider.com/2026/05/15/10-plus-companies-leading-the-quantum-technologies-race-in-china/,,🔎
qudora-nfqc,decoder,none,primary,no decoder; none,press-technical,https://thequantuminsider.com/2026/05/15/10-plus-companies-leading-the-quantum-technologies-race-in-china/,,🔎
qudora-nfqc,interconnect,none,primary,"monolithic single module, no interconnect",inferred,https://thequantuminsider.com/2026/05/15/10-plus-companies-leading-the-quantum-technologies-race-in-china/,,🔎
qudora-nfqc,fab,fab_trap,primary,CMOS-compatible manufacturing of the NFQC trap chips,architecture-paper,https://www.nature.com/articles/s41534-019-0184-5,"§Results and discussion (trap fabricated at PTB cleanroom, single-layer method, AlN substrate, ~10 µm Au, 5 µm gaps)",✅
qudoor-abaq,carrier,ion,primary,ion (species not disclosed),press-technical,https://thequantuminsider.com/2026/05/15/10-plus-companies-leading-the-quantum-technologies-race-in-china/,§Qudoor (ion trap quantum computers; full stack spans ion trap chips),✅
qudoor-abaq,encoding,enc_hf,primary,hyperfine assumed by family; species not disclosed,inferred,https://thequantuminsider.com/2026/05/15/10-plus-companies-leading-the-quantum-technologies-race-in-china/,,🔎
qudoor-abaq,gate,g_ms,primary,gate mechanism not disclosed,press-technical,https://thequantuminsider.com/2026/05/15/10-plus-companies-leading-the-quantum-technologies-race-in-china/,,🔎
qudoor-abaq,connect,cx_bus,primary,connectivity not disclosed,press-technical,https://thequantuminsider.com/2026/05/15/10-plus-companies-leading-the-quantum-technologies-race-in-china/,,🔎
qudoor-abaq,control,ct_ionaod,primary,control and control placement not disclosed,press-technical,https://thequantuminsider.com/2026/05/15/10-plus-companies-leading-the-quantum-technologies-race-in-china/,"§Qudoor (precision laser systems, measurement and control systems)",✅
qudoor-abaq,readout,ro_fluor,primary,fluorescence (family-determined),inferred,https://thequantuminsider.com/2026/05/15/10-plus-companies-leading-the-quantum-technologies-race-in-china/,,🔎
qudoor-abaq,code,none,primary,no QEC code; none,press-technical,https://thequantuminsider.com/2026/05/15/10-plus-companies-leading-the-quantum-technologies-race-in-china/,,🔎
qudoor-abaq,decoder,none,primary,no decoder; none,press-technical,https://thequantuminsider.com/2026/05/15/10-plus-companies-leading-the-quantum-technologies-race-in-china/,,🔎
qudoor-abaq,interconnect,none,primary,"monolithic single module, no interconnect",inferred,https://thequantuminsider.com/2026/05/15/10-plus-companies-leading-the-quantum-technologies-race-in-china/,,🔎
qudoor-abaq,fab,fab_trap,primary,ion-trap fabrication (family-determined),press-technical,https://thequantuminsider.com/2026/05/15/10-plus-companies-leading-the-quantum-technologies-race-in-china/,§Qudoor (full-stack development spans ion trap chips),✅
quera-aquila,carrier,alkali,primary,87Rb ground–Rydberg analog qubit (not hyperfine); 256 atoms; deployed Nov 2022 on Amazon Braket,architecture-paper-figure,https://arxiv.org/abs/2306.11727,Fig. 1.3 (Rb-87 valence electron states used as qubit and physical host); Fig. 1.1 (interior of Aquila: vacuum cell with dilute Rb gas); §Key ingredient: Rubidium atoms,✅
quera-aquila,encoding,enc_gr,primary,"no Map node: ground–Rydberg (|g⟩,|r⟩) analog qubit; computational states are not hyperfine",architecture-paper-figure,https://arxiv.org/abs/2306.11727,Fig. 1.3 (Rb-87 states used as qubit); Fig. 1.7 (analog program: Rabi drive Ω(t) between ground and Rydberg state); §1.3 The Rydberg Hamiltonian,✅
quera-aquila,gate,g_rydanalog,primary,no Map node: analog Rydberg Ising Hamiltonian evolution under global drive + local detuning; does not run gate circuits,architecture-paper-figure,https://arxiv.org/abs/2306.11727,"Fig. 1.7 (example analog program defined by Ω(t), Δ(t) etc.); Fig. 1.8 (Rydberg blockade mechanism); §1.3 The Rydberg Hamiltonian; §Key ingredient: Photonics, lasers, and analog control",✅
quera-aquila,connect,cx_aod,primary,reconfigurable 1-D/2-D tweezer register of 256 atoms; AOD moves for register preparation only,architecture-paper-figure,https://arxiv.org/abs/2306.11727,Fig. 1.4 (arbitrarily positioned atom arrangements via reconfigurable tweezers); Fig. 1.5 (deterministic loading of an 11x11 lattice); Fig. 1.6 (atom geometry constraints: sites in rows); §Key ingredient: FPQA with arbitrary geometry and optical tweezers,✅
quera-aquila,control,ct_laser,primary,SLM tweezers + AOD moves + Rydberg lasers; room-temperature optics,architecture-paper-figure,https://arxiv.org/abs/2306.11727,"Fig. 1.2 (functional block diagram: six laser wavelengths focused on the vacuum cell); Fig. 1.1 (optical elements, lasers, cameras); §Key ingredient: Photonics, lasers, and analog control",✅
quera-aquila,readout,ro_img,primary,"fluorescence imaging, destructive, ~0.5–1 ms",architecture-paper-figure,https://arxiv.org/abs/2306.11727,"Fig. 1.9 (full cycle of the Aquila processor: MOT load, trap load, ...); Fig. 1.5 (image of the presorted array); Fig. 1.1 (cameras)",🔎
quera-aquila,code,none,primary,"no QEC code; analog device, QEC not applicable",architecture-paper,https://arxiv.org/abs/2306.11727,§1.5 Datasheet of Aquila capabilities and performance metrics (analog device; no QEC section in the whitepaper),✅
quera-aquila,decoder,none,primary,no decoder; no QEC run,architecture-paper,https://arxiv.org/abs/2306.11727,§1.5 Datasheet of Aquila capabilities and performance metrics (no decoder section),✅
quera-aquila,interconnect,none,primary,"single vacuum cell; monolithic, no interconnect",architecture-paper-figure,https://arxiv.org/abs/2306.11727,Fig. 1.1 (interior of Aquila: single vacuum cell); Fig. 1.2 (functional block diagram),✅
quera-aquila,fab,fab_optics,primary,"room-temperature optical/vacuum assembly (lasers, vacuum cell, objectives)",architecture-paper-figure,https://arxiv.org/abs/2306.11727,"Fig. 1.1 (array of optical elements, lasers, cameras around a vacuum cell); Fig. 1.2 (six laser wavelengths); §Key ingredient: Photonics, lasers, and analog control",✅
quera-gemini,carrier,alkali,primary,87Rb hyperfine clock qubit; 260 physical atoms; deployed 2025 (cloud and on-premise),architecture-paper-figure,https://arxiv.org/abs/2412.15165,"Fig. 1c (atom images, 85 qubits); Extended Data Fig. 1a",✅
quera-gemini,encoding,enc_hf,primary,87Rb ground-state hyperfine clock qubit,architecture-paper,https://arxiv.org/abs/2412.15165,Methods: System overview,🔎
quera-gemini,gate,g_ryd,primary,"Rydberg-blockade CZ; 2Q global 99.2% with 20 simultaneous pairs; 1Q global 99.9%, local 99.7%; 1 shot/s (2025)",architecture-paper-figure,https://arxiv.org/abs/2412.15165,Extended Data Fig. 1b (Rydberg-blockade entangling layers),✅
quera-gemini,connect,cx_aod,primary,"storage zone + entanglement zone, atoms moved between them by AOD tweezers; all-to-all by rearrangement (degree 259)",architecture-paper-figure,https://arxiv.org/abs/2412.15165,Extended Data Fig. 2; Fig. 1c (right); Extended Data Fig. 1c,✅
quera-gemini,control,ct_laser,primary,SLM tweezers + AOD moves + Rydberg lasers; room-temperature optics,architecture-paper-figure,https://arxiv.org/abs/2412.15165,Extended Data Fig. 2 (SLM/AOD trap arrays); Methods: System overview,✅
quera-gemini,readout,ro_img,primary,fluorescence imaging; SPAM/readout 99.7% (2025),architecture-paper-figure,https://arxiv.org/abs/2412.15165,Extended Data Fig. 1d (global measurement); Fig. 1c (averaged images),✅
quera-gemini,readout,ro_imgfast,alternate,alternate only; note: fast imaging not on Rb — Gemini uses standard fluorescence imaging (SPAM 99.7%),inferred,https://www.quera.com/gemini,,🔎
quera-gemini,code,code_color,primary,488 color codes d=3 and d=5 with Harvard/MIT; 5 d=5 logical qubits plus two d=3 factories (Jul 2025),architecture-paper-figure,https://arxiv.org/abs/2412.15165,"Fig. 2b (d=3 colour-code stabilizers); Fig. 4a,b (d=5)",✅
quera-gemini,code,code_magic,alternate,"logical-level 5-to-1 magic-state distillation on 488 color codes; output fidelity better than every input, absolute value not published (Jul 2025)",architecture-paper-figure,https://arxiv.org/abs/2412.15165,"Fig. 3 (5-to-1 MSD); Fig. 1b; Fig. 4c,d",✅
quera-gemini,code,code_highrate,alternate,alternate station; no high-rate code reported — demonstrated code is 488 color (d=3/d=5),architecture-paper,https://www.nature.com/articles/s41586-025-09367-3,,🔎
quera-gemini,decoder,dec_corr,primary,correlated / loss-aware decoding; offline,architecture-paper-figure,https://arxiv.org/abs/2412.15165,Fig. 3b (MLE vs MLD); Extended Data Fig. 4; Methods: Decoding and post-selection,✅
quera-gemini,decoder,dec_mwpm,alternate,"alternate station; primary decoding is correlated / loss-aware, offline",architecture-paper,https://www.nature.com/articles/s41586-025-09367-3,,🔎
quera-gemini,interconnect,none,primary,"single vacuum cell, no interconnect; ic_atomcavity is the stated path, nothing built",inferred,https://www.quera.com/gemini,,🔎
quera-gemini,fab,fab_optics,primary,"room-temperature optical/vacuum assembly (lasers, vacuum cell, objectives)",inferred,https://www.quera.com/gemini,,🔎
harvard-448,carrier,alkali,primary,"up to 448 87Rb atoms, hyperfine clock-state qubits (online 10 Nov 2025)",architecture-paper-figure,https://www.nature.com/articles/s41586-025-09848-5,Fig. 1 (zoned reconfigurable tweezer-array architecture); Methods: System overview,✅
harvard-448,encoding,enc_hf,primary,87Rb ground-state hyperfine clock-state qubit,architecture-paper,https://www.nature.com/articles/s41586-025-09848-5,§Neutral atom logical processor,🔎
harvard-448,gate,g_ryd,primary,global Rydberg-blockade CZ (~270 ns); transversal block-to-block gates by moving one code block on top of another,architecture-paper-figure,https://www.nature.com/articles/s41586-025-09848-5,Fig. 3a (transversal gates by atomic motion); Methods: System overview (Rydberg CZ),✅
harvard-448,connect,cx_aod,primary,"four zones (storage, entangling, readout, reservoir); reconfigurable tweezers move atoms between them; reservoir enables indefinite-depth operation",architecture-paper-figure,https://www.nature.com/articles/s41586-025-09848-5,"Fig. 1 (storage, entangling, readout, reservoir zones)",✅
harvard-448,control,ct_laser,primary,SLM tweezers + AOD moves + Rydberg lasers; optics (room temperature),architecture-paper,https://www.nature.com/articles/s41586-025-09848-5,Methods: System overview,✅
harvard-448,readout,ro_img,primary,non-destructive spin-resolved imaging that also detects atom loss; superchecks recover error information from loss flags,architecture-paper-figure,https://www.nature.com/articles/s41586-025-09848-5,Fig. 1 (spin-to-position conversion via state-selective 1D lattice),✅
harvard-448,code,code_aft,primary,universal logical set via code switching; 96 simultaneous d=4 logical qubits; 27-layer circuits with hundreds of logical teleportations (Nov 2025),architecture-paper-figure,https://www.nature.com/articles/s41586-025-09848-5,"Fig. 4 (universal FT gate set, arbitrary rotations); Fig. 6 (27-layer deep circuits)",✅
harvard-448,code,code_surface,alternate,surface code d=5 repeated QEC: 2.14(13)x below threshold; 0.62(3)% logical error per round (~0.1% on loss-free shots),architecture-paper-figure,https://www.nature.com/articles/s41586-025-09848-5,Fig. 2 (below-threshold repeated d=5 surface-code QEC),✅
harvard-448,code,code_highrate,alternate,"stab_16_6_4 [[16,6,4]] high-rate code",architecture-paper-figure,https://www.nature.com/articles/s41586-025-09848-5,"Fig. 6 ([[16,6,4]] codes entangled in space and time)",✅
harvard-448,code,code_magic,alternate,3-D stab_15_1_3 Reed-Muller code for transversal non-Clifford T via code switching,architecture-paper-figure,https://www.nature.com/articles/s41586-025-09848-5,Fig. 4 (3D Reed–Muller 45° plateau = transversal T),✅
harvard-448,code,code_color,alternate,"steane [[7,1,3]] code",architecture-paper-figure,https://www.nature.com/articles/s41586-025-09848-5,"Fig. 6 (2D cluster state from Steane codes, up to 27 layers)",✅
harvard-448,decoder,dec_corr,primary,correlated decoding across transversal gates; most-likely-error decoder consuming loss information; offline; 1.73x QEC gain from loss-aware decoding,architecture-paper-figure,https://www.nature.com/articles/s41586-025-09848-5,Fig. 2 (logical error per round: MLE with/without loss information),✅
harvard-448,decoder,dec_nn,alternate,machine-learning decoder consuming atom-loss information; offline,architecture-paper-figure,https://www.nature.com/articles/s41586-025-09848-5,Fig. 2 (logical error per round: machine learning with/without loss information),✅
harvard-448,interconnect,none,primary,"single vacuum cell; monolithic, no interconnect",architecture-paper,https://www.nature.com/articles/s41586-025-09848-5,Methods: System overview,✅
harvard-448,fab,fab_optics,primary,"room-temperature optical/vacuum assembly: SLM tweezers, AOD moves, Rydberg lasers around a single vacuum cell",architecture-paper,https://www.nature.com/articles/s41586-025-09848-5,Methods: System overview,✅
harvard-continuous-3000,carrier,alkali,primary,">3,000 87Rb atoms operated continuously for >2 hours (Aug 2026)",architecture-paper-figure,https://arxiv.org/abs/2506.20660,"Fig. 2b (single-shot fluorescence image of 3,217 atoms in the 3,240-site storage array, 99.3% filling); Fig. 1 (Atom-array architecture for continuous operation)",✅
harvard-continuous-3000,encoding,enc_hf,primary,87Rb hyperfine clock-state qubit,architecture-paper-figure,https://arxiv.org/abs/2506.20660,Extended Data Fig. 5d (atomic levels for fast initialization); Methods: Qubit Initialization; Methods: Qubit Manipulation and Readout,✅
harvard-continuous-3000,gate,none,primary,no entangling result in this paper; the machine is a continuous-operation enabler,architecture-paper,https://arxiv.org/abs/2506.20660,"§Discussion and Outlook (no entangling-gate experiment; Figs. 1-4 cover reloading, assembly, coherence)",✅
harvard-continuous-3000,gate,g_ryd,alternate,Rydberg lasers in the control stack; no entangling gate result reported in this paper,architecture-paper,https://arxiv.org/html/2608.05010v1,,🔎
harvard-continuous-3000,connect,cx_reload,primary,"two optical-lattice conveyor belts move atoms ~0.5 m; reload 300,000 atoms/s into tweezers => 30,000 initialised qubits/s (Aug 2026)",architecture-paper-figure,https://arxiv.org/abs/2506.20660,Fig. 1a (two optical-lattice conveyor belts transport atoms 0.5 m from MOT region to science region); Extended Data Fig. 2 (Dual-lattice conveyor belt transport); Methods: Dual-Lattice Optical Transport,✅
harvard-continuous-3000,connect,cx_aod,alternate,"AOD tweezers only for local rearrangement; defect-free arrays of 2,024 atoms within 60 ms; cycle ~100 ms",architecture-paper-figure,https://arxiv.org/abs/2506.20660,"Fig. 2a (zone architecture: lattice reservoir, 1,440-site preparation zone, 3,240-site storage zone); Extended Data Fig. 6 (Preparation zone atom rearrangement and iterative assembly); Methods: Atom Rearrangement",✅
harvard-continuous-3000,control,ct_laser,primary,"SLM tweezers, optical-lattice conveyors and Rydberg lasers; optics (room temperature)",architecture-paper-figure,https://arxiv.org/abs/2506.20660,Extended Data Fig. 3a (optical beam paths for tweezer generation and single-atom imaging); Methods: Tweezer Generation; Methods: Control System and Timing,✅
harvard-continuous-3000,readout,ro_img,primary,fluorescence imaging,architecture-paper-figure,https://arxiv.org/abs/2506.20660,Fig. 2b (single-shot fluorescence image); Methods: Objective & Imaging System; Methods: Finite-Field Laser Cooling & Imaging; Methods: Qubit Manipulation and Readout,✅
harvard-continuous-3000,code,none,primary,no QEC code in this paper; continuous-operation hardware demonstration,architecture-paper,https://arxiv.org/abs/2506.20660,§Discussion and Outlook (no QEC experiment; Figs. 1-4 and Extended Data Figs. 1-10 contain no code),✅
harvard-continuous-3000,decoder,none,primary,no decoder; no QEC run in this paper,architecture-paper,https://arxiv.org/abs/2506.20660,§Discussion and Outlook (no decoder; no QEC run),✅
harvard-continuous-3000,interconnect,none,primary,"single apparatus; monolithic, no interconnect",architecture-paper-figure,https://arxiv.org/abs/2506.20660,Extended Data Fig. 1a (simplified view of the single vacuum chamber: MOT region and science region); Methods: Vacuum System,✅
harvard-continuous-3000,fab,fab_optics,primary,"room-temperature optics/vacuum with continuous-reload hardware: 2 optical-lattice conveyors, 300,000 atoms/s into tweezers",architecture-paper,https://arxiv.org/abs/2506.20660,Methods: Vacuum System; Methods: Objective & Imaging System; Methods: Tweezer Generation; Extended Data Fig. 1a (vacuum chamber); Extended Data Fig. 3 (High-NA beam paths and optical tweezer characterization),✅
quera-libra,carrier,alkali,primary,hyperfine clock-state qubit (alkali atoms); planned 2028,press-technical,https://quantumcomputingreport.com/quera-updates-neutral-atom-quantum-roadmap-with-2028-fault-tolerant-launch-on-amazon-braket/,,🔎
quera-libra,encoding,enc_hf,primary,ground-state hyperfine clock-state qubit (planned),inferred,https://quantumcomputingreport.com/quera-updates-neutral-atom-quantum-roadmap-with-2028-fault-tolerant-launch-on-amazon-braket/,,🔎
quera-libra,gate,g_ryd,primary,transversal logical operations with mid-circuit active reloading and parallel atom shuttling (planned 2028),press-technical,https://quantumcomputingreport.com/quera-updates-neutral-atom-quantum-roadmap-with-2028-fault-tolerant-launch-on-amazon-braket/,,✅
quera-libra,connect,cx_aod,primary,zoned architecture with parallel atom shuttling; room-temperature vacuum cell (planned 2028),press-technical,https://quantumcomputingreport.com/quera-updates-neutral-atom-quantum-roadmap-with-2028-fault-tolerant-launch-on-amazon-braket/,,✅
quera-libra,control,ct_laser,primary,SLM tweezers + AOD moves + Rydberg lasers; room-temperature optics,press-technical,https://quantumcomputingreport.com/quera-updates-neutral-atom-quantum-roadmap-with-2028-fault-tolerant-launch-on-amazon-braket/,,🔎
quera-libra,readout,ro_img,primary,fluorescence imaging,inferred,https://quantumcomputingreport.com/quera-updates-neutral-atom-quantum-roadmap-with-2028-fault-tolerant-launch-on-amazon-braket/,,🔎
quera-libra,readout,ro_imgfast,alternate,"alternate station; fluorescence imaging, no fast-readout detail published",inferred,https://quantumcomputingreport.com/quera-updates-neutral-atom-quantum-roadmap-with-2028-fault-tolerant-launch-on-amazon-braket/,,🔎
quera-libra,code,code_aft,primary,high-rate QEC encoding with transversal logical operations; planned 2028 on Amazon Braket,press-technical,https://quantumcomputingreport.com/quera-updates-neutral-atom-quantum-roadmap-with-2028-fault-tolerant-launch-on-amazon-braket/,,✅
quera-libra,code,code_highrate,alternate,"qLDPC with rate >1/2 (~2.7:1 memory-only); target 256 logical from >10,000 physical, logical error 1e-6 (2028)",press-technical,https://quantumcomputingreport.com/quera-updates-neutral-atom-quantum-roadmap-with-2028-fault-tolerant-launch-on-amazon-braket/,,🔎
quera-libra,decoder,dec_corr,primary,correlated / loss-aware decoding; real-time planned,press-technical,https://quantumcomputingreport.com/quera-updates-neutral-atom-quantum-roadmap-with-2028-fault-tolerant-launch-on-amazon-braket/,,🔎
quera-libra,decoder,dec_gpu,alternate,"alternate station; decoder planned (correlated / loss-aware), no GPU detail published",press-technical,https://quantumcomputingreport.com/quera-updates-neutral-atom-quantum-roadmap-with-2028-fault-tolerant-launch-on-amazon-braket/,,🔎
quera-libra,interconnect,ic_atomcavity,primary,direction only; no inter-module link specified,press-technical,https://quantumcomputingreport.com/quera-updates-neutral-atom-quantum-roadmap-with-2028-fault-tolerant-launch-on-amazon-braket/,,🔎
quera-libra,fab,fab_optics,primary,room-temperature vacuum-cell optical assembly (planned),inferred,https://quantumcomputingreport.com/quera-updates-neutral-atom-quantum-roadmap-with-2028-fault-tolerant-launch-on-amazon-braket/,,🔎
atom-computing-phoenix,carrier,ae_atom,primary,"171Yb nuclear-spin qubits in Gen-2 (1,180 in 1,225 sites, Oct 2023); Gen-1 Phoenix was 87Sr - species change across generations",architecture-paper-figure,https://arxiv.org/abs/2606.04079,Fig. 1b (zone-based tweezer architecture); §II,✅
atom-computing-phoenix,encoding,enc_hf,primary,"nuclear-spin qubit (171Yb, Gen-2); T2 ~40 s reported for Phoenix (2021)",architecture-paper,https://arxiv.org/abs/2606.04079,§II (Architecture),✅
atom-computing-phoenix,encoding,enc_omg,alternate,"erasure handled as atom-loss detection by imaging, not metastable-decay conversion",architecture-paper-figure,https://arxiv.org/abs/2606.04079,Fig. 1d (lost data qubit → erased ancilla); Fig. 2a (loss-triggered replacement),✅
atom-computing-phoenix,gate,g_ryd,primary,Rydberg-blockade CZ; 2Q fidelity 99.6% claimed (2025),architecture-paper-figure,https://arxiv.org/abs/2606.04079,Fig. 2a (CZ in syndrome extraction); §II (CZ in interaction zone),✅
atom-computing-phoenix,connect,cx_aod,primary,"tweezer grid with AOD moves; 1,225-site grid with 1,180 sites filled (Oct 2023)",architecture-paper-figure,https://arxiv.org/abs/2606.04079,Fig. 1b (movable tweezers between zones),✅
atom-computing-phoenix,control,ct_laser,primary,SLM tweezers + AOD moves + Rydberg lasers; optics (room temperature),architecture-paper,https://arxiv.org/abs/2606.04079,§II (register/interaction zones); SM §SII (1Q gates),🔎
atom-computing-phoenix,readout,ro_img,primary,"fluorescence imaging; mid-circuit measurement and replacement of lost qubits, with qubit-reservoir reloading (Jun 2026)",architecture-paper-figure,https://arxiv.org/abs/2606.04079,"Fig. 2a (MCM + replacement), Fig. 2c inset (MCM contrast); Fig. 1b,c",✅
atom-computing-phoenix,readout,ro_erasure,alternate,"real-time detection and correction of atom-loss errors; stab_4_2_2 with erasure correction, 24 entangled logical qubits on 256 atoms (Nov 2024)",architecture-paper-figure,https://arxiv.org/abs/2606.04079,Fig. 2a (loss detection branch); SM §SIV (loss-aware decoding),✅
atom-computing-phoenix,code,∅G-toric,primary,"toric code d=4 and d=6, up to 90 syndrome-extraction rounds; lower logical error at larger d; no Λ or per-round error published (Jun 2026)",architecture-paper-figure,https://arxiv.org/abs/2606.04079,"Fig. 1d (twisted toric code); Fig. 2b,c; Fig. 3 (det 8/16 LER per cycle)",✅
atom-computing-phoenix,code,code_surface,alternate,toric = periodic-boundary surface code; Map code_surface is the rotated variant; also stab_4_2_2 and bacon_shor_9 with Microsoft (Nov 2024),architecture-paper-figure,https://arxiv.org/abs/2606.04079,Fig. 1d (twisted toric code layout); SM §SIII (twisted toric codes),✅
atom-computing-phoenix,decoder,dec_mwpm,primary,matching; offline,architecture-paper,https://arxiv.org/abs/2606.04079,SM §SIV (loss-aware decoding),🔎
atom-computing-phoenix,interconnect,none,primary,"single vacuum cell; monolithic, no interconnect (Nu Quantum/Cisco MoUs carry no numbers)",inferred,https://www.nextbigfuture.com/2023/10/atom-computing-first-to-exceed-1000-qubits-with-1180-qubit-neutral-atom-quantum-computer.html,,🔎
atom-computing-phoenix,fab,fab_optics,primary,"room-temperature optical/vacuum assembly: SLM tweezers, AOD moves, Rydberg lasers; qubit-reservoir reloading",architecture-paper-figure,https://arxiv.org/abs/2606.04079,Fig. 1b (MOT → loading → storage zone); SM §SI (SZ reloading sequence),✅
atom-computing-magne,carrier,ae_atom,primary,"¹⁷¹Yb nuclear-spin qubits; 1,225 neutral atoms (full Gen-2 grid)",press-technical,https://quantumcomputingreport.com/denmarks-qunorth-to-acquire-50-logical-qubit-magne-quantum-computer-from-atom-computing-and-microsoft/,,🔎
atom-computing-magne,encoding,enc_hf,primary,¹⁷¹Yb nuclear-spin levels (family-determined),inferred,https://quantumcomputingreport.com/denmarks-qunorth-to-acquire-50-logical-qubit-magne-quantum-computer-from-atom-computing-and-microsoft/,,🔎
atom-computing-magne,gate,g_ryd,primary,Rydberg-blockade CZ; no performance figures published,press-technical,https://quantumcomputingreport.com/denmarks-qunorth-to-acquire-50-logical-qubit-magne-quantum-computer-from-atom-computing-and-microsoft/,,🔎
atom-computing-magne,connect,cx_aod,primary,"tweezer grid with AOD moves (1,225-site Gen-2 grid)",press-technical,https://quantumcomputingreport.com/denmarks-qunorth-to-acquire-50-logical-qubit-magne-quantum-computer-from-atom-computing-and-microsoft/,,🔎
atom-computing-magne,control,ct_laser,primary,"SLM tweezers + AOD moves, room-temp optics; Microsoft supplies control electronics, compiler, middleware",press-technical,https://quantumcomputingreport.com/denmarks-qunorth-to-acquire-50-logical-qubit-magne-quantum-computer-from-atom-computing-and-microsoft/,,🔎
atom-computing-magne,readout,ro_img,primary,fluorescence imaging (family-determined),inferred,https://quantumcomputingreport.com/denmarks-qunorth-to-acquire-50-logical-qubit-magne-quantum-computer-from-atom-computing-and-microsoft/,,🔎
atom-computing-magne,readout,ro_erasure,alternate,erasure detection by imaging (family-determined); not stated for Magne,inferred,https://quantumcomputingreport.com/denmarks-qunorth-to-acquire-50-logical-qubit-magne-quantum-computer-from-atom-computing-and-microsoft/,,🔎
atom-computing-magne,code,code_erasure,primary,"Microsoft QEC layer; 50-logical-qubit target, 'Level 2'; no performance figures published; ready end-2026",press-technical,https://quantumcomputingreport.com/denmarks-qunorth-to-acquire-50-logical-qubit-magne-quantum-computer-from-atom-computing-and-microsoft/,,✅
atom-computing-magne,code,code_surface,alternate,"Microsoft QEC layer; code not disclosed; 50 logical qubits is a target, not demonstrated",press-technical,https://quantumcomputingreport.com/denmarks-qunorth-to-acquire-50-logical-qubit-magne-quantum-computer-from-atom-computing-and-microsoft/,,🔎
atom-computing-magne,decoder,dec_corr,primary,Microsoft stack decoder; planned,press-technical,https://quantumcomputingreport.com/denmarks-qunorth-to-acquire-50-logical-qubit-magne-quantum-computer-from-atom-computing-and-microsoft/,,🔎
atom-computing-magne,decoder,dec_mwpm,alternate,Microsoft stack decoder; planned,press-technical,https://quantumcomputingreport.com/denmarks-qunorth-to-acquire-50-logical-qubit-magne-quantum-computer-from-atom-computing-and-microsoft/,,🔎
atom-computing-magne,interconnect,none,primary,"monolithic single module, no interconnect",inferred,https://quantumcomputingreport.com/denmarks-qunorth-to-acquire-50-logical-qubit-magne-quantum-computer-from-atom-computing-and-microsoft/,,🔎
atom-computing-magne,fab,fab_optics,primary,room-temperature optical/vacuum assembly (family-determined),inferred,https://quantumcomputingreport.com/denmarks-qunorth-to-acquire-50-logical-qubit-magne-quantum-computer-from-atom-computing-and-microsoft/,,🔎
pasqal-fresnel,carrier,alkali,primary,"100 physical 87Rb atoms; ground-Rydberg analog qubit (analog mode), hyperfine (digital mode)",architecture-paper-figure,https://arxiv.org/abs/2006.12326,Fig. 3a-b (main hardware components; photograph of the heart of the neutral-atom co-processor); §2 Neutral atoms arrays,✅
pasqal-fresnel,encoding,enc_gr,primary,ground-Rydberg analog qubit (analog mode),architecture-paper-figure,https://arxiv.org/abs/2006.12326,"Fig. 6b (analog processing: whole register illuminated, evolution under tailored Hamiltonian H); §2.2.2 Analog quantum processing",🔎
pasqal-fresnel,encoding,enc_hf,alternate,hyperfine qubit in the digital mode added later,architecture-paper-figure,https://arxiv.org/abs/2006.12326,"Fig. 7 (single- and two-qubit gates on |0>,|1>); §2.2.1 Digital quantum processing",🔎
pasqal-fresnel,gate,g_rydanalog,primary,analog Rydberg Hamiltonian evolution (primary mode),architecture-paper-figure,https://arxiv.org/abs/2006.12326,Fig. 6b (analog processing under a global laser beam); Fig. 6a-b (digital vs analog processing); §2.2.2 Analog quantum processing,✅
pasqal-fresnel,gate,g_ryd,alternate,Rydberg gates in the digital mode added later,architecture-paper-figure,https://arxiv.org/abs/2006.12326,Fig. 7b (target qubit rotates by π conditioned on control qubit); Fig. 9a (5-pulse CCZ sequence); §2.2.1 Digital quantum processing,✅
pasqal-fresnel,connect,cx_aod,primary,reconfigurable tweezer register; 506-atom defect-free register demonstrated (2024),architecture-paper-figure,https://arxiv.org/abs/2006.12326,Fig. 3a (SLM microtraps + 2D AOD moving tweezers); Fig. 5a-b (moving an atom between sites <1 ms; rearrangement into a defect-free sub-register); Fig. 4 (2D/3D tweezer arrays); §2.1.1 Register loading,✅
pasqal-fresnel,control,ct_laser,primary,SLM/AOD laser control; optics (room temperature),architecture-paper-figure,https://arxiv.org/abs/2006.12326,Fig. 3a (trapping laser shaped by SLM; moving tweezers via 2D AOD and PBS); Fig. 2 (register actuators and processing actuators),✅
pasqal-fresnel,control,ct_pic_trap,alternate,PIC-generated tweezers are a Pasqal research line: 4 atoms at 27.5 s lifetimes,press-technical,https://postquantum.com/quantum-computing-companies/pasqal/,,🔎
pasqal-fresnel,readout,ro_img,primary,fluorescence imaging,architecture-paper-figure,https://arxiv.org/abs/2006.12326,Fig. 3a (fluorescence split by dichroic mirror and collected onto a camera); Fig. 2 (information extracted through detection of an image); §2.1.2 Register readout,✅
pasqal-fresnel,code,none,primary,no QEC code run; analog/NISQ device,architecture-paper,https://arxiv.org/abs/2006.12326,§2.2.3 Prospects for improving the QPUs performances; Fig. 10 (three axes of hardware development),✅
pasqal-fresnel,decoder,none,primary,no decoder; no QEC run,architecture-paper,https://arxiv.org/abs/2006.12326,§2.2.3 Prospects for improving the QPUs performances (no decoder section),✅
pasqal-fresnel,interconnect,none,primary,"single vacuum cell; monolithic, no interconnect",architecture-paper-figure,https://arxiv.org/abs/2006.12326,Fig. 3b (photograph of the heart of the co-processor: single vacuum setup); Fig. 3a,✅
pasqal-fresnel,fab,fab_optics,primary,room-temperature optical/vacuum assembly: SLM/AOD lasers around a single vacuum cell,architecture-paper-figure,https://arxiv.org/abs/2006.12326,"Fig. 3a-b (SLM, AOD, lens, PBS, dichroic mirror, camera around the vacuum chamber; photograph); §2.1 Operating an atomic qubit register",✅
pasqal-orion,carrier,alkali,primary,"87Rb hyperfine qubit (digital) / ground-Rydberg (analog); Orion Beta 100+ qubits (2024–25), Gamma >140 (late 2025)",architecture-paper,https://www.pasqal.com/technology/,§ The Neutral Atom Architecture,🔎
pasqal-orion,encoding,enc_hf,primary,ground-state hyperfine qubit (digital mode),inferred,https://www.pasqal.com/blog/inside-pasqals-2026-vision-on-quantum-for-industry-and-research/,,🔎
pasqal-orion,encoding,enc_gr,alternate,no Map node: ground–Rydberg analog qubit used in analog mode,inferred,https://www.pasqal.com/blog/inside-pasqals-2026-vision-on-quantum-for-industry-and-research/,,🔎
pasqal-orion,gate,g_ryd,primary,Rydberg-blockade CZ (digital); no per-system 1Q/2Q fidelity published,press-technical,https://www.pasqal.com/blog/inside-pasqals-2026-vision-on-quantum-for-industry-and-research/,,🔎
pasqal-orion,gate,g_rydanalog,alternate,no Map node: analog Rydberg Hamiltonian evolution; analog MIS/optimisation and materials Hamiltonians shown at ≤100 qubits,press-technical,https://www.pasqal.com/blog/inside-pasqals-2026-vision-on-quantum-for-industry-and-research/,,🔎
pasqal-orion,connect,cx_aod,primary,reconfigurable tweezer register; Orion Gamma >140 qubits (late 2025),architecture-paper,https://www.pasqal.com/technology/,§ The Neutral Atom Architecture,🔎
pasqal-orion,control,ct_laser,primary,"SLM/AOD laser control; room-temperature optics, cryogenics-free",architecture-paper,https://www.pasqal.com/technology/,§ The Neutral Atom Architecture,🔎
pasqal-orion,control,ct_pic_trap,alternate,"alternate station; primary control is SLM/AOD laser optics, no PIC-trap detail published",press-technical,https://www.pasqal.com/blog/inside-pasqals-2026-vision-on-quantum-for-industry-and-research/,,🔎
pasqal-orion,readout,ro_img,primary,fluorescence imaging,inferred,https://www.pasqal.com/blog/inside-pasqals-2026-vision-on-quantum-for-industry-and-research/,,🔎
pasqal-orion,code,none,primary,no QEC demonstrated; no code named publicly (roadmap: 200+ logical by 2029),vendor-architecture-page,https://www.pasqal.com/error-correction/,,✅
pasqal-orion,decoder,none,primary,no decoder; no QEC demonstrated,vendor-architecture-page,https://www.pasqal.com/error-correction/,,🔎
pasqal-orion,interconnect,none,primary,monolithic single module; no interconnect,inferred,https://www.pasqal.com/blog/inside-pasqals-2026-vision-on-quantum-for-industry-and-research/,,🔎
pasqal-orion,fab,fab_optics,primary,"room-temperature optical assembly; Orion 3 kW, 2,500 kg, cryogenics-free",architecture-paper,https://www.pasqal.com/technology/,§ Engineering the Quantum Transition / Neutral Atom Architecture,🔎
pasqal-vela,carrier,alkali,primary,Rb hyperfine qubit; over 256 high-quality qubits (announced 2026),vendor-architecture-page,https://www.pasqal.com/blog/inside-pasqals-2026-vision-on-quantum-for-industry-and-research/,§Next-Gen of Pasqal's Quantum Computers (Vela launches 2026 with over 256 high-quality qubits),✅
pasqal-vela,encoding,enc_hf,primary,ground-state hyperfine qubit,inferred,https://www.pasqal.com/blog/inside-pasqals-2026-vision-on-quantum-for-industry-and-research/,,🔎
pasqal-vela,gate,g_ryd,primary,Rydberg blockade gates with local detuning for per-atom control (announced 2026),vendor-architecture-page,https://www.pasqal.com/blog/inside-pasqals-2026-vision-on-quantum-for-industry-and-research/,§Next-Gen of Pasqal's Quantum Computers (local detuning enables precise control of individual atoms),✅
pasqal-vela,connect,cx_aod,primary,all-to-all connectivity over >256 qubits; cryogenics-free (announced 2026),vendor-architecture-page,https://www.pasqal.com/blog/inside-pasqals-2026-vision-on-quantum-for-industry-and-research/,§Next-Gen of Pasqal's Quantum Computers (all-to-all connectivity with no cryogenics),✅
pasqal-vela,control,ct_laser,primary,"laser control with local detuning; cryogenics-free, room-temperature optics",vendor-architecture-page,https://www.pasqal.com/blog/inside-pasqals-2026-vision-on-quantum-for-industry-and-research/,§Next-Gen of Pasqal's Quantum Computers (local detuning; no cryogenics; HPC integration),✅
pasqal-vela,readout,ro_img,primary,fluorescence imaging,inferred,https://www.pasqal.com/blog/inside-pasqals-2026-vision-on-quantum-for-industry-and-research/,,🔎
pasqal-vela,code,none,primary,"no code family disclosed by Pasqal; a roadmap reading of '~20 logical, 2027' conflicts with Pasqal's 2026 page",vendor-architecture-page,https://www.pasqal.com/blog/inside-pasqals-2026-vision-on-quantum-for-industry-and-research/,§Logical Qubits Advance to Real-World Impact,🔎
pasqal-vela,decoder,none,primary,no decoder; no code disclosed,inferred,https://www.pasqal.com/blog/inside-pasqals-2026-vision-on-quantum-for-industry-and-research/,,🔎
pasqal-vela,interconnect,none,primary,monolithic single module; no interconnect,inferred,https://www.pasqal.com/blog/inside-pasqals-2026-vision-on-quantum-for-industry-and-research/,,🔎
pasqal-vela,fab,fab_optics,primary,"room-temperature, cryogenics-free optical assembly",vendor-architecture-page,https://www.pasqal.com/blog/inside-pasqals-2026-vision-on-quantum-for-industry-and-research/,§Next-Gen of Pasqal's Quantum Computers (no cryogenics),✅
infleqtion-sqale,carrier,alkali,primary,caesium hyperfine qubits; 100 physical qubits at the NQCC (Dec 2025),architecture-paper-figure,https://www.nature.com/articles/s41534-025-01095-w,"Fig. 1b (image of Cs atoms, hexagonal lattice); Methods: Qubit array generation",✅
infleqtion-sqale,encoding,enc_hf,primary,caesium ground-state hyperfine qubit,architecture-paper,https://www.nature.com/articles/s41534-025-01095-w,Methods: State preparation and measurement,✅
infleqtion-sqale,gate,g_ryd,primary,Rydberg-blockade CZ; 2Q gate fidelity 99.73% (Dec 2025),architecture-paper-figure,https://www.nature.com/articles/s41534-025-01095-w,Fig. 1b (CZ fidelities per connection); Fig. 6 (CZ fidelities),✅
infleqtion-sqale,connect,cx_aod,primary,individual qubit addressing with dynamically reconfigurable arrays; all-to-all connectivity while minimising atom motion,architecture-paper-figure,https://www.nature.com/articles/s41534-025-01095-w,"Fig. 1a–b (6 qubits in hexagonal lattice, 6 µm); Methods: Qubit array generation",✅
infleqtion-sqale,control,ct_laser,primary,SLM/AOD laser control; optics (room temperature),architecture-paper,https://www.nature.com/articles/s41534-025-01095-w,Methods: Qubit array generation (AODs driven by OPX+ multi-tone RF),🔎
infleqtion-sqale,readout,ro_img,primary,fluorescence imaging,architecture-paper,https://www.nature.com/articles/s41534-025-01095-w,Methods: State preparation and measurement (NDSSR),✅
infleqtion-sqale,code,code_highrate,primary,"stab_16_4_4 level-2 C4 many-hypercube (concatenated [[4,2,2]]) on 114 atoms; logical Shor variant factored 15; logical state 8x better than physical",architecture-paper-figure,https://www.nature.com/articles/s41534-025-01095-w,"Fig. 1 ([[4,2,2]] logical qubits); §Discussion (concatenation)",🔎
infleqtion-sqale,decoder,dec_nn,primary,"AI-accelerated decoding with NVIDIA (announced, no numbers); offline",press-technical,https://thequantuminsider.com/2026/03/16/infleqtion-delivers-the-uks-only-operational-100-qubit-quantum-computing-system-at-the-national-quantum-computing-centre/,,✅
infleqtion-sqale,decoder,dec_gpu,alternate,"GPU-accelerated decoding with NVIDIA (announced, no numbers); offline",press-technical,https://thequantuminsider.com/2026/03/16/infleqtion-delivers-the-uks-only-operational-100-qubit-quantum-computing-system-at-the-national-quantum-computing-centre/,,✅
infleqtion-sqale,interconnect,none,primary,"single vacuum cell; monolithic, no interconnect",inferred,https://thequantuminsider.com/2026/03/16/infleqtion-delivers-the-uks-only-operational-100-qubit-quantum-computing-system-at-the-national-quantum-computing-centre/,,🔎
infleqtion-sqale,fab,fab_optics,primary,room-temperature optical/vacuum assembly: SLM/AOD lasers around a single vacuum cell,inferred,https://thequantuminsider.com/2026/03/16/infleqtion-delivers-the-uks-only-operational-100-qubit-quantum-computing-system-at-the-national-quantum-computing-centre/,,🔎
planqc-maqcs,carrier,ae_atom,primary,strontium optical clock-transition qubit; coherence 10–100 ms,press-technical,https://postquantum.com/quantum-computing-companies/planqc,,✅
planqc-maqcs,encoding,∅G-enc-clock,primary,"no Map node: Sr ¹S₀–³P₀ optical clock qubit, neither hyperfine nor nuclear-spin; laser-linewidth-limited, 10–100 ms",press-technical,https://postquantum.com/quantum-computing-companies/planqc,,🔎
planqc-maqcs,encoding,enc_hf,alternate,alternate station; hyperfine/nuclear-spin encoding does not describe the Sr clock qubit,inferred,https://postquantum.com/quantum-computing-companies/planqc,,🔎
planqc-maqcs,gate,g_ryd,primary,Rydberg-blockade CZ; >60 coherent Rabi cycles,press-technical,https://postquantum.com/quantum-computing-companies/planqc,,✅
planqc-maqcs,connect,∅G-lattice,primary,"no Map node: optical-lattice grid ('egg carton made of light'), no per-atom tweezer moves; 1,200-atom register ran >1 h continuously (Oct 2024)",press-technical,https://postquantum.com/quantum-computing-companies/planqc,,✅
planqc-maqcs,control,ct_laser,primary,lattice + Rydberg laser control; room-temperature optics,press-technical,https://postquantum.com/quantum-computing-companies/planqc,,🔎
planqc-maqcs,readout,ro_img,primary,fluorescence imaging,inferred,https://postquantum.com/quantum-computing-companies/planqc,,🔎
planqc-maqcs,code,none,primary,no QEC code; NISQ device,press-technical,https://postquantum.com/quantum-computing-companies/planqc,,🔎
planqc-maqcs,decoder,none,primary,no decoder; no QEC run,press-technical,https://postquantum.com/quantum-computing-companies/planqc,,🔎
planqc-maqcs,interconnect,undisclosed,primary,"link between two interlinked 500-qubit MAQCS cores (LRZ, ~2027); mechanism not disclosed",press-technical,https://postquantum.com/quantum-computing-companies/planqc,,✅
planqc-maqcs,fab,fab_optics,primary,"room-temperature optical-lattice assembly (lasers, vacuum, objectives)",inferred,https://postquantum.com/quantum-computing-companies/planqc,,🔎
caltech-6100,carrier,alkali,primary,"6,100 caesium atoms in a ~12,000-site tweezer array - largest qubit array of any modality (Sep 2025)",architecture-paper-figure,https://arxiv.org/abs/2403.12021,"Fig. 1a-b (single-shot / averaged images of single caesium atoms across an 11,998-site tweezer array)",✅
caltech-6100,encoding,enc_hf,primary,caesium hyperfine qubit; coherence ~12.6 s,architecture-paper-figure,https://arxiv.org/abs/2403.12021,"Fig. 4a-c (hyperfine clock states |0>,|1>; Ramsey T2* 14.0 ms; XY16 T2 = 12.6(1) s); Methods: Qubit state preparation, control, and readout",✅
caltech-6100,gate,none,primary,"no entangling gate, no Rydberg gate and no two-qubit operation demonstrated on this array; entanglement stated as future work",architecture-paper-figure,https://arxiv.org/abs/2403.12021,Fig. 5a (proposed zone-based universal processor layout); outlook text: Rydberg 2Q gates 'should be feasible',✅
caltech-6100,connect,cx_aod,primary,"tweezer array of ~12,000 sites; above 1e4 sites the binding constraint is the AOD time-bandwidth product",architecture-paper-figure,https://arxiv.org/abs/2403.12021,"Fig. 1c (two-SLM tweezer generation, NA 0.65 objective, 1.5 mm FOV); Fig. 5a-b (AOD transport up to ~610 um, cylindrical lensing)",✅
caltech-6100,control,ct_laser,primary,"33 W of laser power for 18,225 tweezers; single-qubit manipulation fidelity 99.98%; optics (room temperature)",architecture-paper-figure,https://arxiv.org/abs/2403.12021,"Fig. 1c (SLM/objective schematic); Fig. 4d (global RB, Clifford fidelity 0.999834(2)); Methods: Tweezer generation",✅
caltech-6100,readout,ro_img,primary,fluorescence imaging,architecture-paper-figure,https://arxiv.org/abs/2403.12021,"Fig. 2 (imaging histogram, photons per site, fidelity >99.99%); Fig. 3 (imaging survival 99.98952(1)%); Methods: Single-atom imaging",✅
caltech-6100,code,none,primary,no QEC code; no two-qubit operation demonstrated,press-technical,https://www.caltech.edu/about/news/caltech-team-sets-record-with-6100-qubit-array,,🔎
caltech-6100,decoder,none,primary,no decoder; no QEC run,press-technical,https://www.caltech.edu/about/news/caltech-team-sets-record-with-6100-qubit-array,,🔎
caltech-6100,interconnect,none,primary,"single apparatus; monolithic, no interconnect",architecture-paper,https://arxiv.org/abs/2403.12021,Methods: Vacuum apparatus (single science glass cell; Ext. Data Fig. 1 vacuum schematic),✅
caltech-6100,fab,fab_optics,primary,"room-temperature optical/vacuum assembly: 33 W laser across 18,225 tweezers, single apparatus",architecture-paper,https://arxiv.org/abs/2403.12021,"Methods: Vacuum apparatus; Methods: Tweezer generation (glass cell, NA 0.65 objective, two water-cooled LCoS SLMs)",✅
princeton-yb-erasure,carrier,ae_atom,primary,metastable 171Yb ('omg') erasure-converted qubit in a tweezer array; lab-only,architecture-paper-figure,https://arxiv.org/abs/2506.13724,Fig. 1a (storage/gate zones with metastable 171Yb qubits),✅
princeton-yb-erasure,encoding,enc_omg,primary,metastable 'omg' erasure encoding; unconditional decoding gain 1.9(4)× (post-selected 3.6(1)×),architecture-paper-figure,https://arxiv.org/abs/2506.13724,Fig. 1 (3P0 qubit; leakage to 1S0 detected via 1P1 imaging),✅
princeton-yb-erasure,gate,g_ryd,primary,Rydberg-blockade CZ; 38(6)% of CZ errors detected as erasures,architecture-paper-figure,https://arxiv.org/abs/2506.13724,Fig. 2 (amplitude-robust CZ gates),✅
princeton-yb-erasure,connect,cx_aod,primary,AOD tweezer transport; ~50% of transport loss detected mid-circuit; teleportation fidelity 0.802(8),architecture-paper-figure,https://arxiv.org/abs/2506.13724,"Fig. 1a,e (AOD coherent transport, polarization); §II Results",✅
princeton-yb-erasure,control,ct_laser,primary,SLM/AOD laser control; room-temperature optics,architecture-paper-figure,https://arxiv.org/abs/2506.13724,"Fig. 1a (SLM static traps, orthogonal AODs, FPGA, 302 nm Rydberg beam); §II",✅
princeton-yb-erasure,readout,ro_erasure,primary,mid-circuit erasure check (20 µs for Yb atoms),architecture-paper-figure,https://arxiv.org/abs/2506.13724,"Fig. 1a (EMCCD fast imaging); Fig. 3b, Fig. 4a (mid-circuit erasure checks)",✅
princeton-yb-erasure,readout,ro_img,alternate,alternate station; fluorescence imaging alongside the mid-circuit erasure check,architecture-paper-figure,https://arxiv.org/abs/2506.13724,Fig. 1 caption (fast 1P1 imaging of ground-state leakage),✅
princeton-yb-erasure,code,code_erasure,primary,"[[4,2,2]] prep fidelity 0.874(4)→0.902(3) using erasure info; surface-code threshold 0.94%→1.45% at measured erasure fraction",architecture-paper-figure,https://arxiv.org/abs/2506.13724,"Fig. 3 ([[4,2,2]] code); §III Discussion (surface-code threshold 0.94%→1.45%)",✅
princeton-yb-erasure,decoder,dec_corr,primary,"erasure/loss-aware decoding, offline; unconditional decoding gain 1.9(4)×",architecture-paper-figure,https://arxiv.org/abs/2506.13724,Fig. 3e (unconditional decoding with erasure information),✅
princeton-yb-erasure,interconnect,none,primary,single apparatus; no interconnect,inferred,https://arxiv.org/html/2506.13724,,🔎
princeton-yb-erasure,fab,fab_optics,primary,"room-temperature optical/vacuum assembly (lasers, vacuum cell, objectives)",inferred,https://arxiv.org/html/2506.13724,,🔎
yaqumo-yb,carrier,ae_atom,primary,ytterbium neutral atoms; STAR hardware validation began Aug 2026; physical qubit count not disclosed,press-technical,https://yaqumo.com/en/news/499/,,✅
yaqumo-yb,encoding,enc_hf,primary,Yb ground-state (hyperfine / nuclear-spin) qubit — family-determined; encoding not stated in sources,inferred,https://yaqumo.com/en/news/499/,,🔎
yaqumo-yb,gate,g_ryd,primary,Rydberg-blockade CZ; no gate fidelity disclosed; STAR Ver.3 relaxes required physical error rate from 1e-4 to 1e-3 (Mar 2026),press-technical,https://yaqumo.com/en/news/499/,,🔎
yaqumo-yb,connect,cx_aod,primary,all-to-all connectivity with long coherence; a QEC round includes atom transport,press-technical,https://yaqumo.com/en/news/499/,,✅
yaqumo-yb,control,ct_laser,primary,"laser control, room-temperature optics; no control-stack details published",press-technical,https://yaqumo.com/en/news/499/,,🔎
yaqumo-yb,readout,ro_imgfast,primary,"enabling result: Kyoto neutral-174Yb imaging 17.6 µs, 99.89% discrimination, 98.8% survival; spinless, not qubit-state-resolved",inferred,https://yaqumo.com/en/news/499/,,🔎
yaqumo-yb,readout,ro_img,alternate,conventional atom-array imaging; QEC round = imaging + transport + 442 µs camera-to-server transfer,inferred,https://yaqumo.com/en/news/499/,,🔎
yaqumo-yb,code,code_surface,primary,rotated surface code; STAR Cliffords via surface-code lattice surgery; target >several hundred qubits with QEC by FY2027,press-technical,https://yaqumo.com/en/news/499/,,🔎
yaqumo-yb,decoder,dec_mwpm,primary,"PyMatching v2 (MWPM), inherited from STAR; real-time decoding planned",press-technical,https://yaqumo.com/en/news/499/,,✅
yaqumo-yb,interconnect,none,primary,no interconnect; single apparatus (monolithic),inferred,https://yaqumo.com/en/news/499/,,🔎
yaqumo-yb,fab,fab_optics,primary,room-temperature optical / laser / vacuum assembly; builder not stated,inferred,https://yaqumo.com/en/news/499/,,🔎
hanyuan-1,carrier,alkali,primary,Rb hyperfine qubit,press-technical,https://postquantum.com/industry-news/china-neutral-atom-sprint-benchmarks/,,🔎
hanyuan-1,encoding,enc_hf,primary,Rb ground-state hyperfine qubit,inferred,https://postquantum.com/industry-news/china-neutral-atom-sprint-benchmarks/,,🔎
hanyuan-1,gate,g_ryd,primary,Rydberg-blockade CZ,press-technical,https://postquantum.com/industry-news/china-neutral-atom-sprint-benchmarks/,,🔎
hanyuan-1,connect,cx_aod,primary,"tweezer array; 3 standard racks, room temperature",press-technical,https://postquantum.com/industry-news/china-neutral-atom-sprint-benchmarks/,,🔎
hanyuan-1,control,ct_laser,primary,SLM/AOD laser control; optics (room temperature),press-technical,https://postquantum.com/industry-news/china-neutral-atom-sprint-benchmarks/,,🔎
hanyuan-1,readout,ro_img,primary,fluorescence imaging,inferred,https://postquantum.com/industry-news/china-neutral-atom-sprint-benchmarks/,,🔎
hanyuan-1,code,none,primary,no QEC code run; NISQ device,press-technical,https://postquantum.com/industry-news/china-neutral-atom-sprint-benchmarks/,,🔎
hanyuan-1,decoder,none,primary,no decoder; no QEC run,press-technical,https://postquantum.com/industry-news/china-neutral-atom-sprint-benchmarks/,,🔎
hanyuan-1,interconnect,none,primary,"monolithic, single module; no interconnect",inferred,https://postquantum.com/industry-news/china-neutral-atom-sprint-benchmarks/,,🔎
hanyuan-1,fab,fab_optics,primary,"room-temperature optical/vacuum assembly; 3 standard racks, room temperature",inferred,https://postquantum.com/industry-news/china-neutral-atom-sprint-benchmarks/,,🔎
hanyuan-2,carrier,alkali,primary,Rb hyperfine qubit,press-technical,https://postquantum.com/industry-news/china-neutral-atom-sprint-benchmarks/,,🔎
hanyuan-2,encoding,enc_hf,primary,Rb ground-state hyperfine qubit,inferred,https://postquantum.com/industry-news/china-neutral-atom-sprint-benchmarks/,,🔎
hanyuan-2,gate,g_ryd,primary,Rydberg-blockade CZ,press-technical,https://postquantum.com/industry-news/china-neutral-atom-sprint-benchmarks/,,🔎
hanyuan-2,connect,cx_aod,primary,"tweezer array; dual-core in a single cabinet, <7 kW",press-technical,https://postquantum.com/industry-news/china-neutral-atom-sprint-benchmarks/,,🔎
hanyuan-2,control,ct_laser,primary,SLM/AOD laser control; optics (room temperature),press-technical,https://postquantum.com/industry-news/china-neutral-atom-sprint-benchmarks/,,🔎
hanyuan-2,readout,ro_img,primary,fluorescence imaging,inferred,https://postquantum.com/industry-news/china-neutral-atom-sprint-benchmarks/,,🔎
hanyuan-2,code,none,primary,no QEC code run; NISQ device,press-technical,https://postquantum.com/industry-news/china-neutral-atom-sprint-benchmarks/,,🔎
hanyuan-2,decoder,none,primary,no decoder; no QEC run,press-technical,https://postquantum.com/industry-news/china-neutral-atom-sprint-benchmarks/,,🔎
hanyuan-2,interconnect,undisclosed,primary,dual-core in a single cabinet; inter-core link mechanism undisclosed,press-technical,https://postquantum.com/industry-news/china-neutral-atom-sprint-benchmarks/,,🔎
hanyuan-2,fab,fab_optics,primary,"room-temperature optical/vacuum assembly; dual-core in a single cabinet, <7 kW",inferred,https://postquantum.com/industry-news/china-neutral-atom-sprint-benchmarks/,,🔎
qinghe-1,carrier,alkali,primary,Rb hyperfine qubit (assumed),press-technical,https://postquantum.com/industry-news/china-neutral-atom-sprint-benchmarks/,,🔎
qinghe-1,encoding,enc_hf,primary,ground-state hyperfine qubit (assumed),inferred,https://postquantum.com/industry-news/china-neutral-atom-sprint-benchmarks/,,🔎
qinghe-1,gate,g_ryd,primary,Rydberg-blockade CZ (assumed),press-technical,https://postquantum.com/industry-news/china-neutral-atom-sprint-benchmarks/,,🔎
qinghe-1,connect,cx_aod,primary,single standard server rack,press-technical,https://postquantum.com/industry-news/china-neutral-atom-sprint-benchmarks/,,🔎
qinghe-1,control,ct_laser,primary,SLM/AOD laser control; room-temperature optics,press-technical,https://postquantum.com/industry-news/china-neutral-atom-sprint-benchmarks/,,🔎
qinghe-1,readout,ro_img,primary,fluorescence imaging,inferred,https://postquantum.com/industry-news/china-neutral-atom-sprint-benchmarks/,,🔎
qinghe-1,code,none,primary,no QEC code; NISQ device,press-technical,https://postquantum.com/industry-news/china-neutral-atom-sprint-benchmarks/,,🔎
qinghe-1,decoder,none,primary,no decoder; no QEC run,press-technical,https://postquantum.com/industry-news/china-neutral-atom-sprint-benchmarks/,,🔎
qinghe-1,interconnect,none,primary,monolithic single module (single server rack); no interconnect,inferred,https://postquantum.com/industry-news/china-neutral-atom-sprint-benchmarks/,,🔎
qinghe-1,fab,fab_optics,primary,rack-mounted room-temperature optical assembly,inferred,https://postquantum.com/industry-news/china-neutral-atom-sprint-benchmarks/,,🔎
psiquantum-omega,carrier,photon,primary,"single photon, dual-rail (path) encoded, telecom C-band 1550 nm; Omega chipset demonstrated at component level Feb 2025",architecture-paper-figure,https://www.nature.com/articles/s41586-025-08820-7,"Fig. 2a,b (photon source, 99.5% purity); §Photon sources",✅
psiquantum-omega,encoding,enc_dualrail,primary,dual-rail path encoding; loss handled as erasure (model threshold 11.98% erasure / 1.07% Pauli per fusion),architecture-paper-figure,https://www.nature.com/articles/s41586-025-08820-7,"Fig. 3a,e (qubit SPAM circuit, Pauli eigenstates)",✅
psiquantum-omega,encoding,enc_timebin,alternate,alternate photonic dual-rail family; PsiQuantum states path encoding,inferred,https://www.psiquantum.com/news-import/omega,,🔎
psiquantum-omega,gate,g_fusion,primary,"linear-optical fusion (probabilistic Bell measurement, 50%/75% boosted); 2-qubit fusion fidelity 99.22 ± 0.12%, HOM visibility 99.5% (Feb 2025)",architecture-paper-figure,https://www.nature.com/articles/s41586-025-08820-7,"Fig. 3d,h (two-qubit fusion); Fig. 3c,f (HOM)",✅
psiquantum-omega,gate,src_resource,alternate,missing half: no resource-state factory result published; source purity ~99.8%,press-technical,https://www.psiquantum.com/news-import/omega,,🔎
psiquantum-omega,connect,cx_switch,primary,"set by the fusion network (3-D cell complex, 4 faces per edge); BTO-switch routing; on-chip interferometer fidelity up to 99.999%, >50 dB extinction",architecture-paper-figure,https://www.nature.com/articles/s41586-025-08820-7,Fig. 2d (MZI >50 dB extinction); Fig. 5g (BTO MZI),✅
psiquantum-omega,control,ct_eo,primary,"BTO Mach-Zehnder modulators, EO coefficient ~1000 pm/V, switch loss ~10 dB/m; feed-forward within one clock cycle; room-temperature electronics",architecture-paper-figure,https://www.nature.com/articles/s41586-025-08820-7,"Fig. 5d–g (BTO Pockels, phase shifter); §Electro-optic switching",✅
psiquantum-omega,readout,ro_spd,primary,"waveguide-integrated PNR SNSPD, destructive; 93.4% median on-chip efficiency (0.30 dB/detection); SPAM fidelity 99.98 ± 0.01% (Feb 2025)",architecture-paper-figure,https://www.nature.com/articles/s41586-025-08820-7,Fig. 2e (SNSPD efficiency); Fig. 4d–f (PNRD),✅
psiquantum-omega,code,code_fusion,primary,FBQC fusion code on RBH foliated cluster; model thresholds 11.98% erasure / 1.07% Pauli per fusion; no QEC cycle or logical qubit published,vendor-architecture-page,https://www.psiquantum.com/technology,,✅
psiquantum-omega,decoder,dec_mwpm,primary,MWPM / union-find on the fusion syndrome graph; offline,vendor-architecture-page,https://www.psiquantum.com/technology,,✅
psiquantum-omega,interconnect,ic_fibre,primary,"standard telecom fibre, no transduction; chip-to-chip Bell fidelity 99.72(4)% over up to 250 m; edge coupler ~52(12) mdB/facet",architecture-paper-figure,https://www.nature.com/articles/s41586-025-08820-7,"Fig. 3b,g (chip-to-chip qubit interconnect); Fig. 5c (fibre-to-chip)",✅
psiquantum-omega,fab,fab_pic,primary,"GlobalFoundries Fab 8 (Malta NY), 300 mm Si photonics, 45 nm node; BTO by custom 300 mm MBE; SiN loss 0.5 vs 1.8(2) dB/m unreconciled",architecture-paper-figure,https://www.nature.com/articles/s41586-025-08820-7,"Fig. 1a–j (process modules, 300-mm wafer, cross-sections); §Technology stack",✅
xanadu-borealis,carrier,squeezed,primary,"squeezed vacuum (CV) in 216 time-multiplexed squeezed-light modes; no qubit encoding; counting basis is modes, not qubits",architecture-paper-figure,https://www.nature.com/articles/s41586-022-04725-x,Fig. 1 (pulse train of single-mode squeezed states from pulsed OPO); Methods: Pulsed squeezed-light source,✅
xanadu-borealis,encoding,none,primary,no encoding — raw Gaussian states; a sampling machine has no L2,inferred,https://www.nature.com/articles/s41586-022-04725-x,,🔎
xanadu-borealis,gate,g_lointer,primary,"programmable beamsplitter/phase-shifter network realised as three variable delay loops; no entangling gate, no feed-forward computation — Gaussian sampling only",architecture-paper-figure,https://www.nature.com/articles/s41586-022-04725-x,Fig. 1 (three dynamically programmable loop-based interferometers); Methods: Programmable photonic processor,✅
xanadu-borealis,gate,g_cv,alternate,"partial g_cv: beamsplitters/squeezers only, no homodyne feed-forward; Gaussian boson sampling with 219 detected photons (Jun 2022)",architecture-paper,https://www.nature.com/articles/s41586-022-04725-x,"Methods: Programmable photonic processor (VBS transfer matrix, loops l=0,1,2)",✅
xanadu-borealis,connect,cx_switch,primary,"fibre delay loops + programmable couplers over 216 time-multiplexed, dynamically programmable modes",architecture-paper-figure,https://www.nature.com/articles/s41586-022-04725-x,"Fig. 1 (three delay loops, 216 temporal modes); Methods: Connectivity",✅
xanadu-borealis,control,ct_eo,primary,room-temperature electro-optic modulators,architecture-paper,https://www.nature.com/articles/s41586-022-04725-x,Experiment (demux: 15 low-loss resonant EOMs in 4 layers -> 16 detector channels),🔎
xanadu-borealis,readout,ro_spd,primary,"threshold / pseudo-PNR single-photon detectors, destructive; GBS with 219 detected photons",architecture-paper,https://www.nature.com/articles/s41586-022-04725-x,"Experiment (superconducting TES, photon-number resolution up to 13 photons per detector)",✅
xanadu-borealis,readout,ro_homodyne,alternate,no homodyne detection stated; note assigns L6 to ro_spd (threshold / pseudo-PNR single-photon detectors),architecture-paper,https://www.nature.com/articles/s41586-022-04725-x,Experiment (TES photon-number-resolving detection only),✅
xanadu-borealis,code,none,primary,no QEC code; not applicable to a GBS sampling machine,architecture-paper,https://www.nature.com/articles/s41586-022-04725-x,,🔎
xanadu-borealis,decoder,none,primary,"no decoder; no QEC, no real-time decoding",architecture-paper,https://www.nature.com/articles/s41586-022-04725-x,,🔎
xanadu-borealis,interconnect,none,primary,"single machine, no module link",inferred,https://www.nature.com/articles/s41586-022-04725-x,,🔎
xanadu-borealis,fab,fab_bulk,primary,bulk-optics / fibre-assembly photonics; fab_pic (PIC foundry) does not apply,architecture-paper,https://www.nature.com/articles/s41586-022-04725-x,Methods: Pulsed squeezed-light source; Methods: Optical circuit,✅
xanadu-aurora,carrier,squeezed,primary,"squeezed vacuum from 24 SiN source chips: 84 squeezers in 42 GBS cells, feeding GKP state generation (Jan 2025)",architecture-paper-figure,https://www.nature.com/articles/s41586-024-08406-9,Fig. 2 (sources chips); Fig. 1 (GBS cells); Methods: Sources array,✅
xanadu-aurora,encoding,enc_gkp,primary,GKP grid states in optical modes; effective on-chip GKP squeezing 0.62 dB vs ~10 dB FT requirement,architecture-paper-figure,https://www.nature.com/articles/s41586-024-08406-9,Fig. 1 (architecture layout: GBS → refinery breeding),✅
xanadu-aurora,gate,g_cv,primary,Gaussian beamsplitters/squeezers + homodyne measurement with feed-forward; measurement-based on a CV cluster state,architecture-paper-figure,https://www.nature.com/articles/s41586-024-08406-9,"Fig. 3c,d (adaptive homodyne basis with feed-forward); Fig. 1 (QPU)",✅
xanadu-aurora,connect,cx_switch,primary,time-domain-multiplexed CV cluster state; 86.4 billion modes entangled across chips over 2 h continuous operation; switch loss 0.19 dB/MZI,architecture-paper-figure,https://www.nature.com/articles/s41586-024-08406-9,"Fig. 3a,b (12-mode macronode cluster, 86.4 billion modes)",✅
xanadu-aurora,control,ct_eo,primary,room-temp electro-optic modulators + real-time feed-forward at the 1 MHz clock; four server racks,architecture-paper-figure,https://www.nature.com/articles/s41586-024-08406-9,Fig. 2 (four-rack system modules); Extended Data Fig. 1 (hardware block diagram),✅
xanadu-aurora,readout,ro_homodyne,primary,homodyne (quadrature) detection with a shared local-oscillator phase reference — the computational primitive of the CV machine,architecture-paper-figure,https://www.nature.com/articles/s41586-024-08406-9,Fig. 2 (QPU homodyne detection); Methods: QPU array,✅
xanadu-aurora,readout,ro_spd,alternate,PNR detection used only to herald GKP states; not the readout coordinate of the CV machine,architecture-paper-figure,https://www.nature.com/articles/s41586-024-08406-9,Fig. 2 (cryogenic PNR array); Methods: PNR detection system,✅
xanadu-aurora,code,code_bosonic,primary,"gkp-cluster-state: foliated d=2 repetition code on a GKP CV cluster, real-time decoded — detection only, no Λ, no distance scan (Jan 2025)",architecture-paper-figure,https://www.nature.com/articles/s41586-024-08406-9,"Fig. 3c,d (decoder-driven repetition-code checks); §Experiment",✅
xanadu-aurora,decoder,dec_mwpm,primary,"real-time, in-loop decoding at the 1 MHz clock (<1 µs per cycle), d=2 — the only in-loop decoder in photonics",architecture-paper-figure,https://www.nature.com/articles/s41586-024-08406-9,"Fig. 3c,d; Fig. 2 (real-time decoder feedback)",✅
xanadu-aurora,decoder,dec_relaybp,alternate,roadmap only: decoder for the GKP ⊗ qLDPC code layer; not demonstrated,press-technical,https://quantumzeitgeist.com/xanadu-technical-roadmap-showcase/,,🔎
xanadu-aurora,interconnect,ic_fibre,primary,"inter-rack fibre, 13 km of fibre interconnect across 35 chips; facet coupling 0.085 dB/facet",architecture-paper-figure,https://www.nature.com/articles/s41586-024-08406-9,Fig. 2 (fibre cabling and delay modules across racks),✅
xanadu-aurora,fab,fab_pic,primary,"35 chips: 24 SiN source chips + 6 TFLN refinery chips + 5 Si-photonic QPU chips; SiN and TFLN photonic foundry, packaging in-house",architecture-paper,https://www.nature.com/articles/s41586-024-08406-9,Methods: Sources array; Refinery array; QPU array,✅
quandela-belenos,carrier,photon,primary,"single photons from a semiconductor quantum-dot micropillar source, demultiplexed into many modes; qubit count bounded by source brightness ÷ demux loss",architecture-paper-figure,https://arxiv.org/abs/2306.00874,"Fig. 1 (QD single-photon source at 5 K, active demux, 12-mode chip); SI §S-I + Fig. S1",✅
quandela-belenos,encoding,enc_timebin,primary,"path/time-bin-encoded single-photon qubits from one demultiplexed QD source; 12 qubits (Belenos, 22 May 2025)",architecture-paper,https://arxiv.org/abs/2306.00874,Methods: Architecture (path-degree-of-freedom encoding),✅
quandela-belenos,encoding,enc_dualrail,alternate,dual-rail path encoding (Quandela also uses polarisation encodings),architecture-paper,https://arxiv.org/abs/2306.00874,Methods: Architecture (path-degree-of-freedom encoding),✅
quandela-belenos,gate,g_fusion,primary,"post-selected/heralded linear-optical 2Q gates in a reconfigurable mesh, not FBQC fusion; Ascella 1Q 99.6%, 2Q 93.8%, 3Q 86%; no Belenos fidelity public",architecture-paper-figure,https://arxiv.org/abs/2306.00874,§III Benchmarking logic gates; SI §S-V + Fig. S9 (post-selected CNOT circuit),✅
quandela-belenos,gate,src_resource,alternate,resource-state route announced but undemonstrated; shipped machines run post-selected linear-optical gates,vendor-architecture-page,https://www.quandela.com/products-and-services/mosaiq/,,🔎
quandela-belenos,connect,cx_switch,primary,reconfigurable linear-optical interferometer mesh fed by the demultiplexed QD source,architecture-paper-figure,https://arxiv.org/abs/2306.00874,Fig. 1 (architecture); Methods: Architecture (12-mode universal interferometer),✅
quandela-belenos,control,ct_eo,primary,"electro-optic control, room temperature; no clock rate or source brightness public",architecture-paper-figure,https://arxiv.org/abs/2306.00874,§II Chip control; SI §S-IV + Fig. S8 (phase-shifter voltage model),✅
quandela-belenos,readout,ro_spd,primary,SNSPD single-photon detection,architecture-paper,https://arxiv.org/abs/2306.00874,Methods: Architecture (12 SNSPD outputs + time-to-digital converter),✅
quandela-belenos,code,none,primary,no QEC demonstrated; no code family named for the 50-logical-by-2028 roadmap milestone,vendor-architecture-page,https://www.quandela.com/products-and-services/mosaiq/,,🔎
quandela-belenos,decoder,none,primary,no decoder published; compilers and decoders dedicated to error correction scheduled for 2027,vendor-architecture-page,https://www.quandela.com/products-and-services/mosaiq/,,🔎
quandela-belenos,interconnect,none,primary,no inter-module photonic link published; single module,inferred,https://www.quandela.com/products-and-services/mosaiq/,,🔎
quandela-belenos,interconnect,ic_fibre,alternate,alternate only: no fibre inter-module link published,inferred,https://www.quandela.com/products-and-services/mosaiq/,,🔎
quandela-belenos,fab,∅G-twofab,primary,needs two L10 nodes: SiN/silica interferometer meshes (fab_pic) plus GaAs quantum-dot source (fab_mbe); the Map allows one,architecture-paper,https://arxiv.org/abs/2306.00874,Methods: Architecture (Si3N4 PIC); SI §S-I (InGaAs QD micropillar source),✅
quandela-belenos,fab,fab_pic,alternate,SiN/silica interferometer meshes (photonic IC); foundry not stated,architecture-paper,https://arxiv.org/abs/2306.00874,Methods: Architecture (12-mode Si3N4 photonic integrated circuit),✅
quandela-belenos,fab,fab_mbe,alternate,GaAs quantum-dot single-photon source (III-V heterostructure),architecture-paper,https://arxiv.org/abs/2306.00874,SI §S-I Single-photon source (InGaAs QD in monolithic micropillar),✅
quandela-lucy,carrier,photon,primary,"single photons from a semiconductor quantum-dot micropillar source, demultiplexed into many modes; qubit count bounded by source brightness ÷ demux loss",vendor-architecture-page,https://www.quandela.com/products-and-services/mosaiq/,,🔎
quandela-lucy,encoding,enc_timebin,primary,path/time-bin-encoded single-photon qubits from one demultiplexed QD source; 12 qubits (delivered CEA TGCC Oct 2025),vendor-architecture-page,https://www.quandela.com/products-and-services/mosaiq/,,🔎
quandela-lucy,encoding,enc_dualrail,alternate,dual-rail path encoding (Quandela also uses polarisation encodings),vendor-architecture-page,https://www.quandela.com/products-and-services/mosaiq/,,🔎
quandela-lucy,gate,g_fusion,primary,"post-selected/heralded linear-optical 2Q gates, not FBQC fusion; launched on Joliot-Curie HPC 14 Apr 2026; published fidelities exist only for Ascella",vendor-architecture-page,https://www.quandela.com/products-and-services/mosaiq/,,🔎
quandela-lucy,connect,cx_switch,primary,reconfigurable linear-optical interferometer mesh fed by the demultiplexed QD source,vendor-architecture-page,https://www.quandela.com/products-and-services/mosaiq/,,🔎
quandela-lucy,control,ct_eo,primary,"electro-optic control, room temperature; on-prem HPC-integrated at CEA TGCC (Joliot-Curie)",vendor-architecture-page,https://www.quandela.com/products-and-services/mosaiq/,,🔎
quandela-lucy,readout,ro_spd,primary,SNSPD single-photon detection,vendor-architecture-page,https://www.quandela.com/products-and-services/mosaiq/,,🔎
quandela-lucy,code,none,primary,no QEC demonstrated; no code family named for the 50-logical-by-2028 roadmap milestone,vendor-architecture-page,https://www.quandela.com/products-and-services/mosaiq/,,🔎
quandela-lucy,decoder,none,primary,no decoder published; compilers and decoders dedicated to error correction scheduled for 2027,vendor-architecture-page,https://www.quandela.com/products-and-services/mosaiq/,,🔎
quandela-lucy,interconnect,none,primary,no inter-module photonic link published; single module,inferred,https://www.quandela.com/products-and-services/mosaiq/,,🔎
quandela-lucy,interconnect,ic_fibre,alternate,alternate only: no fibre inter-module link published,inferred,https://www.quandela.com/products-and-services/mosaiq/,,🔎
quandela-lucy,fab,∅G-twofab,primary,needs two L10 nodes: SiN/silica interferometer meshes (fab_pic) plus GaAs quantum-dot source (fab_mbe); the Map allows one,inferred,https://www.quandela.com/products-and-services/mosaiq/,,🔎
quandela-lucy,fab,fab_pic,alternate,SiN/silica interferometer meshes (photonic IC); foundry not stated,inferred,https://www.quandela.com/products-and-services/mosaiq/,,🔎
quandela-lucy,fab,fab_mbe,alternate,GaAs quantum-dot single-photon source (III-V heterostructure),inferred,https://www.quandela.com/products-and-services/mosaiq/,,🔎
orca-pt2,carrier,photon,primary,single photons from SPDC sources in time bins,vendor-architecture-page,https://orcacomputing.com/orca-pt-2/,,🔎
orca-pt2,encoding,enc_timebin,primary,"time-bin modes through a fibre delay loop (ORCA's counting basis); no qubit or mode count, clock rate, loss or fidelity on product page",vendor-architecture-page,https://orcacomputing.com/orca-pt-2/,,✅
orca-pt2,gate,g_lointer,primary,"programmable time-bin interferometer: fibre delay loops + variable beamsplitters; linear-optical interference only, no heralded entangling gate published",vendor-architecture-page,https://orcacomputing.com/orca-pt-2/,,🔎
orca-pt2,connect,cx_switch,primary,fibre delay loops + variable couplers,vendor-architecture-page,https://orcacomputing.com/orca-pt-2/,,🔎
orca-pt2,control,ct_eo,primary,room-temperature electronics; NVIDIA NVQLink integration (Oct 2025),vendor-architecture-page,https://orcacomputing.com/orca-pt-2/,,🔎
orca-pt2,readout,ro_spd,primary,SNSPD in a detector cryostat; rest of the rack at room temperature,vendor-architecture-page,https://orcacomputing.com/orca-pt-2/,,✅
orca-pt2,code,none,primary,"no QEC code; no code, decoder or roadmap code family found; sampling / ML machine",vendor-architecture-page,https://orcacomputing.com/orca-pt-2/,,🔎
orca-pt2,decoder,none,primary,no decoder; no real-time processing,vendor-architecture-page,https://orcacomputing.com/orca-pt-2/,,🔎
orca-pt2,interconnect,none,primary,no interconnect; single rack-mounted system,inferred,https://orcacomputing.com/orca-pt-2/,,🔎
orca-pt2,fab,fab_bulk,primary,fibre / bulk-optics assembly; no PIC foundry route published,inferred,https://orcacomputing.com/orca-pt-2/,,🔎
quix-carina,carrier,photon,primary,"single photons, dual-rail/path encoded, measurement-based; Carina qubit count not stated (announced 14 Jul 2026; DLR contract 8 then 64 qubits)",press-technical,https://postquantum.com/quantum-computing-companies/quix-quantum,,🔎
quix-carina,encoding,enc_dualrail,primary,dual-rail/path-encoded photonic qubits for MBQC,press-technical,https://postquantum.com/quantum-computing-companies/quix-quantum,,🔎
quix-carina,gate,g_fusion,primary,"MBQC on photonic cluster states, entangling by linear-optical fusion; 2026 first-gen (~8 q) universal gate set with high-speed feed-forward",press-technical,https://postquantum.com/quantum-computing-companies/quix-quantum,,🔎
quix-carina,connect,cx_switch,primary,cluster state over SiN mesh; 20-mode chip with 66 interferometric cells / 132 thermo-optic phase actuators; ~98.6% fidelity on 12×12 unitaries,press-technical,https://postquantum.com/quantum-computing-companies/quix-quantum,,✅
quix-carina,control,ct_eo,primary,FFCU (Feed Forward Control Unit) + PACU (Photonic Assembly Control Unit) as named subsystems; no latency number published,press-technical,https://postquantum.com/quantum-computing-companies/quix-quantum,,✅
quix-carina,readout,ro_spd,primary,SNSPD (cryogenic detectors; rest of rack at room temperature),press-technical,https://postquantum.com/quantum-computing-companies/quix-quantum,,🔎
quix-carina,code,code_fusion,primary,planned: 'logical qubit encoding with photon-loss redundancy' from 2027; no code named,press-technical,https://postquantum.com/quantum-computing-companies/quix-quantum,,✅
quix-carina,code,none,alternate,no code named or run; QEC features planned for 2nd generation (2027),press-technical,https://postquantum.com/quantum-computing-companies/quix-quantum,,✅
quix-carina,decoder,none,primary,no decoder published,press-technical,https://postquantum.com/quantum-computing-companies/quix-quantum,,✅
quix-carina,interconnect,none,primary,no inter-module link published; single rack-based system,inferred,https://postquantum.com/quantum-computing-companies/quix-quantum,,🔎
quix-carina,fab,fab_pic,primary,QuiX's own low-loss silicon-nitride waveguide platform,press-technical,https://postquantum.com/quantum-computing-companies/quix-quantum,,✅
ustc-jiuzhang4,carrier,squeezed,primary,"1,024 input squeezed states (Gaussian boson sampling); squeezed-state generation efficiency 92%; no qubit encoding (May 2026)",architecture-paper-figure,https://www.nature.com/articles/s41586-026-10523-6,Fig. 1 (experimental setup); Extended Data Fig. 2 (single-/cross-OPO indistinguishability),✅
ustc-jiuzhang4,encoding,none,primary,"no encoding — GBS samples raw Gaussian states over 8,176 hybrid spatial–temporal modes",architecture-paper-figure,https://www.nature.com/articles/s41586-026-10523-6,Fig. 1 (principle of the spatial-temporal hybrid encoding circuit),✅
ustc-jiuzhang4,gate,g_lointer,primary,"programmable Gaussian interferometer (1.0 was a fixed circuit); MZIs 99.8% transmission, >40 dB extinction; no entangling primitive",architecture-paper-figure,https://www.nature.com/articles/s41586-026-10523-6,Extended Data Fig. 3 (detailed photonic circuit: three cascaded interferometers + delay loops),✅
ustc-jiuzhang4,gate,g_cv,alternate,partial g_cv: programmable Gaussian interferometer with no homodyne feed-forward and no adaptivity,architecture-paper-figure,https://www.nature.com/articles/s41586-026-10523-6,Extended Data Fig. 3 (cascaded interferometers interconnected by delay loops),✅
ustc-jiuzhang4,connect,cx_switch,primary,"spatial–temporal hybrid multiplexing: cubic scaling 16³ = 4,096 via 16 physical detection channels addressing 8,176 effective modes",architecture-paper-figure,https://www.nature.com/articles/s41586-026-10523-6,"Fig. 1 (spatial-temporal hybrid encoding, 16^3 = 4,096 connectivity); Extended Data Fig. 3 (delay loops)",✅
ustc-jiuzhang4,control,ct_eo,primary,electro-optic control; 25.6 µs per sample,architecture-paper-figure,https://www.nature.com/articles/s41586-026-10523-6,Extended Data Fig. 4 (schematic of the phase locking system); Extended Data Fig. 1 (PZT-stabilised MZI),✅
ustc-jiuzhang4,readout,ro_spd,primary,"SNSPD (pseudo-PNR), destructive; overall system efficiency 51%; 3,050 photons in largest detection event",architecture-paper-figure,https://www.nature.com/articles/s41586-026-10523-6,"Fig. 1 (experimental setup, 16 detection channels)",✅
ustc-jiuzhang4,code,none,primary,no QEC code; not applicable to a GBS sampler,architecture-paper,https://www.nature.com/articles/s41586-026-10523-6,,🔎
ustc-jiuzhang4,decoder,none,primary,no decoder; not applicable,architecture-paper,https://www.nature.com/articles/s41586-026-10523-6,,🔎
ustc-jiuzhang4,interconnect,none,primary,no interconnect; single lab-only apparatus,inferred,https://www.nature.com/articles/s41586-026-10523-6,,🔎
ustc-jiuzhang4,fab,fab_bulk,primary,bulk-optics / fibre-assembly photonic apparatus,architecture-paper-figure,https://www.nature.com/articles/s41586-026-10523-6,"Extended Data Fig. 1 (free-space unbalanced MZI, PZT-mounted mirror); Extended Data Fig. 3",✅
intel-tunnel-falls,carrier,qd_spin,primary,12-qubit linear array of Si/SiGe gate-defined electron spins (Jun 2023); deployed to Argonne Jan 2026,architecture-paper,https://arxiv.org/abs/2410.16583,Abstract (Tunnel Falls 12-dot linear arrays),✅
intel-tunnel-falls,encoding,enc_spin_ld,primary,"bare electron spin-1/2, Loss–DiVincenzo encoding",inferred,https://postquantum.com/quantum-computing-companies/intel/,,🔎
intel-tunnel-falls,gate,g_exch,primary,"EDSR/ESR 1Q + voltage-pulsed exchange 2Q, native CZ; 1Q ~99.9%; no published 2Q fidelity for Tunnel Falls itself",press-technical,https://postquantum.com/quantum-computing-companies/intel/,,🔎
intel-tunnel-falls,connect,cx_nn,primary,"1-D nearest neighbour, degree ≤ 2 (12-dot linear array); 2-D arrays stated as next step, not shown",press-technical,https://postquantum.com/quantum-computing-companies/intel/,,🔎
intel-tunnel-falls,control,ct_cryocmos,primary,"Horse Ridge II: 22 nm cryo-CMOS controller at 4 K, 16 spin qubits/chip, 22 DAC channels; Pando Tree: mK router demultiplexing to 64 qubit channels",press-technical,https://postquantum.com/quantum-computing-companies/intel/,,✅
intel-tunnel-falls,control,ct_rt,alternate,Tunnel Falls itself is driven from room temperature; Horse Ridge is the separate 4 K vehicle,press-technical,https://postquantum.com/quantum-computing-companies/intel/,,🔎
intel-tunnel-falls,readout,ro_s2c,primary,spin-to-charge conversion sensed by SET / rf reflectometry,inferred,https://postquantum.com/quantum-computing-companies/intel/,,🔎
intel-tunnel-falls,code,none,primary,no QEC code on hardware; no logical result,press-technical,https://postquantum.com/quantum-computing-companies/intel/,,🔎
intel-tunnel-falls,decoder,none,primary,no decoder,press-technical,https://postquantum.com/quantum-computing-companies/intel/,,🔎
intel-tunnel-falls,interconnect,ic_fanout,primary,the spin_qd path has no L9 slot at all — though Pando Tree is an interconnect-layer artefact,inferred,https://postquantum.com/quantum-computing-companies/intel/,,🔎
intel-tunnel-falls,fab,fab_cmos,primary,"Intel D1 Hillsboro, 300 mm DUV + EUV; >24,000 devices/wafer, ~95% wafer yield, 96% full 12-dot device yield",architecture-paper,https://arxiv.org/abs/2410.16583,Abstract (300 mm manufacturing line; EUV lithography),✅
diraq-imec-8q,carrier,qd_spin,primary,"8 Si-MOS electron spins in a linear chain, operated as four two-qubit unit cells (Nat. Commun., Jul 2026)",architecture-paper-figure,https://arxiv.org/abs/2512.10174,"Fig. 1a (device cross-section: 28Si, plunger/barrier gates); §II.1 Device",✅
diraq-imec-8q,encoding,enc_spin_ld,primary,"bare electron spin-1/2, Loss–DiVincenzo encoding",architecture-paper-figure,https://arxiv.org/abs/2512.10174,"Fig. 1d (Rabi chevrons, qubits 1-8); Fig. 2a (Larmor frequencies)",✅
diraq-imec-8q,gate,g_exch,primary,ESR 1Q by distinct Larmor frequencies (Rabi 141–205 kHz) + exchange CZ; exchange shown in 1 of 4 pairs; no gate fidelities reported,architecture-paper-figure,https://arxiv.org/abs/2512.10174,"Fig. 3 (P1-P2 exchange, CZ phase calibration); Fig. 2b (Rabi freqs); §II.2",✅
diraq-imec-8q,connect,cx_nn,primary,1-D nearest-neighbour chain of 8 qubits,architecture-paper-figure,https://arxiv.org/abs/2512.10174,Fig. 1a (linear 8-dot array schematic); §II.1 Device,✅
diraq-imec-8q,connect,cx_shuttle,alternate,FT plan: non-locality from electron shuttling confined to localized blocks (Iceberg Pinnacle architecture); not on this array,press-technical,https://postquantum.com/industry-news/diraq-eight-qubit-foundry/,,✅
diraq-imec-8q,control,ct_base,primary,"baseband + ESR from room temperature; device at ~20 mK, 0.5 T",architecture-paper,https://arxiv.org/abs/2512.10174,§IV.2 Methods: Measurement,✅
diraq-imec-8q,control,ct_cryocmos,alternate,cryo-CMOS is the stated scaling route; not used on this array,press-technical,https://postquantum.com/industry-news/diraq-eight-qubit-foundry/,,🔎
diraq-imec-8q,readout,ro_s2c,primary,two SETs at the chain ends + cascaded 'electron-cascade' charge sensing for central qubits — 8 qubits read through 2 sensors,architecture-paper-figure,https://arxiv.org/abs/2512.10174,Fig. 1b (direct SET vs cascaded spin-to-charge readout); §II.2,✅
diraq-imec-8q,code,code_qldpc,primary,generalized-bicycle qLDPC (Pinnacle) is not in the spin_qd L7 slot list (code_surface only); path-membership gap; nothing on hardware,architecture-paper,https://arxiv.org/abs/2602.11457,"§V.A Setup (GB code family, Table I); §IV.C Scalability",✅
diraq-imec-8q,code,code_qldpc,alternate,"roadmap: generalized-bicycle qLDPC, 150,000 physical → 1,000 logical (~150:1); RSA-2048 in <100,000 physical qubits",architecture-paper-figure,https://arxiv.org/abs/2602.11457,Fig. 1 (Pinnacle examples for RSA-2048); §V.A + Table I (GB codes); Fig. 6 (logical error sims),✅
diraq-imec-8q,decoder,none,primary,no decoder named,press-technical,https://postquantum.com/industry-news/diraq-eight-qubit-foundry/,,🔎
diraq-imec-8q,interconnect,ic_fanout,primary,no L9 slot on the spin_qd path,inferred,https://postquantum.com/industry-news/diraq-eight-qubit-foundry/,,🔎
diraq-imec-8q,fab,fab_cmos,primary,"imec 300 mm CMOS pilot line, Leuven (also GlobalFoundries); Δg = 2.17×10⁻³ across the 8-qubit chain",architecture-paper,https://arxiv.org/abs/2512.10174,§IV.1 Methods: Fabrication,✅
quantum-motion-qm-one,carrier,qd_spin,primary,Si-MOS gate-defined electron spin; delivered system's qubit count not published,architecture-paper-figure,https://arxiv.org/abs/2203.06608,Fig. 1a (SEM of Si nanowire transistor with split gates); Fig. 3a (wrap-around-gate device),✅
quantum-motion-qm-one,encoding,enc_spin_ld,primary,"bare electron spin-1/2, Loss–DiVincenzo encoding",architecture-paper,https://arxiv.org/abs/2203.06608,§II Spin-dependent tunneling (single-electron spin up/down in a QD),✅
quantum-motion-qm-one,gate,g_exch,primary,"exchange 2Q, ESR/EDSR 1Q",press-technical,https://quantumzeitgeist.com/top-silicon-spin-quantum-computing-companies/,,🔎
quantum-motion-qm-one,connect,cx_nn,primary,"""scalable tile architecture""; degree not published",press-technical,https://quantumzeitgeist.com/top-silicon-spin-quantum-computing-companies/,,✅
quantum-motion-qm-one,control,ct_cryocmos,primary,"integrated cryo-CMOS on the qubit die; three 19-inch server racks with dilution refrigerator inside the footprint (NQCC, Sep 2025)",press-technical,https://quantumzeitgeist.com/top-silicon-spin-quantum-computing-companies/,,✅
quantum-motion-qm-one,readout,ro_s2c,primary,"rf single-electron-box gate-based reflectometry, 99.2% in <6 µs (Oakes et al., PRX 13, 011023, 2023)",architecture-paper-figure,https://arxiv.org/abs/2203.06608,"Fig. 1 (device and measurement setup); Fig. 2, Fig. 4 (spin readout fidelity); §II–III; §VI.B",✅
quantum-motion-qm-one,code,none,primary,no code family named in public material; SiQEC FT project and CUDA-Q Logical compilation; nothing on hardware,press-technical,https://quantumzeitgeist.com/top-silicon-spin-quantum-computing-companies/,,🔎
quantum-motion-qm-one,decoder,none,primary,no decoder,press-technical,https://quantumzeitgeist.com/top-silicon-spin-quantum-computing-companies/,,🔎
quantum-motion-qm-one,interconnect,ic_fanout,primary,no L9 slot on the spin_qd path,inferred,https://quantumzeitgeist.com/top-silicon-spin-quantum-computing-companies/,,🔎
quantum-motion-qm-one,fab,fab_cmos,primary,300 mm CMOS-compatible commercial foundry process,architecture-paper,https://arxiv.org/abs/2203.06608,§VI.A Fabrication details,✅
sqc-11q,carrier,donor,primary,"11 qubits: P-31 donor nuclear spins (data) in isotopically purified Si-28, STM-placed to 0.13 nm; shared electrons as ancillas; two registers of 4 and 5 nuclei (Nature, 4 Feb 2026)",architecture-paper-figure,https://www.nature.com/articles/s41586-025-09827-w,"Fig. 1b (STM micrograph of processor core: 4P register n1–n4/e1, 5P register n5–n9/e2)",✅
sqc-11q,encoding,enc_spin_ld,primary,"bare nuclear spin-1/2 of each P-31 donor as data qubit, electron spin as ancilla; no machine-specific encoding source",architecture-paper-figure,https://www.nature.com/articles/s41586-025-09827-w,Fig. 1 (single-qubit characteristics of the 11-qubit atom processor),✅
sqc-11q,gate,g_exch,primary,"hyperfine-conditional rotations via shared electron; exchange-based electron CROT 1.25 µs, 99.64%; 1Q up to 99.99%; GHZ up to 8 nuclear spins (Feb 2026)",architecture-paper-figure,https://www.nature.com/articles/s41586-025-09827-w,Fig. 2 (two-qubit operation: nuclear CZ and electron CROT); Methods: Randomized benchmarking,✅
sqc-11q,connect,cx_nn,primary,register-local all-to-all through the shared electron; nearest neighbour between the two registers (4 and 5 nuclei),architecture-paper-figure,https://www.nature.com/articles/s41586-025-09827-w,Fig. 1a (connectivity of n1–n9 and e1–e2 via hyperfine and exchange coupling); Fig. 3 (local vs non-local Bell states),✅
sqc-11q,control,ct_base,primary,baseband + ESR/NMR from room temperature,architecture-paper,https://www.nature.com/articles/s41586-025-09827-w,Methods: Experimental set-up,🔎
sqc-11q,readout,ro_s2c,primary,QND single-shot readout of the nuclear spins via the electron spin,architecture-paper,https://www.nature.com/articles/s41586-025-09827-w,§Main (QND readout of each nuclear spin via the ancillary electron); Fig. 1 (single-qubit characteristics),✅
sqc-11q,code,none,primary,"no code, no logical result; NISQ device",press-technical,https://quantumcomputingreport.com/silicon-quantum-computing-sqc-demonstrates-scaling-advantage-with-11-qubit-processor/,,🔎
sqc-11q,decoder,none,primary,no decoder (no code run),press-technical,https://quantumcomputingreport.com/silicon-quantum-computing-sqc-demonstrates-scaling-advantage-with-11-qubit-processor/,,🔎
sqc-11q,interconnect,ic_fanout,primary,no interconnect; the spin_donor path has no L9 slot,inferred,https://quantumcomputingreport.com/silicon-quantum-computing-sqc-demonstrates-scaling-advantage-with-11-qubit-processor/,,🔎
sqc-11q,fab,fab_stm,primary,"STM hydrogen lithography: serial, bespoke, no foundry route; 250,000 registers patterned in 8 h (Nov 2025); SkyWater partnership for US manufacturing",architecture-paper-figure,https://www.nature.com/articles/s41586-025-09827-w,Fig. 1b (STM micrograph after hydrogen lithography); §Main (P atoms placed ≲3 nm apart),✅
equal1-bell-1,carrier,qd_spin,primary,Si gate-defined electron spin; 6-qubit UnityQ QPU,vendor-architecture-page,https://www.equal1.com/post/equal1-launches-bell-1-the-first-quantum-system-purpose-built-for-the-hpc-era,,🔎
equal1-bell-1,encoding,enc_spin_ld,primary,"bare electron spin-1/2, Loss–DiVincenzo encoding",inferred,https://www.equal1.com/post/equal1-launches-bell-1-the-first-quantum-system-purpose-built-for-the-hpc-era,,🔎
equal1-bell-1,gate,g_exch,primary,"exchange 2Q, ESR 1Q; 1Q 99.4%, 2Q 98.4%",press-technical,https://quantumzeitgeist.com/top-silicon-spin-quantum-computing-companies/,,🔎
equal1-bell-1,connect,cx_nn,primary,nearest neighbour,vendor-architecture-page,https://www.equal1.com/post/equal1-launches-bell-1-the-first-quantum-system-purpose-built-for-the-hpc-era,,🔎
equal1-bell-1,control,ct_cryocmos,primary,"cryo-CMOS control at 0.3 K on a self-contained cryocooler, no dilution refrigerator; 1,600 W total, one standard rack (Mar 2025)",vendor-architecture-page,https://www.equal1.com/post/equal1-launches-bell-1-the-first-quantum-system-purpose-built-for-the-hpc-era,,✅
equal1-bell-1,control,∅G-qsoc,alternate,Quantum System on Chip: qubits and control/readout electronics on the same 22FDX die at 0.3 K — a sub-case ct_cryocmos (separate ASIC) does not distinguish,vendor-architecture-page,https://www.equal1.com/post/equal1-launches-bell-1-the-first-quantum-system-purpose-built-for-the-hpc-era,,🔎
equal1-bell-1,readout,ro_s2c,primary,spin-to-charge + on-chip sensing,inferred,https://www.equal1.com/post/equal1-launches-bell-1-the-first-quantum-system-purpose-built-for-the-hpc-era,,🔎
equal1-bell-1,code,none,primary,no QEC code,vendor-architecture-page,https://www.equal1.com/post/equal1-launches-bell-1-the-first-quantum-system-purpose-built-for-the-hpc-era,,🔎
equal1-bell-1,decoder,none,primary,no decoder,vendor-architecture-page,https://www.equal1.com/post/equal1-launches-bell-1-the-first-quantum-system-purpose-built-for-the-hpc-era,,🔎
equal1-bell-1,interconnect,ic_fanout,primary,no L9 slot on the spin_qd path,inferred,https://www.equal1.com/post/equal1-launches-bell-1-the-first-quantum-system-purpose-built-for-the-hpc-era,,🔎
equal1-bell-1,fab,fab_cmos,primary,GlobalFoundries 22FDX,vendor-architecture-page,https://www.equal1.com/post/equal1-launches-bell-1-the-first-quantum-system-purpose-built-for-the-hpc-era,,🔎
quobly,carrier,qd_spin,primary,"Si FD-SOI gate-defined spin qubits (CEA-Leti lineage); PLANNED, target 100 physical qubits on a commercial chip; no device result published",press-technical,https://quantumzeitgeist.com/top-silicon-spin-quantum-computing-companies/,,🔎
quobly,encoding,enc_spin_ld,primary,single electron spin-1/2 in a gate-defined dot; no machine-specific encoding source,inferred,https://quantumzeitgeist.com/top-silicon-spin-quantum-computing-companies/,,🔎
quobly,gate,g_exch,primary,exchange 2Q; no gate fidelity published,press-technical,https://quantumzeitgeist.com/top-silicon-spin-quantum-computing-companies/,,🔎
quobly,connect,cx_nn,primary,nearest neighbour; no device connectivity published,press-technical,https://quantumzeitgeist.com/top-silicon-spin-quantum-computing-companies/,,🔎
quobly,control,ct_base,primary,room-temperature baseband control; cryo-CMOS as the scaling route,press-technical,https://quantumzeitgeist.com/top-silicon-spin-quantum-computing-companies/,,🔎
quobly,control,ct_cryocmos,alternate,cryo-CMOS on FD-SOI as the stated scaling route; no implementation detail published,press-technical,https://quantumzeitgeist.com/top-silicon-spin-quantum-computing-companies/,,🔎
quobly,readout,ro_s2c,primary,spin-to-charge conversion + rf reflectometry; no machine-specific readout source,inferred,https://quantumzeitgeist.com/top-silicon-spin-quantum-computing-companies/,,🔎
quobly,code,none,primary,no code published; PLANNED device,press-technical,https://quantumzeitgeist.com/top-silicon-spin-quantum-computing-companies/,,🔎
quobly,decoder,none,primary,no decoder published,press-technical,https://quantumzeitgeist.com/top-silicon-spin-quantum-computing-companies/,,🔎
quobly,interconnect,ic_fanout,primary,no interconnect; the spin_qd path has no L9 slot,inferred,https://quantumzeitgeist.com/top-silicon-spin-quantum-computing-companies/,,🔎
quobly,fab,fab_cmos,primary,"STMicroelectronics 300 mm, 28 nm FD-SOI; isotopically enriched Si-28 entered ST production Dec 2025",press-technical,https://quantumzeitgeist.com/top-silicon-spin-quantum-computing-companies/,,🔎
hitachi-intel18a,carrier,qd_spin,primary,"Si gate-defined electron spin; PLANNED 100+ qubits with error-correcting capability by FY2028, 1,000 by FY2030",press-technical,https://www.techtimes.com/articles/321867/20260728/hitachi-intel-18a-spin-qubit.htm,,🔎
hitachi-intel18a,encoding,enc_spin_ld,primary,"bare electron spin-1/2, Loss–DiVincenzo encoding",inferred,https://www.techtimes.com/articles/321867/20260728/hitachi-intel-18a-spin-qubit.htm,,🔎
hitachi-intel18a,gate,g_exch,primary,"exchange 2Q; 1Q > 99.7% cited from academic work on Intel's spin platform, not a Hitachi device",press-technical,https://www.techtimes.com/articles/321867/20260728/hitachi-intel-18a-spin-qubit.htm,,🔎
hitachi-intel18a,connect,cx_nn,primary,nearest neighbour,press-technical,https://www.techtimes.com/articles/321867/20260728/hitachi-intel-18a-spin-qubit.htm,,🔎
hitachi-intel18a,control,ct_cryocmos,primary,Hitachi developing 3-D vertical stacking for cryogenic control against the wiring bottleneck; Intel contributes Horse Ridge / Pando Tree lineage,press-technical,https://www.techtimes.com/articles/321867/20260728/hitachi-intel-18a-spin-qubit.htm,,🔎
hitachi-intel18a,readout,ro_s2c,primary,spin-to-charge conversion,inferred,https://www.techtimes.com/articles/321867/20260728/hitachi-intel-18a-spin-qubit.htm,,🔎
hitachi-intel18a,code,none,primary,"no QEC code; ""error-correcting capability"" at FY2028 is unspecified",press-technical,https://www.techtimes.com/articles/321867/20260728/hitachi-intel-18a-spin-qubit.htm,,🔎
hitachi-intel18a,decoder,none,primary,no decoder,press-technical,https://www.techtimes.com/articles/321867/20260728/hitachi-intel-18a-spin-qubit.htm,,🔎
hitachi-intel18a,interconnect,ic_fanout,primary,no L9 slot on spin_qd; 3-D stacked cryo-control wiring has no node,inferred,https://www.techtimes.com/articles/321867/20260728/hitachi-intel-18a-spin-qubit.htm,,🔎
hitachi-intel18a,fab,fab_cmos,primary,"Intel 18A (1.8 nm-class); deliverable is a quantum PDK on 18A, the first for a 1.8 nm-class process",press-technical,https://www.techtimes.com/articles/321867/20260728/hitachi-intel-18a-spin-qubit.htm,,🔎
groove-quantum,carrier,qd_spin,primary,germanium quantum-dot hole spins on CMOS-compatible processes; 18 operational qubits (ANNOUNCED May 2026),press-technical,https://quantumzeitgeist.com/top-silicon-spin-quantum-computing-companies/,,🔎
groove-quantum,encoding,enc_spin_ld,primary,"bare hole spin-1/2, Loss–DiVincenzo encoding",inferred,https://quantumzeitgeist.com/top-silicon-spin-quantum-computing-companies/,,🔎
groove-quantum,gate,g_exch,primary,"all-electrical 1Q via strong Ge hole spin–orbit coupling, no micromagnets; exchange 2Q; no fidelity numbers published",press-technical,https://quantumzeitgeist.com/top-silicon-spin-quantum-computing-companies/,,🔎
groove-quantum,connect,cx_nn,primary,nearest neighbour,press-technical,https://quantumzeitgeist.com/top-silicon-spin-quantum-computing-companies/,,🔎
groove-quantum,control,ct_base,primary,room-temperature baseband control,press-technical,https://quantumzeitgeist.com/top-silicon-spin-quantum-computing-companies/,,🔎
groove-quantum,readout,ro_s2c,primary,spin-to-charge conversion,inferred,https://quantumzeitgeist.com/top-silicon-spin-quantum-computing-companies/,,🔎
groove-quantum,code,none,primary,no QEC code,press-technical,https://quantumzeitgeist.com/top-silicon-spin-quantum-computing-companies/,,🔎
groove-quantum,decoder,none,primary,no decoder,press-technical,https://quantumzeitgeist.com/top-silicon-spin-quantum-computing-companies/,,🔎
groove-quantum,interconnect,ic_fanout,primary,no L9 slot on the spin_qd path,inferred,https://quantumzeitgeist.com/top-silicon-spin-quantum-computing-companies/,,🔎
groove-quantum,fab,fab_cmos,primary,CMOS-compatible processes for Ge quantum dots,inferred,https://quantumzeitgeist.com/top-silicon-spin-quantum-computing-companies/,,🔎
photonic-inc,carrier,defect,primary,silicon T centre (C-H complex in Si-28) with native telecom-band optical transition; one T centre = 4 spin qubits (3 nuclear + 1 electron),architecture-paper-figure,https://arxiv.org/abs/2406.01704,Fig. 2A (T centre in Si lattice inside photonic-chip cavity); Fig. 3A (level structure),✅
photonic-inc,encoding,enc_spin_ld,primary,bare electron and nuclear spin-1/2 of the T centre; no machine-specific encoding source,architecture-paper-figure,https://arxiv.org/abs/2406.01704,Fig. 3A (electron/hole/H spin fine structure); Fig. 4 (electron + nuclear spin transitions),✅
photonic-inc,gate,g_mwspin,primary,microwave ESR + hyperfine-conditional nuclear gates locally; inter-module entanglement by spin-photon emission and Bell measurement,architecture-paper-figure,https://arxiv.org/abs/2406.01704,"Fig. 4B,D (MW/RF Rabi; π rotation = C_HNOT_e / C_eNOT_H); Fig. 8 (teleported CNOT)",✅
photonic-inc,connect,∅G-optlink,primary,"any-to-any optical link used as the connectivity layer, not only as interconnect; basis for the non-local code choice (NN-only qubits limited to surface codes)",architecture-paper-figure,https://arxiv.org/abs/2406.01704,Fig. 1C (multi-module phase-3 computer); Fig. 2B (two modules linked by ~40 m fibre),✅
photonic-inc,connect,cx_nn,alternate,path-assigned cx_nn; the note calls it wrong in kind: connectivity is any-to-any by optical link,vendor-architecture-page,https://photonic.com/technology/error-correction/,,🔎
photonic-inc,control,ct_base,primary,baseband + microwave + optical control; operates at 1 K,architecture-paper-figure,https://arxiv.org/abs/2406.01704,"Fig. 2A (on-chip MW/RF antenna, grating coupler); Fig. 2B (MW lines, optical modulators)",✅
photonic-inc,readout,ro_fluor,primary,cavity-enhanced spin-dependent optical readout,architecture-paper-figure,https://arxiv.org/abs/2406.01704,Fig. 3B-C (cavity Purcell enhancement); Fig. 4E + Fig. 12 (single-shot spin readout by photon counts),✅
photonic-inc,code,code_qldpc,primary,"SHYPS qLDPC chosen, but the defect path has an empty L7 slot list; code_qldpc not reachable from defect",vendor-architecture-page,https://photonic.com/technology/error-correction/,,✅
photonic-inc,code,code_qldpc,alternate,"SHYPS qLDPC [[(2^r−1)², r², 2^(r−1)]], weight-3 gauge generators; claims 20× fewer physical/logical, 30× runtime vs surface code; no hardware logical qubit (Aug 2026)",vendor-architecture-page,https://photonic.com/technology/error-correction/,,✅
photonic-inc,decoder,none,primary,no decoder published; the defect path has an empty L8,vendor-architecture-page,https://photonic.com/technology/error-correction/,,🔎
photonic-inc,interconnect,ic_spinphoton,primary,teleportation of a state into a remote matter node over 30 km TELUS commercial fibre (13 Feb 2026); no rate or fidelity published,press-technical,https://thequantuminsider.com/2026/02/13/photonic-telus-quantum-teleportation-commercial-fibre/,,✅
photonic-inc,fab,∅G-sicolour,primary,"Si-28 T-centre + silicon-photonics co-fabrication; no foundry node published; fab_diamond is diamond-only, fab_pic sits on ph_* paths",architecture-paper,https://arxiv.org/abs/2406.01704,"§VI Supplementary Material (device: 200 nm SOI, isotopic purification, 4-step T-centre creation)",✅
quantum-brilliance-quoll,carrier,defect,primary,"NV centre (electron spin + nearby C-13/N-14 nuclear spins) in synthetic diamond; 2 qubits per QPU, 3 QPUs = 6 qubits (ORNL, 2 Sep 2025)",press-technical,https://postquantum.com/quantum-computing-companies/quantum-brilliance,,🔎
quantum-brilliance-quoll,encoding,enc_spin_ld,primary,bare NV electron and nuclear spin-1/2; no machine-specific encoding source,inferred,https://postquantum.com/quantum-computing-companies/quantum-brilliance,,🔎
quantum-brilliance-quoll,gate,g_mwspin,primary,microwave ESR rotations + hyperfine-conditional nuclear gates; <0.1% error on NV registers is a platform figure (Fujitsu/QuTech); no QB product gate fidelity published,press-technical,https://postquantum.com/quantum-computing-companies/quantum-brilliance,,✅
quantum-brilliance-quoll,connect,cx_nn,primary,local register only (dipolar/hyperfine); no inter-NV entangling link in the product,press-technical,https://postquantum.com/quantum-computing-companies/quantum-brilliance,,🔎
quantum-brilliance-quoll,control,∅G-nvroom,primary,"room-temperature microwave drive + green-laser initialisation + optical readout; no cryogenics, no vacuum; 19-inch rack-mount accelerator node",press-technical,https://postquantum.com/quantum-computing-companies/quantum-brilliance,,✅
quantum-brilliance-quoll,control,ct_base,alternate,path-assigned ct_base (gate voltage pulses) does not describe NV control; actual control is room-temperature microwave + optical,press-technical,https://postquantum.com/quantum-computing-companies/quantum-brilliance,,🔎
quantum-brilliance-quoll,readout,ro_fluor,primary,optical fluorescence spin readout at room temperature; no readout fidelity published,inferred,https://postquantum.com/quantum-computing-companies/quantum-brilliance,,🔎
quantum-brilliance-quoll,code,none,primary,no code; small room-temperature QPUs,press-technical,https://postquantum.com/quantum-computing-companies/quantum-brilliance,,🔎
quantum-brilliance-quoll,decoder,none,primary,no decoder,press-technical,https://postquantum.com/quantum-computing-companies/quantum-brilliance,,🔎
quantum-brilliance-quoll,interconnect,none,primary,"no inter-module link; scaling model is parallel independent QPUs (ORNL cluster of 3), which is not an interconnect",press-technical,https://postquantum.com/quantum-computing-companies/quantum-brilliance,,🔎
quantum-brilliance-quoll,fab,fab_diamond,primary,"Quantum Diamond Foundry, Melbourne (2025); imec partnership; deterministic NV placement to ±1 nm at ~5–10 nm spacing, early success ~34%",press-technical,https://postquantum.com/quantum-computing-companies/quantum-brilliance,,✅
microsoft-majorana-1,carrier,majorana,primary,Majorana parity in InAs–Al (M1) / InAs–Pb (M2) nanowire tetron; CONTESTED; measured: parity of one wire of one tetron,architecture-paper-figure,https://www.nature.com/articles/s41586-024-08445-2,Fig. 1 (device design for interferometric parity measurement); Fig. 2b (electron micrograph),✅
microsoft-majorana-1,encoding,enc_parity,primary,joint fermion parity of two Majorana wires (tetron); no X-direction measurement on Majorana 2; no machine-specific encoding source,architecture-paper-figure,https://arxiv.org/abs/2502.12252,Fig. 2 (single-qubit tetron gate schematic with measurement loops); §II.B Device design,✅
microsoft-majorana-1,gate,g_mbq,primary,"measurement-based braiding by parity-measurement sequences; node status X: no qubit, 2Q operation, braiding or gate demonstrated",architecture-paper-figure,https://arxiv.org/abs/2502.12252,"Fig. 3 (measurement sequence = braid of MZMs 1,2); §III Measurement-based braiding transformations",✅
microsoft-majorana-1,connect,cx_nn,primary,"tetron lattice (intent); '8 qubits on a chip' is architectural intent, not measured",architecture-paper-figure,https://arxiv.org/abs/2502.12252,"Fig. 6 (gate schematic of 4×2 tetron array, columns joined by double-rail quantum dots); Fig. 4",✅
microsoft-majorana-1,control,ct_base,primary,baseband gate voltages,architecture-paper,https://www.nature.com/articles/s41586-024-08445-2,§Device design and setup; Fig. 3 caption (VWP1 gate voltage and B∥ operating point),✅
microsoft-majorana-1,readout,ro_qcap,primary,"rf quantum-capacitance interferometric parity readout: ~1% assignment error, SNR 1 in 3.6 µs; X lifetime ~1000× shorter than Z (2025); figures from Map ro_qcap, not this page",architecture-paper-figure,https://www.nature.com/articles/s41586-024-08445-2,Fig. 1 (TQDI dispersive gate-sensing loop); Fig. 3 (parity measurement A1); Fig. 4 (simulated CQ),✅
microsoft-majorana-1,code,∅G-pathcode,primary,"empty L7 on topo path; MS 4D geometric codes [[96,6,8]] need all-to-all, not a tetron lattice; honeycomb_floquet is the natural fit and not on the topo path",architecture-paper-figure,https://arxiv.org/abs/2502.12252,"Fig. 7 (ZZ measurement circuit, ladder code); Fig. 9 (4.8.8 Hastings–Haah / 3-aux surface code); §IV",✅
microsoft-majorana-1,decoder,none,primary,no decoder; empty L8 slot on the topo path,press-technical,https://quantumzeitgeist.com/microsoft-majorana-qubit-claims/,,🔎
microsoft-majorana-1,interconnect,none,primary,no interconnect; empty L9 slot on the topo path,inferred,https://quantumzeitgeist.com/microsoft-majorana-qubit-claims/,,🔎
microsoft-majorana-1,fab,fab_mbe,primary,in-house III-V MBE heterostructure growth; no external replication of the material stack; 'sevenfold larger gap' for Pb over Al unsourced,architecture-paper-figure,https://www.nature.com/articles/s41586-024-08445-2,Fig. 2a (material-stack cross-section of the gate-defined superconducting nanowire),✅
dwave-advantage,carrier,fluxq,primary,"rf-SQUID flux qubit (analog Hamiltonian carrier); 5,000+ qubits; DEPLOYED Sep 2020, still in service",architecture-paper,https://arxiv.org/abs/2403.00910,"§Experimental testbed (ADV1: 5,627 qubits, Pegasus, cryostat set point 12 mK)",✅
dwave-advantage,encoding,none,primary,analog annealer has no encoding layer; the anneal path declares an empty L2,inferred,https://support.dwavesys.com/hc/en-us/articles/32105885880087-D-Wave-s-Advantage2-Quantum-Computer-Now-Generally-Available,,🔎
dwave-advantage,gate,g_anneal,primary,analog annealing evolution; not a gate,architecture-paper-figure,https://arxiv.org/abs/2403.00910,"§Quantum annealing (Methods); Fig. 5 (dynamical scaling, ta = 7 ns and 20 ns quenches)",✅
dwave-advantage,connect,cx_lr,primary,"Pegasus topology, degree 15",architecture-paper-figure,https://arxiv.org/abs/2003.00133,Fig. 1 (roadway drawing of Pegasus P3: internal/external/odd couplers); §2 Pegasus family of topologies,✅
dwave-advantage,control,ct_fluxdac,primary,on-chip flux DACs + superconducting control circuitry,architecture-paper-figure,https://arxiv.org/abs/1401.5504,"Fig. 3–5 (Φ-DAC schematic, SFQ sources); Fig. 8 (XYZ addressing); §III Design and operation of a Φ-DAC",✅
dwave-advantage,readout,ro_fluxro,primary,"QFP / SQUID flux readout through on-chip shift registers, not dispersive microwave readout",architecture-paper-figure,https://arxiv.org/abs/0905.0891,Fig. 1 (qubit–QFP–dc-SQUID readout chain schematic),🔎
dwave-advantage,readout,ro_disp,alternate,"path-assigned ro_disp describes transmon readout, not annealer readout; actual is QFP/SQUID flux readout",inferred,https://support.dwavesys.com/hc/en-us/articles/32105885880087-D-Wave-s-Advantage2-Quantum-Computer-Now-Generally-Available,,🔎
dwave-advantage,code,none,primary,QEC not applicable; analog annealer,vendor-architecture-page,https://support.dwavesys.com/hc/en-us/articles/32105885880087-D-Wave-s-Advantage2-Quantum-Computer-Now-Generally-Available,,🔎
dwave-advantage,decoder,none,primary,no decoder; QEC not applicable,vendor-architecture-page,https://support.dwavesys.com/hc/en-us/articles/32105885880087-D-Wave-s-Advantage2-Quantum-Computer-Now-Generally-Available,,🔎
dwave-advantage,interconnect,none,primary,"monolithic single QPU, no interconnect; no machine-specific source",inferred,https://support.dwavesys.com/hc/en-us/articles/32105885880087-D-Wave-s-Advantage2-Quantum-Computer-Now-Generally-Available,,🔎
dwave-advantage,fab,fab_sc,primary,superconducting flux-qubit lithography (in-house D-Wave process not published); no machine-specific fab source,architecture-paper-figure,https://arxiv.org/abs/1401.5504,"§III.D Minimizing Φ-DAC footprint (6 Nb metal layers, 250 A/cm² trilayer); Fig. 9 (chip micrograph)",✅
dwave-advantage2,carrier,fluxq,primary,"rf-SQUID flux qubit, sixth-generation annealing processor; 4,400+ qubits, 40,000+ couplers; GA 20 May 2025; 2× coherence, 4× lower noise vs Advantage",architecture-paper,https://arxiv.org/abs/2403.00910,"§Experimental testbed (ADV2 prototype: 1,222 qubits, lower-noise process, Zephyr, 12 mK)",✅
dwave-advantage2,encoding,none,primary,analog annealer has no encoding layer; the anneal path declares an empty L2,inferred,https://support.dwavesys.com/hc/en-us/articles/32105885880087-D-Wave-s-Advantage2-Quantum-Computer-Now-Generally-Available,,🔎
dwave-advantage2,gate,g_anneal,primary,"analog anneal; Multicolor Annealing (mid-anneal projection) and Fast-Reverse Anneal added 27 Jan 2026; coherent quenches 3.6–27 ns on 1,222–5,627 q (Map g_anneal)",architecture-paper-figure,https://arxiv.org/abs/2403.00910,§Quantum annealing (Methods); Fig. 1 (sampling post-quench states); Fig. 5 (ta = 7 ns and 20 ns),✅
dwave-advantage2,connect,cx_lr,primary,"Zephyr topology, degree 20; 40,000+ couplers",architecture-paper-figure,https://docs.dwavequantum.com/en/latest/quantum_research/topologies.html,"§Zephyr Graph; figures 'Couplers in the Zephyr topology', 'Unit cell in the Zephyr topology'",✅
dwave-advantage2,control,ct_fluxdac,primary,"on-chip flux-DAC multiplexing: ~300 bias lines, ~200 multiplexed DAC lines for ~10⁴ qubits (0.02–0.03 lines/qubit); ~12.5 kW; multi-year cryo uptimes (Jan 2026)",architecture-paper-figure,https://arxiv.org/abs/1401.5504,"Fig. 3–5 (Φ-DAC schematic, SFQ sources); Fig. 8 (XYZ addressing); §III.E XYZ-addressing line count",✅
dwave-advantage2,readout,ro_fluxro,primary,"QFP / SQUID flux readout through on-chip shift registers, not dispersive microwave readout",architecture-paper-figure,https://arxiv.org/abs/0905.0891,Fig. 1 (qubit–QFP–dc-SQUID readout chain schematic),🔎
dwave-advantage2,readout,ro_disp,alternate,"path-assigned ro_disp describes transmon readout, not annealer readout; actual is QFP/SQUID flux readout",inferred,https://support.dwavesys.com/hc/en-us/articles/32105885880087-D-Wave-s-Advantage2-Quantum-Computer-Now-Generally-Available,,🔎
dwave-advantage2,code,none,primary,"QEC not applicable; no code, no logical qubit, no gate set",vendor-architecture-page,https://support.dwavesys.com/hc/en-us/articles/32105885880087-D-Wave-s-Advantage2-Quantum-Computer-Now-Generally-Available,,🔎
dwave-advantage2,decoder,none,primary,no decoder; QEC not applicable,vendor-architecture-page,https://support.dwavesys.com/hc/en-us/articles/32105885880087-D-Wave-s-Advantage2-Quantum-Computer-Now-Generally-Available,,🔎
dwave-advantage2,interconnect,none,primary,"monolithic single QPU, no interconnect; no machine-specific source",inferred,https://support.dwavesys.com/hc/en-us/articles/32105885880087-D-Wave-s-Advantage2-Quantum-Computer-Now-Generally-Available,,🔎
dwave-advantage2,fab,fab_sc,primary,superconducting flux-qubit lithography (in-house D-Wave process not published); no machine-specific fab source,architecture-paper,https://arxiv.org/abs/2403.00910,§Experimental testbed ('ADV2 was fabricated using a lower-noise process'),✅
qilimanjaro,carrier,fluxq,primary,"few, highly coherent rf-SQUID flux qubits for a coherent annealer; PLANNED / research; no device or qubit count found",architecture-paper,https://link.springer.com/article/10.1140/epjqt/s40507-021-00094-y,§2 Full-stack coherent quantum annealing technology,✅
qilimanjaro,encoding,none,primary,analog annealer has no encoding layer; the anneal path declares an empty L2,inferred,https://www.dwavequantum.com/beyond-classical/,,🔎
qilimanjaro,gate,g_anneal,primary,coherent analog annealing evolution; no benchmark published,architecture-paper,https://link.springer.com/article/10.1140/epjqt/s40507-021-00094-y,§2 Full-stack coherent quantum annealing technology,✅
qilimanjaro,connect,cx_lr,primary,connectivity not published; station from the anneal path,architecture-paper,https://link.springer.com/article/10.1140/epjqt/s40507-021-00094-y,§2 Full-stack coherent quantum annealing technology,🔎
qilimanjaro,control,ct_fluxdac,primary,analog control; QPUs co-developed with QuantWare; on-chip flux DAC unverified for Qilimanjaro,inferred,https://www.dwavequantum.com/beyond-classical/,,🔎
qilimanjaro,readout,ro_fluxro,primary,flux readout; no machine-specific readout source,inferred,https://www.dwavequantum.com/beyond-classical/,,🔎
qilimanjaro,code,none,primary,no code; PLANNED / research annealer,inferred,https://www.dwavequantum.com/beyond-classical/,,🔎
qilimanjaro,decoder,none,primary,no decoder,inferred,https://www.dwavequantum.com/beyond-classical/,,🔎
qilimanjaro,interconnect,none,primary,no interconnect published; no machine-specific source,inferred,https://www.dwavequantum.com/beyond-classical/,,🔎
qilimanjaro,fab,fab_sc,primary,superconducting-qubit lithography; no machine-specific fab source,inferred,https://www.dwavequantum.com/beyond-classical/,,🔎
qxl-neutral-atom-50,carrier,alkali,primary,"neutral atoms in optical tweezers, 50+ physical qubits claimed; species not stated — alkali vs ae_atom provisional",press-technical,https://www.stocktitan.net/sec-filings/QXL/8-k-quantum-x-labs-inc-reports-material-event-fbd25da8a74b.html,,🔎
qxl-neutral-atom-50,encoding,enc_hf,primary,assumed hyperfine qubit; encoding not published,inferred,https://www.stocktitan.net/sec-filings/QXL/8-k-quantum-x-labs-inc-reports-material-event-fbd25da8a74b.html,,🔎
qxl-neutral-atom-50,gate,g_ryd,primary,Rydberg-mediated two-qubit gates (claimed); no fidelity published,press-technical,https://www.stocktitan.net/sec-filings/QXL/8-k-quantum-x-labs-inc-reports-material-event-fbd25da8a74b.html,,🔎
qxl-neutral-atom-50,connect,cx_aod,primary,dynamically reconfigurable optical-tweezer arrays (claimed),press-technical,https://www.stocktitan.net/sec-filings/QXL/8-k-quantum-x-labs-inc-reports-material-event-fbd25da8a74b.html,,🔎
qxl-neutral-atom-50,control,ct_laser,primary,"proprietary laser cooling and tweezer control, details not published; low-latency feedback via IQCC OPX1000 collaboration claimed, not demonstrated",press-technical,https://www.stocktitan.net/news/QXL/quantum-x-labs-and-iqcc-a-quantum-machines-company-sign-strategic-gssg0rqxumju.html,,🔎
qxl-neutral-atom-50,readout,ro_img,primary,readout not published; fluorescence imaging assumed,inferred,https://www.stocktitan.net/sec-filings/QXL/8-k-quantum-x-labs-inc-reports-material-event-fbd25da8a74b.html,,🔎
qxl-neutral-atom-50,code,none,primary,no code run on this hardware; surface-code decoder tests on Google's public dataset claimed,press-technical,https://www.stocktitan.net/sec-filings/QXL/8-k-quantum-x-labs-inc-reports-material-event-fbd25da8a74b.html,,🔎
qxl-neutral-atom-50,decoder,dec_nn,primary,"planned AI 'deep transformer' decoder (claimed): synthetic-data training, tested on Google's public surface-code data; no paper; not run on this hardware",press-technical,https://www.stocktitan.net/sec-filings/QXL/8-k-quantum-x-labs-inc-reports-material-event-fbd25da8a74b.html,,🔎
qxl-neutral-atom-50,interconnect,none,primary,no interconnect; single module,inferred,https://www.stocktitan.net/sec-filings/QXL/8-k-quantum-x-labs-inc-reports-material-event-fbd25da8a74b.html,,🔎
qxl-neutral-atom-50,fab,fab_optics,primary,room-temperature optical assembly assumed; builder not stated,inferred,https://www.stocktitan.net/sec-filings/QXL/8-k-quantum-x-labs-inc-reports-material-event-fbd25da8a74b.html,,🔎
