machine_id,code_id,status,best_instance,decoder,ref,use,scope,device,by,year,url,checked,note
ibm-falcon,css_4_1_2,in stage-1 register,"d=2 heavy-hex code = [[4,1,2]] (stabilizers ZIZI, XXXX, IZIZ) on 7 qubits with flags, up to 10 rounds; logical error/round 2.2e-2 decoded, 5.1e-4 with full post-selection (below 7e-3 meas. error)","MWPM with uniform, analytical and correlation-calibrated weights; partial post-selection; offline",,demonstrated,detect;memory,ibmq_kolkata,builder,2021,https://arxiv.org/abs/2110.04285,yes,"Chen, Yoder et al. (IBM), 'Calibrated decoders for experimental QEC', PRL 128, 110504 (2022); ibmq_kolkata is a 27-qubit heavy-hex Falcon (r5.11)"
ibm-falcon,floquet_color,in stage-1 register,"Floquet colour code W_x/W_z plaquette stabilizers, 10 rounds of link measurements; syndrome-change detection rate just over 0.4 at <p>~2%; no logical subspace analysed","none (syndrome-change statistics only), offline",,demonstrated,detect,ibm_hanoi;ibmq_kolkata;ibm_auckland;ibm_peekskill;ibmq_montreal;ibmq_mumbai,builder: IBM Quantum (Wootton),2022,https://arxiv.org/abs/2210.13154,yes,check-level demonstration only; same paper as the honeycomb Floquet row
ibm-falcon,heavy_hex,in stage-1 register,"d=3 heavy-hex subsystem code on 23 of 27 qubits, up to 10 rounds; logical error/round 0.041 (|0>) / 0.088 (|+>) with matching after leakage post-selection; ~0.035 with maximum likelihood (r<=4)","matching (uniform, analytical) and maximum-likelihood, offline; real-time conditional reset of syndrome/flag qubits",ibm-falconqec,demonstrated,memory,ibm_peekskill,builder,2022,https://arxiv.org/abs/2203.07205,yes,"Sundaresan et al., Nat. Commun. 14, 2852 (2023). The paper calls ibm_peekskill v2.0.0 'an IBM Quantum Falcon R8 processor' (Qiskit backend config also gives Falcon revision 8), not r5.11 as in the machine name"
ibm-falcon,honeycomb_floquet,in stage-1 register,"honeycomb Floquet code plaquette stabilizers (2 plaquettes on 27-qubit Falcon), 7 rounds of link measurements; syndrome-change detection rate ~0.4 at <p>~2%; no logical subspace analysed","none (syndrome-change statistics only), offline",,demonstrated,detect,ibm_hanoi;ibm_auckland;ibmq_kolkata;ibm_peekskill;ibmq_montreal;ibmq_mumbai;ibmq_toronto;ibm_cairo,builder: IBM Quantum (Wootton),2022,https://arxiv.org/abs/2210.13154,yes,"Fix: the existing row reused the heavy-hex best_instance and ref ibm-falconqec; the honeycomb Floquet evidence is Wootton 2022 (stabilizer measurements only, check-level not logical-level)"
ibm-falcon,matching,in stage-1 register,"hexagonal matching code stabilizers measured via 2-body link measurements, 2 plaquettes x 2 checks per round, T=3 rounds; best device (ibm_cairo) consistent with ~1.5% error model; no logical qubit","none (stabilizer-change statistics only), offline",,demonstrated,detect,ibm_cairo;ibm_hanoi;ibmq_montreal;ibmq_toronto,builder: IBM Quantum (Wootton),2021,https://arxiv.org/abs/2109.13308,yes,"Paper names 'the 27 qubit Falcon processors ibm_cairo, ibm_hanoi, ibmq_montreal and ibmq_toronto'; check-level only, logical storage out of scope; zoo page exists (id matching)"
ibm-falcon,quantum_repetition,in stage-1 register,"bit- and phase-flip d=3 repetition codes, T=2 rounds, tiled over every bulk qubit of 27-qubit Falcon devices; syndrome-derived idle error rates per qubit (median phase-flip 7.95% with DD on code qubits)","syndrome-change statistics / matching, offline",,demonstrated,memory,ibm_hanoi;ibm_auckland;ibm_cairo;ibmq_montreal;ibmq_mumbai,builder: IBM Quantum (Wootton),2022,https://arxiv.org/abs/2207.00553,yes,"Paper's Fig. 1 shows 'the coupling map of IBM Quantum Falcon devices'; small distance only - larger-distance repetition codes on IBM ran on Rochester (Hummingbird) and Eagle, not Falcon. Also d=3 heavy-hex Z-gauge (repetition-like) cycles on ibmq_montreal (Gicev et al., arXiv:2310.12448)"
ibm-falcon,stab_4_2_2,in stage-1 register,"[[4,2,2]] encoded CZ magic state (two logical qubits) with flag-FT logical CZ measurement; logical infidelity 1.23e-2 (post-sel.) / 1.87e-2 (feedforward), beats best physical pair 2.35e-2","post-selection or real-time feedforward; logical tomography, offline",,demonstrated,prep;detect;logic;magic;algo,ibm_peekskill;ibm_nairobi;ibmq_jakarta;ibmq_bogota;ibmq_santiago,"builder: IBM Quantum (Gupta et al.); also third parties: USC (Pokharel, Lidar), U. Southampton (Cane et al.)",2021,https://arxiv.org/abs/2305.13581,yes,"Fix: existing row reused the heavy-hex best_instance and ref ibm-falconqec. Best instance = Gupta et al., Nature 625, 259 (2024), ibm_peekskill (Falcon). Earlier/other Falcon [[4,2,2]] work: encoded gate sequences up to 100 logical gates on ibmq_bogota (Falcon r4L), ibmq_santiago, ibmq_jakarta (Cane et al., arXiv:2112.04076, 2021); [[4,2,2]]-encoded 2-qubit Grover at 99.5% success on ibm_nairobi/ibmq_jakarta (Falcon r5.11H) (Pokharel & Lidar, arXiv:2211.04543)"
ibm-falcon,stab_8_3_2,in stage-1 register,"[[8,3,2]] colour code: flag-FT encoded |GHZ> + transversal CZ/CCZ gates, post-selected (~75% acceptance); encoded circuits beat bare ones for every gate incl. CCZ (statistical distance)","post-selection on stabilizers and flags, offline",,demonstrated,prep;detect;logic,ibmq_mumbai,third party: Univ. Toronto / Waterloo / Perimeter (Honciuc Menendez; Ray; Vasmer),2023,https://arxiv.org/abs/2309.08663,yes,ibmq_mumbai is a 27-qubit heavy-hex Falcon (r5.10); runs on 14 Apr 2023; same paper also used IonQ
ibm-eagle,floquet_color,in stage-1 register,"planar CSS Floquet colour code logical qubit d=2 and d=3, |0> and |+>, up to 16 sub-rounds on ibm_sherbrooke; effective p ~2.2-2.8%, above threshold","MWPM (PyMatching, stim weights), offline",,demonstrated,memory,ibm_sherbrooke;ibm_washington,builder: IBM Quantum (Hesner; Hetenyi; Wootton),2022,https://arxiv.org/abs/2408.02082,yes,"Eagle r3 ibm_sherbrooke (2024) supersedes the check-level-only plaquette measurements on ibm_washington (Wootton, arXiv:2210.13154, 2022); year = first publication on Eagle"
ibm-eagle,google_dynamic_surface,in stage-1 register,"3CX (hexagonal-connectivity) surface code d=3 embedded in heavy-hex, |0> and |+>, 2-6 rounds; effective p ~6.5%, above threshold","MWPM (PyMatching), offline",,demonstrated,memory,ibm_sherbrooke,builder: IBM Quantum (Hesner; Hetenyi; Wootton),2024,https://arxiv.org/abs/2408.02082,yes,3CX surface code of McEwen-Bacon-Gidney (the register's google_dynamic_surface family); Fig. 9 data 'taken on sherbrooke' (Eagle r3)
ibm-eagle,honeycomb_floquet,in stage-1 register,"honeycomb Floquet code plaquette stabilizers over the full 127-qubit Eagle lattice, 7 rounds; per-plaquette syndrome-change rates at <p>=3.1%","none (syndrome-change statistics only), offline",,demonstrated,detect,ibm_washington,builder: IBM Quantum (Wootton),2022,https://arxiv.org/abs/2210.13154,yes,ibm_washington named in the paper as 'a 127 qubit Eagle processor' (Eagle r1); check-level only
ibm-eagle,quantum_repetition,in stage-1 register,"device-wide 'arc' repetition code on 125 of 127 qubits (54 code + 71 aux), d=54, T=10 rounds, alternating ZX encoding; no logical errors in 1e4 shots per instance","Union-Find with cluster-size statistics, offline",,demonstrated,memory,ibm_sherbrooke,builder: IBM Quantum (Liepelt; Peduzzi; Wootton),2023,https://arxiv.org/abs/2308.08909,yes,"ibm_sherbrooke is named in the paper as a 127-qubit Eagle (r3); the same paper ran [[2,0,2]] sequences with feedforward on 7 qubits (k=0, not listed as a code). Also d=3..9 flag-qubit repetition codes on ibm_kyoto (Kim et al., arXiv:2403.10217)"
ibm-eagle,stab_4_2_2,in stage-1 register,"[[4,2,2]] logical Bell states (logical CNOT by qubit permutation) with logical dynamical decoupling + post-selection: mean peak fidelity 98.05%, >82-87% after 55 us; beyond physical Bell pair","post-selection on stabilizers, offline",,demonstrated,prep;detect;logic,ibm_kyiv,third party: USC (Vezvaee; Tripathi; Lidar et al.),2025,https://arxiv.org/abs/2503.14472,partial,ibm_kyiv is a 127-qubit fixed-frequency (ECR) Eagle r3 per IBM/Qiskit backend data (the 'Utility' paper device); paper names ibm_kyiv and its fixed-frequency transmons but not the revision
ibm-eagle,xzzx,in stage-1 register,3x3 Wen-plaquette (XZZX) model: variationally compiled ground states; plaquette F1 and boundary Wilson loop measured across the J/g crossover (stabilizer-dominated end approximates the code state),none,,demonstrated,prep,ibm_brisbane,third party: NUS / Lanzhou U. (Shen; Zhong; Lee),2026,https://arxiv.org/abs/2607.21707,yes,Weak instance: a variational many-body state with no code-space verification; Wilson loop read out through an ancilla interferometer on qubit chain 56-66. ibm_brisbane = Eagle r3. Keep only if prep-only rows are wanted.
ibm-heron-r1,bacon_shor,in stage-1 register,"Bacon-Shor d=2,3,4 on the heavy-hex link qubits, up to 5 rounds; transversal CX + XX/ZZ lattice surgery with the 3CX patch; F=99.4% for d=2,T=1 |0>_L with post-selection",MWPM (pymatching) offline,,demonstrated,memory;logic,ibm_torino,builder: IBM Research Zurich: Hetenyi & Wootton,2024,https://arxiv.org/abs/2404.15989,yes,code_usage_map row said '133-qubit device' - it is ibm_torino (Heron r1)
ibm-heron-r1,google_dynamic_surface,in stage-1 register,"3CX surface code d=2,3,4, up to T=5 rounds, interleaved with a Bacon-Shor patch; logical Bell state F=93.7% (d=2, T=1, post-selected), d=3 Bell violation by QEC alone (F=74.7%)",MWPM (pymatching) offline,,demonstrated,memory;logic,ibm_torino,builder: IBM Research Zurich: Hetenyi & Wootton,2024,https://arxiv.org/abs/2404.15989,yes,"3CX = McEwen-Bacon-Gidney hexagonal-circuit surface code (rotated-surface stabilizers, boundaries alternating per round) - register alias of google_dynamic_surface; ibm_torino = 133-qubit Heron r1 (paper: 133-qubit device, calibration 11 Feb 2024)"
ibm-heron-r2,heavy_hex,in stage-1 register,"d=3 heavy-hex code memory, new single-round X+Z syndrome circuit without resets: 96% (|0>) / 97% (|+>) logical fidelity per round up to 10 rounds; heavy-hex stability experiment (lattice-surgery proxy) to ~15 rounds",PyMatching (MWPM) offline,,demonstrated,memory;logic,ibm_marrakesh,builder with partners: U. Sydney Bartlett group + IBM Quantum B. J. Brown,2025,https://arxiv.org/abs/2504.07258,yes,paper: 'IBM Quantum 156-qubit Heron r2 ... Marrakesh'; the codes-map row placing heavy_hex on ibm_fez could not be confirmed (its ref is the Falcon ibm_peekskill paper) - use this source for Heron
ibm-heron-r2,quantum_repetition,in stage-1 register,"bit- and phase-flip repetition d=3..11, r up to 11 rounds, 2.76M shots pooled with ibm_pittsburgh; FiLM-CNN decoder up to 7.4-11.1x lower LER than calibration-informed MWPM at (d,r)=(11,11)",calibration-conditioned FiLM CNN neural decoder vs noise-aware MWPM (offline),,demonstrated,memory,ibm_fez;ibm_kingston,third party: PNNL / Fordham / Lehigh / UW / UCSD (Stein; Kan; ... Li),2026,https://arxiv.org/abs/2601.16123,yes,Gap outside the target. The held-out recalibrated evaluation ran on ibm_kingston. Also d=5 single-round repetition on ibm_fez in arXiv:2607.19447 (weaker).
ibm-heron-r2,rotated_surface,in stage-1 register,"d=3 rotated surface code embedded in heavy-hex (25 qubits, 2 sub-rounds), magic-state injection: |H_L> 0.8806(2), |T_L> 0.8665(3), above distillation threshold, 36.28% acceptance",none (post-selection on trivial syndrome); offline,,demonstrated,prep;detect;memory;magic,ibm_fez;ibm_aachen;ibm_marrakesh,third party: U. Melbourne / CSIRO: Kim; Sevior; Usman,2024,https://arxiv.org/abs/2412.01446,yes,"ref fixed from 'ibm-cryocmos' to arXiv:2412.01446; ibm_fez is the 156-qubit Heron r2 (the codes-map row's '133q Heron' is wrong); experiment run 31 Oct 2024 | also 2025: rotated surface d=3 (37-q embedding) scaled to anisotropic (dx,dz)=(3,5),(5,3) (65 q), up to 10 QEC cycles, ~2,200 CZ; onset of sub-threshold (5,3) vs (3,3) on  (https://arxiv.org/abs/2510.18847)"
ibm-heron-r2,spacetime_circuit,in stage-1 register,"spacetime Pauli checks on random Clifford circuits preparing stabilizer states of up to 50 logical qubits / 2,450 CZ, using up to 68 physical qubits; fidelity gain up to 236x at PSR down to 1e-5 (ibm_kingston)",none (syndrome post-selection); offline,,demonstrated,detect,ibm_kingston;ibm_fez,builder: IBM Quantum: Martiel & Javadi-Abhari,2025,https://arxiv.org/abs/2504.15725,yes,paper SI IX.A: ibm_kingston and ibm_fez are both 156-qubit Heron r2; first hardware use of spacetime_circuit on IBM - predates the r3 row
ibm-heron-r2,steane,in stage-1 register,"two Steane logical qubits, transversal H + CNOT logical Bell state, <XX> with codeword post-selection better than physical on average over 15 runs",none (post-selection on codewords); offline,,demonstrated,prep;detect;logic,ibm_fez,third party: Michigan State / EPFL / Unitary Foundation: Le Fur; Egger; ...; LaRose,2026,https://arxiv.org/abs/2605.02861,partial,ibm_fez = Heron r2 (Martiel & Javadi-Abhari 2025 SI); the same paper's repetition-code runs on ibm_fez are not quantum codes
ibm-heron-r3,dynamic_compass,in stage-1 register,"d=5 dynamic compass code memory, up to 30 rounds; noise-informed decoding cut logical error per round by 24.2% (Z) and 38.3% (X) vs calibration-based baseline",BeliefMatching with ACES noise model + soft IQ + leakage post-selection; offline,,demonstrated,memory,ibm_pittsburgh,builder with partners: U. Sydney Bartlett/Harper group + OIST + IBM Quantum B. J. Brown,2026,https://arxiv.org/abs/2604.14296,yes,"new code introduced in the paper; same footprint and circuits as heavy_hex but dynamic measurement schedule (Bacon-Shor-style dynamic schedules, refs [1-3]); distinct from heavy_hex and bacon_shor"
ibm-heron-r3,heavy_hex,in stage-1 register,"d=5 heavy-hex code memory (q46 and q65 placements), T up to 30 rounds, 4 logical basis states; ACES-informed + soft-IQ + leakage post-selection decoding (abort ~3.5%/round)",BeliefMatching with ACES noise model + soft IQ information; offline,,demonstrated,memory,ibm_pittsburgh,builder with partners: U. Sydney Bartlett/Harper group + OIST + IBM Quantum B. J. Brown,2026,https://arxiv.org/abs/2604.14296,yes,"paper: 'IBM Quantum 156-qubit Heron revision-3 quantum processor ibm_pittsburgh', runs 24 Feb 2026; heavy-hex data in App. A as the comparison code"
ibm-heron-r3,quantum_repetition,in stage-1 register,"bit- and phase-flip repetition d=3..11, r up to 11 rounds (pooled with ibm_fez/ibm_kingston data); FiLM-CNN decoder beats MWPM for d>=7, r>=5",calibration-conditioned FiLM CNN neural decoder vs noise-aware MWPM (offline),,demonstrated,memory,ibm_pittsburgh,third party: PNNL / Fordham / Lehigh / UW / UCSD (Stein; Kan; ... Li),2026,https://arxiv.org/abs/2601.16123,yes,"Gap outside the target. The paper reports pooled results, so no per-device LER for Pittsburgh."
ibm-heron-r3,rotated_surface,in stage-1 register,"rotated surface (3,3),(3,5),(5,3) memory on ibm_pittsburgh, up to 9-10 QEC cycles; results consistent with ibm_aachen (Heron r2), spurious no-DD sub-threshold at N>=7 for (5,3)",circuit-level-noise MWPM; offline,,demonstrated,memory,ibm_pittsburgh,third party: USC Lidar group + IFT UAM-CSIC Bermudez,2025,https://arxiv.org/abs/2510.18847,yes,"existing row carried the spacetime_circuit best_instance and ref 'ibm-heron-r3' - no rotated-surface evidence; replaced by Vezvaee et al. App. B (ibm_pittsburgh = Heron r3, IBM changelog 31 Jul 2025)"
ibm-heron-r3,spacetime_circuit,in stage-1 register,"spacetime-code error detection on a 64-qubit depth-73 Clifford circuit doped with 314 T gates, 76 physical (64 data + 12 ancilla), 2,644 CZ; ~10x gate-error suppression; fidelity lower bound 0.349 (95%), PSR ~0.04%",none (syndrome post-selection); offline,,demonstrated,detect;algo,ibm_boston;ibm_aachen,builder with partners: IBM Research + U. Chicago + SUTD + NVIDIA,2026,https://arxiv.org/abs/2607.25941,yes,"v3 (2 Sep 2026) states ibm_boston = Heron R3; register numbers (70 q, depth 70, 468 T, 97 physical, F>=0.284) are from the earlier open-boundary version (SI S2.6) - update best_instance; ref id 'ibm-heron-r3' should point to arXiv:2607.25941 | also 2026: spacetime checks + first-order PEC on Trotterized TFIM, 22 data + 27 check qubits, up to 648 CZ (6 Trotter steps); syndrome PSR 0.197 at d=6; sampling overhead  (https://arxiv.org/abs/2609.13108)"
ibm-heron-r3,stab_4_2_2,in stage-1 register,"21 [[4,2,2]] blocks = 42 logical qubits on up to 136 physical; FT no-reset syndrome extraction + nFT logical rotations; 2+1D Ising sim beats unencoded by >200% at late times; memory up to 60 rounds","post-selection (Observable-Ranked Postselection, offline)",,demonstrated,detect;memory;algo,ibm_boston,third party: U. Washington IQuS (Froland; Zemlevskiy; Savage et al.),2026,https://arxiv.org/abs/2607.24947,yes,"Gap outside the Falcon/Eagle target, found in passing. Authors call it the [[4,2,2]] Iceberg code; filed as stab_4_2_2 (k=2 iceberg). ibm_boston is mapped to Heron r3 as in the existing merged rows."
ibm-heron-r3,steane,in stage-1 register,"two d=3 triangular colour (Steane) logical qubits, 14 physical; unitary encoding + transversal H/CNOT logical Bell state, <ZZ> with codeword post-selection better than physical at all depths D tested",none (post-selection on codewords); offline,,demonstrated,prep;detect;logic,ibm_boston,third party: Michigan State / EPFL / Unitary Foundation: Le Fur; Egger; ...; LaRose,2026,https://arxiv.org/abs/2605.02861,partial,"paper names 'IBM Boston' (Heron r3 per IBM changelog Jan 2026); error detection, no syndrome rounds"
ibm-heron-r3,triangular_color,in stage-1 register,"two d=5 triangular 6.6.6 colour-code logical qubits (38 physical): logical Bell state beats physical up to D=20 X-layers, worse at D=30 (pseudothreshold crossover); d=7 (74 q) gave no codewords in 1e6 shots",none (post-selection on codewords); offline,,demonstrated,prep;detect;logic,ibm_boston,third party: Michigan State / EPFL / Unitary Foundation: Le Fur; Egger; ...; LaRose,2026,https://arxiv.org/abs/2605.02861,partial,ibm_boston = Heron r3 (IBM changelog); d=7 attempted on hardware but no accepted shots - best instance is d=5
ibm-nighthawk-r1,google_dynamic_surface,in stage-1 register,"LUCI dynamic (mid-cycle) surface code, reset-free, d=3 and asymmetric (3,5)/(5,3), up to 7 rounds: Lambda_5/3 1.75(10) for X, 1.93(12) for Z (standard rotated: 1.58, 2.44); LUCI routes around a ~15% coupler",correlated PyMatching (calibration-weighted); BP-OSD comparison; offline,,demonstrated,memory,ibm_miami,third party: U. Melbourne / CSIRO: Kim; Gicev; Sevior; Usman,2026,https://arxiv.org/abs/2607.01887,yes,"LUCI = Google mid-cycle-state dynamic surface code (Debroy-McEwen-Gidney-Shutty-Zalcman); filed under google_dynamic_surface (same family as 3CX/hex/walking) - split to a 'luci_surface' id if the register keeps Google circuits separate; ibm_miami runs 15 May 2026 = Nighthawk r1; same paper also runs standard rotated_surface (d=3 -> (3,5)/(5,3), Lambda 2.44 Z) - covered by the ibm_miami rotated_surface row"
ibm-nighthawk-r1,rotated_surface,in stage-1 register,"rotated surface memory d=3 (two patches) and d=5 (corner defect, d_X=4), t<=50 no-reset rounds: eps_3 1.26-1.47%, eps_5 2.48% (GNN-RNN) - above threshold; d=3 X-stability to t=100; ZZ lattice-surgery merge of two d=3 patches (58.2% vs 56.2% MWPM)",modular GNN-RNN neural decoder and MWPM; offline,,demonstrated,memory;logic,ibm_berlin;ibm_miami,third party: U. Gothenburg / Chalmers: Lange; Fjeldsa; Jonasson Johansson; Granath,2026,https://arxiv.org/abs/2610.03869,yes,paper: 'IBM Nighthawk r1 processor ibm_berlin'; 5x5 patch with checkerboard weight-4/weight-2 stabilizers = rotated layout; also cites refs [54-56] for other Nighthawk r1 memory/stability/lattice-surgery runs | also 2026: d=5 rotated surface code memory up to 32 rounds with defect exclusion (super-stabilizers): 1.62% per round (Z) vs 4.49% defect-ignorant; 0.98% with leakage post (https://arxiv.org/abs/2607.12118)
ibm-nighthawk-r1,xzzx,in stage-1 register,5x5 Wen-plaquette (XZZX) stabilizer-sector state prepared by coherent representative-qubit projectors (no MCM); lattice-averaged plaquette <F> decays only weakly under up to 15 injected Rx kicks,none,,demonstrated,prep,ibm_miami,third party: NUS / Lanzhou U. (Shen; Zhong; Lee),2026,https://arxiv.org/abs/2607.21707,yes,"Many-body state for a topological-order study: only plaquette expectations were measured, with no logical operator or code-space fidelity. Wen plaquette model = XZZX (codes-list alias)."
ibm-nighthawk-r2,rotated_surface,in stage-1 register,"d=3 surface-code memory (|0>_L and |+>_L, R up to 10 rounds, 4000 shots) on 11 patches over 12 sessions in one week, used to validate an LR-QAOA QEC benchmark; P_L ~1e-2 to 0.5","MWPM (stim DEM, uniform noise) offline",,demonstrated,memory,ibm_phoenix,third party: Juelich Supercomputing Centre: Montanez-Barrera; Michielsen,2026,https://arxiv.org/abs/2610.05928,partial,paper keywords 'IBM Nighthawk-r2' and Fig. 2c 'IBM Nighthawk chip' for ibm_phoenix - revision inferred from that keyword (not stated per backend in the text); code layout on square lattice with d^2-1 checks (Table I: N_mcm = p(d^2-1)) = rotated
ibm-loon,gross,in stage-1 register,"none run - IBM: Loon is 'a quantum chip with more connectivity and the architecture to enable proof-of-concept experiments toward high-rate qLDPC codes such as these' (the gross code); c-couplers, multi-layer routing, qubit reset",Relay-BP (real-time <480 ns FPGA decoding shown on recorded/simulated syndromes - not a hardware code run),,planned,planned,Loon,builder,2025,https://www.ibm.com/quantum/blog/large-scale-ftqc,yes,"component testbed for the gross code; no encoded-state experiment published (APS Global Physics Summit 2026 talk by J. Stehlik describes architecture only: long couplers, out-of-plane couplers, reset); Nov 2025 release: 'demonstrated all the key processor components needed for FTQC', no code named"
ibm-kookaburra,gross,in stage-1 register,intended first module storing information in a qLDPC memory with an attached LPU (2026); none delivered,Relay-BP (intended; real-time on FPGA/ASIC),ibm-roadmap2026,planned,planned,Kookaburra,builder,2025,https://www.ibm.com/quantum/blog/large-scale-ftqc,partial,"IBM: 'Kookaburra ... first quantum processor module capable of storing information in a qLDPC memory and processing it with an attached LPU'; the same blog defines LPUs for the gross and two-gross codes and introduces Loon for the gross code - gross for Kookaburra is inferred from that sequence, IBM does not name the instance for Kookaburra; ref id 'ibm-roadmap2026' -> this blog"
ibm-cockatoo,gross,in stage-1 register,"entangle two Kookaburra modules via l-couplers ('universal adapter'), 2027",Relay-BP (intended),ibm-cryo,planned,planned,Cockatoo,builder,2025,"https://newsroom.ibm.com/2025-06-10-IBM-Sets-the-Course-to-Build-Worlds-First-Large-Scale,-Fault-Tolerant-Quantum-Computer-at-New-IBM-Quantum-Data-Center",partial,"IBM: Cockatoo 'will entangle two Kookaburra modules using L-couplers'; code instance inherited from Kookaburra (gross inferred, not named); ref id 'ibm-cryo' unclear - replace with the IBM release/blog"
ibm-starling,bb288,in stage-1 register,"two-gross [[288,12,18]] module: 576 code + 158 LPU qubits; idle ~1e-20 per cycle at p=1e-3; paper's TFIM estimate (8,138 physical) uses two-gross",Relay-BP (intended),ibm-ftqc,planned,planned,Starling,builder,2025,https://arxiv.org/abs/2506.03094,partial,"same caveat as the gross row: candidate module, not explicitly assigned to Starling by IBM; at p=1e-3 only the two-gross instruction error rates are compatible with a 1e8-gate target (paper Table 2) - inference, not an IBM statement"
ibm-starling,gross,in stage-1 register,"bicycle-architecture code module [[144,12,12]]: 288 code + 90 LPU qubits per module; idle logical error ~1e-8.8 per cycle at p=1e-3",Relay-BP (intended),ibm-ftqc,planned,planned,Starling,builder,2025,https://arxiv.org/abs/2506.03094,partial,IBM names gross and two-gross as the two code-module choices of the bicycle architecture (Tour de gross) but has not stated which one Starling uses; keep both as candidates
ibm-starling,qcga,in stage-1 register,"target 200 logical qubits running 1e8 logical gates (2029, Poughkeepsie); 2028: magic state injection across multiple modules",Relay-BP on FPGA/ASIC (intended in-loop),ibm-ftqc,planned,planned,Starling,builder,2025,https://www.ibm.com/quantum/blog/large-scale-ftqc,yes,IBM blog: 'Our fault-tolerant modular architecture is based on the bivariate bicycle code developed by IBM' and Starling is that architecture's target; magic states via cultivation/distillation factories in the bicycle architecture (arXiv:2506.03094)
ibm-bluejay,qcga,in stage-1 register,"target 2,000 logical qubits running 1e9 logical gates (2033+)",Relay-BP (intended),ibm-ftqc,planned,planned,Blue Jay,builder,2025,"https://newsroom.ibm.com/2025-06-10-IBM-Sets-the-Course-to-Build-Worlds-First-Large-Scale,-Fault-Tolerant-Quantum-Computer-at-New-IBM-Quantum-Data-Center",partial,"IBM release gives Blue Jay's 2,000 logical qubits / 1e9 operations; code family only via IBM's statement that its FT modular architecture is BB-based (blog) - Blue Jay itself is not described further"
google-sycamore-54,css_4_1_2,in stage-1 register,"[[4,1,2]] = d=2 rotated surface code, stabilisers Z0Z1, XXXX, Z2Z3; 7 qubits; ~2e-3 logical error per round after post-selection, 27% of runs discarded per round",none — post-selection on any detection event,,demonstrated,detect,Sycamore 54-qubit processor (7 qubits used),builder,2021,https://arxiv.org/abs/2102.06132,yes,Same paper as the repetition codes; error-detection only (any detection event discarded).
google-sycamore-54,quantum_repetition,in stage-1 register,"phase-flip and bit-flip codes d=3–11 (5–21 qubits), 50 rounds; eps_L 8.7e-3 (5q) → 6.7e-5 (21q); Lambda_X 3.18(8), Lambda_Z 2.99(9)","MWPM, offline",,demonstrated,memory,"Sycamore 54-qubit processor (improved-readout chip, ≤21 qubits used)",builder,2021,https://arxiv.org/abs/2102.06132,yes,"Chen et al., Nature 595, 383 (2021). High-energy-event windows excluded (~0.5% of data); Lambda unchanged without exclusion."
google-sycamore-54,rotated_surface,in stage-1 register,"d=3 (9 qubits) and d=5 (25 qubits) logical states |0L>,|+L>,|TL> prepared by a unitary circuit (no stabiliser cycles); state injection, logical tomography (mean Bloch length 0.6 at d=5)","single-shot correction of the final data-qubit readout, offline",,demonstrated,prep,"Sycamore (the 2019 supremacy chip, 54 qubits)",builder,2021,https://arxiv.org/abs/2104.01180,yes,"Satzinger et al., Science 374, 1237 (2021). Paper states 'precisely the same Sycamore processor as Arute 2019'. 3x3 and 5x5 qubit arrays = [[d^2,1,d]] rotated patches; parities and logical observables verified; no repeated syndrome extraction."
google-sycamore-54,surface,in stage-1 register,"31-qubit toric-code ground state on a planar patch with matching boundaries (unique ground state, k=0); mean stabiliser parity 0.92(6); S_topo/ln2 ≈ -0.9; e/m braiding by interferometry",none (many-body state study),,demonstrated,prep,"Sycamore (the 2019 supremacy chip, 54 qubits)",builder,2021,https://arxiv.org/abs/2104.01180,yes,"Topological-order study, not a logical qubit: planar Kitaev lattice (qubits on edges) whose boundaries leave k=0 — prepared and stabilisers measured, no encoded information. Same paper as the d=3/d=5 rotated-surface logical states."
google-sycamore-72,quantum_repetition,in stage-1 register,"bit-flip repetition d=25 on the 49 qubits of the d=5 patch, 50 cycles, 5e5 shots: floor 1.7e-6 per round set by one high-energy event (1.6e-7 excluding it)","MWPM, offline",syc72,demonstrated,memory,72-qubit Sycamore processor,builder,2022,https://arxiv.org/abs/2207.06431,yes,"Smaller distances subsampled from the d=25 data. Bit-flip code only (quantum distance 1). A d=21 bit-flip code with data-qubit leakage removal (arXiv:2211.04728, Nov 2022) ran on 'a Sycamore processor' whose qubit count is not stated — not attributed here."
google-sycamore-72,twist_defect_surface,in stage-1 register,"ZXXZ surface-code ground state (mean stabiliser 0.94) deformed by degree-3-vertex twist defects; braiding gives a 3-logical-qubit GHZ state, fidelity 0.623(4) by logical tomography",none (no repeated syndrome extraction; readout-corrected expectation values),,demonstrated,prep;logic,"Sycamore-class processor, 25 qubits (5x5 grid)",builder,2023,https://arxiv.org/abs/2210.10255,partial,"Andersen et al., Nature 618, 264 (2023), 'Non-Abelian braiding of graph vertices'. Code = ZXXZ (XZZX) surface code deformed by twist defects (degree-3 vertices = projective Ising anyons); two bulk D3V pairs + 4 corner D3Vs encode 3 logical qubits. Device not named ('similar design to Arute 2019'); mapped to the 72-qubit chip by date (2022) and median T1 21.7 us ≈ the 72-qubit chip's 20 us — an inference."
google-sycamore-72,xzzx,in stage-1 register,ZXXZ rotated patches: d=5 (49 qubits) 2.914(16)% vs mean of four d=3 3.028(23)% per cycle over 25 cycles → Lambda_3/5 ≈ 1.04; no post-selection on leakage/high-energy events,"tensor-network (approx. maximum-likelihood) and belief-matching, offline; AlphaQubit later trained on this data",syc72,demonstrated,memory,72-qubit Sycamore processor (121 tunable couplers),builder,2022,https://arxiv.org/abs/2207.06431,yes,"Nature 614, 676 (2023). Paper: 'we remove certain Hadamard gates to implement the ZXXZ variant' and 'ZXXZ which we use for all stabilisers in our experiments' — the Clifford-deformed (XZZX) code on the rotated layout, not the CSS rotated code."
google-willow,google_dynamic_surface,in stage-1 register,"d=3→5 Lambda: hexagonal (3 couplers/qubit) 2.15(2), eps_5 0.270(3)%; walking 1.69(6) with built-in leakage removal; iSWAP 1.56(2)","sparse blossom and Harmony (ensembled matching) with RL-trained prior, offline",willow-qec,demonstrated,memory,"Willow 72-qubit (hexagonal, iSWAP); Willow 105-qubit (walking)",builder,2024,https://arxiv.org/abs/2412.14360,yes,"Eickbusch et al., Nature Physics 21, 1994 (2025), 'Demonstrating dynamic surface codes'. Time-dynamic circuits of the CSS surface code (X/Z stabilisers)."
google-willow,quantum_repetition,in stage-1 register,"repetition code up to d=29, 1000 cycles; Lambda ≈ 8.4 (Lambda_X 8.27, Lambda_Z 8.55, d=5–11); error floor ~1e-10 per cycle set by correlated bursts ~once per hour (3e9 cycles)","MWPM with RL-optimised prior (25 d=5 sensors), offline",willow-qec,demonstrated,memory,Willow 72-qubit,builder,2024,https://arxiv.org/abs/2408.13687,yes,Bit-flip/phase-flip repetition code (quantum distance 1) used as an error-floor probe; ran on the 72-qubit Willow chip.
google-willow,steane,in stage-1 register,"d=3 6.6.6 colour code = [[7,1,3]]: memory eps_3 ≈1.7e-2; logical RB; teleportation; cultivation of |T> to fidelity 0.9999(1) at 8% acceptance (~40x below injection), then grafted into a d=5 colour/surface hybrid",Tesseract (most-likely-error) for the grafted code; post-selection for cultivation; AlphaQubit/Chromobius for memory,,demonstrated,memory;logic;magic,Willow 72-qubit (colour-code paper); Willow 105-qubit (cultivation),builder,2024,https://arxiv.org/abs/2512.13908,yes,"Rosenfeld et al., 'Magic state cultivation on a superconducting quantum processor' (Dec 2025) on a 105-qubit Willow: cultivation in a d=3 colour code (superdense circuit) — the brief files the d=3 colour-code instance as steane."
google-willow,triangular_color,in stage-1 register,"superdense 6.6.6 triangular colour code d=3 → d=5: Lambda_3/5 1.56(4), eps_5 1.10e-2; transversal Clifford +0.0027(3)/gate (logical RB); lattice-surgery teleportation between two d=3 codes 86.5–90.7%; 2026 RL d=5 8.19(14)e-3","AlphaQubit neural network, Chromobius (Möbius), MLE/Tesseract; offline",willow-qec,demonstrated,memory;logic;magic,Willow 72-qubit,builder,2024,https://arxiv.org/abs/2412.14256,yes,"Lacroix et al., Nature 645, 614 (2025). The d=3 instance = [[7,1,3]] (also listed as steane); d=5 = [[19,1,5]]. Magic: state injection into d=3 with >99% fidelity after post-selection (~75% kept). 2026 d=5 figure from arXiv:2511.08493."
google-willow,xzzx,in stage-1 register,"ZXXZ d=3/5/7 below threshold: Lambda 2.14(2), d=7 1.43(3)e-3 per cycle (101 qubits, 250 cycles, beyond break-even x2.4); 2026 RL-calibrated d=7 7.72(9)e-4 (AlphaQubit2)","neural network (AlphaQubit) and Libra ensembled matching, offline; real-time correlated sparse-blossom streaming decoder at d=5, 63 us mean latency to 1e6 cycles",willow-qec,demonstrated,memory,Willow 105-qubit (d=7); Willow 72-qubit (d=5 real-time),builder,2024,https://arxiv.org/abs/2408.13687,yes,"Nature 638, 920 (2025): 'X_L or Z_L basis of the ZXXZ surface code'. The 72-qubit chip of that paper is a Willow-generation chip (the colour-code paper calls it 'the 72-qubit Willow processor first introduced in' it). 2026 figure from arXiv:2511.08493 (RL control, two Willow chips) — that paper does not restate the stabiliser form."
ustc-zuchongzhi-2.1,surface-17,in stage-1 register,"d=3 rotated CSS surface code (9 data + 4 X + 4 Z ancillas), up to 11 cycles without ancilla reset: MWPM cuts logical error ~20% (eps_L ≈0.26/round); post-selected lifetime 64 us > best physical 36 us; 2023: logical magic states |H> 0.909, |T> 0.889 (> distillation threshold, post-selected)","MWPM, offline; post-selection",,demonstrated,prep;detect;memory;magic,Zuchongzhi 2.1 (17 of 66 qubits),builder,2022,https://arxiv.org/abs/2112.13505,yes,"Zhao et al., PRL 129, 030501 (2022) — 'the distance-three surface code which consists of 17 qubits, on the Zuchongzhi 2.1'. Magic-state preparation on the same 17-qubit layout: Ye et al., PRL 131, 210603 (2023), arXiv:2305.15972 (fetched, names Zuchongzhi 2.1). Above threshold: logical error per round worse than physical."
ustc-zuchongzhi-3.2,xzzx,in stage-1 register,"rotated XZZX d=3/5/7, up to 40 cycles, all-microwave leakage reduction: Lambda 1.40(6); d=7 7.83(10)e-3 per round (neural decoder); 2026 lattice surgery on d=3 XZZX patches: logical CNOT avg gate fidelity 0.643(2), H 0.854(1), S, routing — no post-selection",He et al. memory: decoder not stated in sources read; neural parallel-window decoder and belief/correlated matching (offline) in arXiv:2601.09921; neural decoder for the logic paper,,demonstrated,memory;logic,"Zuchongzhi 3.2 (107 qubits, 187 couplers; 97 used at d=7)",builder,2025,https://arxiv.org/abs/2601.09921,partial,"Memory = He et al., PRL 135, 260601 (2025), DOI 10.1103/rqkg-dw31 (closed access, no arXiv found). Code identity taken from the same team's decoding paper on that dataset ('We implement the rotated XZZX surface code', 97-qubit region, d=3/5/7 to 40 cycles, citing He et al.) and from arXiv:2607.01473 (fetched): 'distance-3 rotated XZZX surface code' on 'the 107-qubit Zuchongzhi 3.2'."
zju-125q,rotated_surface,in stage-1 register,"two d=3 CSS patches, merge/split: per-cycle 0.0365(2)/0.0282(1) after leakage rejection; deterministic logical Bell >=0.532 decoded (0.925 at 0.5% retention); logical Deutsch-Jozsa; R_X(pi/4) 0.943 by magic injection + gate teleportation; teleportation of d<=7 code states","belief-matching (BP+MWPM), offline; tensor-network ML for the teleportation study",zju125,demonstrated,prep;memory;logic;magic;algo,ZJU 125-qubit flip-chip processor,builder,2026,https://arxiv.org/abs/2606.06598,yes,"Wang et al. (Jun 2026): 'distance-three rotated surface code', stabilisers Z_D0 Z_D1 Z_D3 Z_D4 etc. (CSS) on 'a superconducting system of 125 qubits'. Also Zou et al., arXiv:2602.21293 (fetched): unitary preparation and teleportation of rotated surface codes up to d=7 on the same group's 125-qubit processor (scope prep; single-shot decoding, no stabiliser cycles)."
tsinghua-kunlun-32,qcga,in stage-1 register,"bivariate bicycle [[18,4,4]] (l=m=3, A=x+1+y^2, B=y+1+x^2; 14 of 18 checks kept), 6 cycles: 8.91(17)% logical error per logical qubit per cycle (leakage-rejected)","BP-OSD (circuit-level), offline",kunlun,demonstrated,memory,"Kunlun (32 transmons, 84 multi-length tunable couplers up to 6.5 mm)",builder,2025,https://arxiv.org/abs/2505.09684,yes,"Wang et al., 'Demonstration of low-overhead QEC codes' (May 2025; Nat. Phys. 22, 308 (2026)). Above break-even not reached."
tsinghua-kunlun-32,stab_18_6_3,in stage-1 register,"[[18,6,3]], 6 cycles: 7.77(12)% logical error per logical qubit per cycle (leakage-rejected)","BP-OSD (circuit-level), offline",,demonstrated,memory,Kunlun (30 qubits used: 18 data + 12 check),builder,2025,https://arxiv.org/abs/2505.09684,yes,"Paper: 'To construct the qLDPC code with parameters [[18,6,3]], we further remove check operators measured by check qubits X5 and Z5.' Weight-6 checks."
originq-wukong-72,css_4_1_2,in stage-1 register,"two d=2 [[4,1,2]] logicals (stabilisers XXXX,ZZ,ZZ): transversal CNOT 88.9(5)%, logical Bell 79.4-79.5%, FT |0L>/|+L> 97.7-98.0%, rotations RZ/RX 87.4(7)-94.4(5)%; all post-selected",none (post-selection on final data-qubit parities),wukong-qec,demonstrated,prep;detect;logic;magic,Origin Wukong 72-qubit processor (62 usable; 2x4 region q1-q8),builder with partners: USTC (Guo-Ping Guo / Yu-Chun Wu group) with Origin Quantum,2024,https://arxiv.org/abs/2405.09035,yes,"No ancilla stabiliser measurements: detection only by final data-qubit parities. Rotations by gate teleportation with injected (non-FT) ancilla logical states, post-selected -> magic = state injection only. Published npj Quantum Inf. 2025 (s41534-025-01118-6). Submitted via cloud platform."
fujitsu-10000q,rotated_surface,in stage-1 register,"STAR ver.1: rotated planar surface code + lattice-surgery Cliffords, analog rotations by injection; 1e4 physical at p=1e-4 -> 64 logical (d=7), 1.72e7 Cliffords, 3.75e4 rotations",MWPM assumed in simulations (not built),star,planned,planned,>10k-physical-qubit superconducting machine (target FY2030),builder,2023,https://arxiv.org/abs/2303.13181,partial,"Paper (Fujitsu Research + Osaka Univ. + RIKEN RQC) names the rotated planar surface code and a generic 1e4-qubit early-FTQC device, not the machine; designation for the >10k machine rests on Fujitsu's Aug 2025 release, which could not be re-fetched (404 on all Fujitsu URLs tried). STAR ver.3 (arXiv 2603.22891, Mar 2026) keeps the rotated surface code and adds magic-state cultivation; targets p=1e-3."
rigetti-ankaa-2,rotated_surface,in stage-1 register,"stability-8 experiment on a 2x2 rotated-surface patch (4 data + 4 ancilla, weight-2 ZZ checks only, XXXX omitted), 5-25 rounds: LER 28.1(1)% -> 20.5(1)%; 9.6 us full response for 9 rounds","Collision Clustering (union-find class) on FPGA in the control system, real-time in-loop; offline MWPM / belief-matching / soft-info MWPM (17.6%)",ankaa-riverlane,demonstrated,memory,"Ankaa-2 (qubits 36,37,38,43,45,50,51,52)",builder with partners: Riverlane + Rigetti,2024,https://arxiv.org/abs/2410.05202,yes,"Caune et al. (Riverlane/Rigetti), Nat. Commun. 2026. A stability experiment (k=0, no logical qubit): checks only; the 'logical observable' is the product of the overcomplete Z checks. Scope=memory used for repeated decoded check rounds of a stability (not memory) experiment."
iqm-garnet-20,quantum_repetition,in stage-1 register,"3-qubit bit-flip repetition code encoded (2 CZ encoding gates + tunable Ry) with final-readout recovery/post-selection; used to reshape CZ noise (15-55 redundant CZ pairs), 1000 shots/point","classical post-processing of final readout (majority/recovery), offline; no mid-circuit syndrome",,demonstrated,prep,"Garnet (qubits 3,4,8,9,13,14)","third party: Imperial College London (Ma, Hanks, Gneusheva, Kim)",2024,https://arxiv.org/abs/2411.00751,yes,"Supplement Sec. VII of 'Reshaping quantum device noise via repetition code circuits' (main data on IonQ Aria-1). Marginal: a noise-reshaping study, not QEC; authors say they do not aim at correcting errors. Also Lee 2026 (arXiv:2603.08733) ran only reset circuits on Garnet - its repetition code is simulated."
iqm-emerald-54,hagiwara_nakayama_deletion,in stage-1 register,"4-qubit single-deletion code on 4 fixed 5-qubit placements, 64 cells: mean recovery 0.738 (6 Aug 2026) falling to 0.624 on rerun (7 Aug)","coherent measurement-free decoder (unitary, on-circuit)",,demonstrated,prep,"IQM Emerald (Amazon Braket eu-north-1; placements 15-16-8-9-3, 19-27-35-34-42, 35-27-19-11-5, 39-31-30-22-14)",third party: MIGAL / Tel-Hai University (Essayag; Zabokritskiy),2026,https://arxiv.org/abs/2608.26010,yes,"Same caveats as the IonQ Forte row: synthetic deletion and a single shot with no syndrome rounds. The paper's 2/3 reference is a fidelity bound, not a beat-the-bare comparison."
iqm-emerald-54,quantum_repetition,in stage-1 register,"bit-flip repetition code, 4 data qubits, 2 syndrome rounds, 10k shots: logical error 0.145 on hardware (Stim 0.032); LER rises to ~0.46 with 10 us idle delay","MWPM via Stim detector model (Qrisp tutorial), offline",,demonstrated,memory,Emerald,builder,2026,https://docs.iqm.tech/iqm-client/user_guide_qrisp/detector_experiment_demo.html,yes,"IQM client documentation tutorial with hardware output (Qrisp detector-experiment demo); a demo, not a paper. Year of the doc page not stated - 2026 assumed (Qrisp integration)."
iqm-halocene-150,rotated_surface,in stage-1 register,LUMI-IQ H5 (2029): up to 9 logical qubits with d=3 surface or colour code; one logical qubit up to d=11 surface code; lattice surgery and T-gate teleportation; real-time feedback from 2028,"GPU decoding over NVQLink (planned), real-time from 2028",iqm-roadmap,planned,planned,"Halocene H4 (150 q, LUMI-IQ 2027) -> H5 (2029)",builder,2026,https://thequantuminsider.com/2026/09/10/iqm-plans-logical-qubit-system-for-finlands-lumi-ai-factory/,partial,"IQM's LUMI-IQ release (10 Sep 2026) says 'surface code' without rotated/unrotated; rotated is inferred from the Crystal square grid. The Nov 2025 Halocene launch release names no code (5 logical qubits, Clifford gates)."
iqm-halocene-150,triangular_color,in stage-1 register,LUMI-IQ H5: d=3 colour code for up to 9 logical qubits; one logical qubit up to d=9 colour code,GPU decoding over NVQLink (planned),iqm-roadmap,planned,planned,Halocene H5 (2029),builder,2026,https://thequantuminsider.com/2026/09/10/iqm-plans-logical-qubit-system-for-finlands-lumi-ai-factory/,partial,Release says 'colour code' without lattice; 6.6.6 triangular inferred (the standard planar colour code; d=9 single-patch). Year = first designation for this machine (Sep 2026).
oqc-genesis-16,dual_rail,in stage-1 register,"dual-rail in one fixed-frequency 3-island dimon (dual-rail transmon modes, not cavities): end-of-line erasure detection + post-selection; median T1_L 3.12 ms (48x), T2E_L 0.76 ms (11x), T2R_L 0.07 ms (4x), stable 50 h",post-selection on |00> erasure flag; no decoder,oqc-devices,demonstrated,prep;detect,dual-rail encoded dimon qubits Q1-Q3 (single-dimon coaxial test devices); GENESIS carries 16 such dimons,builder,2025,https://arxiv.org/abs/2506.15420,partial,"Wills, Haque, Vlastakis (OQC), arXiv:2506.15420. Paper uses three single-dimon devices and never names GENESIS; GENESIS = '16 dual-rail dimon qubits with error detection on the individual qubit level' (oqc.tech/tech/devices). No multi-qubit code, single-qubit idle metrics only."
quantware-contralto-a17,surface-17,in stage-1 register,designed for up to a distance-3 surface code (17 qubits = 9 data + 8 ancilla); no code run on Contralto-A published; DiCarlo lab ran repeated weight-2 parity checks on a 5-qubit Contralto-A prototype,none (supplier),,planned,planned,Contralto-A (17 flux-tunable transmons + tunable couplers),builder,2025,https://thequantuminsider.com/2025/02/25/quantware-introduces-contralto-a-a-qpu-for-quantum-error-correction/,partial,"Fix: use=planned (builder designation), not demonstrated; quote 'optimized for running up to a distance-3 surface code'. 17 qubits => surface-17 layout; kept as rotated_surface since QuantWare says 'surface code' generically - could be re-filed as surface-17. No published code experiment on a Contralto-A found (weight-2 checks on a 5-q prototype are not a code). | id surface-17: 17 qubits = the [[9,1,3]] instance"
aws-ocelot,cat_repetition,in stage-1 register,"phase-flip repetition over cats d=3 and d=5: 1.75(2)% (d=3) vs 1.65(3)% per cycle (d=5), 2.8 us cycle; noise-biased CX via transmon ancillas","MWPM, offline, with ancilla |f>->|e> erasure flags (~20% lower logical phase-flip at alpha^2=1.5)",ocelot,demonstrated,memory,Ocelot,builder,2024,https://arxiv.org/abs/2409.13025,partial,"Fix the decoder field: MWPM is named (Sec. IV), not just 'matching'; decoding uses ancilla erasure information. Device name inferred as above."
aws-ocelot,two-legged-cat,in stage-1 register,"inner code: 5 two-photon-dissipation-stabilised cats, alpha^2 ~1-3; bit-flip suppressed passively, logical bit-flip times kept long under syndrome extraction",n/a (passive bit-flip suppression),ocelot,demonstrated,prep;memory,"Ocelot (5 storage + 5 buffer modes, 4 transmon ancillas, flip-chip)",builder,2024,https://arxiv.org/abs/2409.13025,partial,Inner layer of the concatenation. Paper (AWS CQC; Nature 2025) does not use the name Ocelot; chip name from AWS's Feb 2025 announcement of the same Nature paper.
aws-dualrail,dual_rail,in stage-1 register,"2026: single-shot erasure check 384 ns, residual 6.0(2)e-4/check, induced dephasing 8(3)e-5; continuous parallel checks with median 7.2e-5 per X90 (2023: <0.1% dephasing per check, ms-scale logical coherence)",n/a (erasure checks + post-selection; no decoder),aws-dualrail,demonstrated,prep;detect,single transmon dual-rail (2 resonantly coupled tunable transmons); 2026 device adds a symmetrically coupled readout resonator (SRO),builder: AWS / Amazon Center for Quantum Computing,2023,https://arxiv.org/abs/2604.16292,yes,"Dual-rail TRANSMONS, single qubit; first paper Levine et al. arXiv:2307.08737 (PRX 14, 011051, 2024). No multi-qubit code yet. 7.2e-5 is the median X90 residual error after erasure post-selection, not a logical error of a code."
aliceandbob-boson-4,two-legged-cat,in stage-1 register,"single two-component dissipative cat: bit-flip lifetime >7 min (430 s, 2024 record for a superconducting qubit); Z gate preserving bias",n/a (no code beyond the cat encoding),ab-roadmap,demonstrated,prep,"Boson 4 (single dissipative cat qubit, cloud since May 2024)",builder: Alice & Bob,2024,https://alice-bob.com/wp-content/uploads/2024/12/Alice-Bob-Roadmap-Long-Version.pdf,yes,"Roadmap PDF: Boson 4 = 1 cat qubit, 0 logical qubits; 430 s figure from A&B release of 25 Sep 2025. Bit-flip protection only; phase flips uncorrected."
aliceandbob-helium-2,two-legged-cat,in stage-1 register,"bit-flip 33-60 min (95% CI) at mean photon number 11; Z gate 94.2% in 26.5 ns; preliminary, no paper",not published,ab-bitflip,demonstrated,prep,"Helium 2 ('Galvanic Cat', 12-cat-qubit chip)",builder: Alice & Bob,2025,https://alice-bob.com/newsroom/alice-bob-surpasses-bit-flip-stability-record/,yes,"Preliminary results in a press release only (no arXiv). Release does not mention transmon-free design, squeezing or phase-flip time."
aliceandbob-helium,cat_repetition,in stage-1 register,"roadmap Helium target: 12-18 cat qubits, 1 logical qubit, 1.5 us cycle, logical error 1e-2; no logical error rate published for the deployed system",not published,,planned,planned,Helium on-premise system (18 cat qubits -> 1 logical qubit),builder,2026,https://alice-bob.com/wp-content/uploads/2024/12/Alice-Bob-Roadmap-Long-Version.pdf,yes,"Change use to planned: the roadmap names the repetition code for the Helium series ('the cat qubit's signature error correction scheme, the repetition code'), but the 18 Jun 2026 Helium release names no code and publishes no logical data, so no demonstration on this machine yet."
aliceandbob-helium,two-legged-cat,in stage-1 register,inner layer of the Helium logical qubit: dissipative two-component cats,,,planned,planned,Helium on-premise system (18 cat qubits),builder,2026,https://alice-bob.com/newsroom/alice-bob-unveils-first-quantum-system/,yes,Release: 'first logical qubit with as few as 18 cat qubits'. Added for consistency with the Ocelot inner/outer split; drop if the register lists only the outer code.
aliceandbob-graphene,ldpc_cat,in stage-1 register,"roadmap: LDPC connectivity of up to 5 neighbours per cat, 3.5x fewer qubits than the repetition architecture for RSA-2048; LDPC-cat design point (arXiv:2401.09541) 100 logical at <=1e-8 on 758 cats","BP+OSD (simulation, in the LDPC-cat paper)",ab-roadmap,planned,planned,"Graphene (2,000 cat qubits, 100 logical qubits, 1e-6, 2030)",builder,2024,https://alice-bob.com/wp-content/uploads/2024/12/Alice-Bob-Roadmap-Long-Version.pdf,yes,"Roadmap Milestone 5 cites Ruiz et al. LDPC-cat codes (arXiv:2401.09541) as the Graphene layer. The 758-cat figure is the paper's design point, not the Graphene spec (2,000 cats)."
nordquantique-gkp,gkp,in stage-1 register,"square-lattice single-mode grid code, autonomous sBs QEC: 8.1(2)e-3 logical error per 2.5 us round with no post-selection; SPAM 7(7)e-4 (survival 0.24/0.39); H-type magic SPAM 8(5)e-3 (survival 0.16)","autonomous sBs stabilisation with dissipative auxiliary reset (no decoder, no feedback)",nq-spam,demonstrated,prep;memory;magic,"single-mode storage of a double-post aluminium cavity + auxiliary transmon (Delta=0.38, n~2.96)",builder: Nord Quantique,2024,https://arxiv.org/abs/2607.06718,yes,"Square lattice confirmed (stabiliser length 2*sqrt(pi)); not hexagonal. Earlier builder paper: Lachance-Quirion et al., autonomous QEC of GKP states, PRL 132, 150607 (2024). Magic states are prepared by post-selected stabilisation, not distilled."
nordquantique-tesseract,multimodegkp,in stage-1 register,first multimode grid code: 6 logical states F_L=0.86; autonomous two-mode sBs 2.1(1)e-2/round (2.77 us); full-erasure post-selection: no observable logical decay over 32 rounds at 12.6(2)% rejection/round,autonomous two-mode sBs + mid-circuit auxiliary measurements used as erasure flags (post-selection),,demonstrated,prep;detect;memory,"two modes of one double-post 3D cavity + one auxiliary transmon (Delta=0.45, ~2 photons/mode)",builder: Nord Quantique,2025,https://www.nordquantique.com/wp-content/uploads/2026/02/Nord_Quantique_-_Tesseract_Technical_Paper.pdf,yes,"Keep family id only as parent: the exact code is the tesseract (hypercubic) two-mode GKP code of Royer-Singh-Girvin (PRX Quantum 3, 010335), see tesseract_gkp row. Register's ref nq-spam (arXiv:2607.06718) is the single-mode paper and does not report Tesseract; use the May 2025 technical paper (no arXiv version found)."
nordquantique-tesseract,tesseract_gkp,in stage-1 register,"32 autonomous QEC rounds with no observable logical decay under full-erasure post-selection (12.6% rejection/round, 1.3% survival at 32 rounds); 2.1(1)e-2/round without post-selection",autonomous two-mode sBs; confidence flags from mid-circuit measurements; post-selection only,,demonstrated,prep;detect;memory,two modes of one double-post 3D cavity + one auxiliary transmon,builder: Nord Quantique,2025,https://www.nordquantique.com/wp-content/uploads/2026/02/Nord_Quantique_-_Tesseract_Technical_Paper.pdf,yes,"Do NOT map to dfour_gkp: codes-list alias calls D4 'the closest zoo match to the Tesseract', but Royer-Singh-Girvin treat D4 and tesseract as distinct two-mode lattices (D4 = diamond GKP + repetition along Y; tesseract = rectangular GKP + repetition along Z). Fix that alias."
qci-seeker-8,dual_rail,in stage-1 register,"erasure-detected CZ (SWAP-Wait-SWAP, ~500 ns): erasure 0.53(2)%/gate, post-selected residual <=0.1%/gate (0.03% from repeated-Bell fit), bit flips < few ppm; logical SPAM ~2e-4",n/a (erasure-detected measurements + post-selection; no outer code),qci-gate,demonstrated,prep;detect;logic,QCI dual-rail cavity system (pairs of 3D coaxial cavities + SQUID-transmon couplers),"builder: Quantum Circuits Inc., now D-Wave",2023,https://arxiv.org/abs/2503.10935,partial,"Dual-rail CAVITIES. Papers (Chou et al. arXiv:2307.03169, Nat. Phys. 2024; QCI team arXiv:2503.10935, Nature 2026 per register) do not name Aqumen Seeker; device-to-product mapping inferred from builder and architecture. No error-correcting code beyond the dual-rail encoding demonstrated."
dwave-dualrail-17,dual_rail,in stage-1 register,physical encoding only: D-Wave describes its gate-model line as 'dual-rail superconducting gate-model technology ... designed to harness error detection to deliver efficient quantum error correction',not specified,,planned,planned,announced 17-qubit dual-rail gate-model system,builder,2026,https://www.dwavequantum.com/company/newsroom/press-release/d-wave-launches-gate-model-simulator-beta-program-advancing-error-aware-programming-capabilities/,partial,Fetched D-Wave release (1 Oct 2026) names dual-rail but not the 17-qubit system or any outer QEC code (no surface/erasure-surface code named). The 17/49/181 roadmap figures could not be re-fetched (D-Wave gate-model page 404; search budget exhausted). Keep codes column empty for outer codes.
sustc-biased-erasure,fock_0n,in stage-1 register,"02 qubit: erasure bias >265; post-selected logical T1 6.2 ms, T2 3.1 ms (31x, 15x below erasure rate); gain ~6.0 over {0,1} break-even; RB residual 2.9e-3/gate",n/a (mid-circuit parity erasure checks + post-selection),,demonstrated,prep;detect;logic,single 3D coaxial stub cavity + transmon ancilla,"builder: SUSTech / IQA Shenzhen, Y. Xu & D. Yu group",2026,https://arxiv.org/abs/2601.21616,yes,"Error detection only (post-selection), no outer code; XZZX concatenation is only proposed. 0N naming follows the paper (refs Sabapathy-Weedbrook ON states; Sahay et al. biased erasure)."
quantinuum-h1,css_4_1_2,in stage-1 register,"[[4,1,2]] genon code: full single-qubit Clifford group by genon braiding (qubit permutation + local Cliffords), logical RB to depth 512 with survival >99.2%",post-selection (error detection),,demonstrated,prep;detect;logic,H1-1,builder,2024,https://arxiv.org/abs/2406.09951,yes,"Burton, Durso-Sabina, Brown. Non-CSS genon presentation; paper states it is local-Clifford equivalent to the [[4,1,2]] triangular colour code - mapping to the LNCY [[4,1,2]] id assumes that equivalence"
quantinuum-h1,dfs_qec_10_1_4,in stage-1 register,"[[10,1,4]] memory to ~23 s with a QEC cycle every 2.89 s: ~10x process-fidelity lifetime over a physical qubit (~20x with post-selection); per-cycle logical error ~5e-2","real-time lookup table (Rust/Wasm, 75 us per call) with active correction",,demonstrated,prep;detect;memory,H1,builder,2025,https://arxiv.org/abs/2503.22107,partial,Dasu et al.; paper says 'a Quantinuum H1 quantum computer' with 20 qubits / 5 gate zones - H1-1 vs H1-2 not stated
quantinuum-h1,iceberg,in stage-1 register,"[[10,8,2]] iceberg on all 12 qubits of H1-2: 8 logical qubits, mirror circuits to 256 layers, logical quantum volume 2^8 passed (86.8% discard)",post-selection (error detection),,demonstrated,prep;detect;algo,H1-2,builder,2022,https://arxiv.org/abs/2211.06703,yes,"Self/Benedetti/Amaro (Quantinuum). New id: the [[k+2,k,2]] family is distinct from its k=2 seed stab_4_2_2; also [[6,4,2]] iceberg Bayesian QPE for H2 on H1-1 (920 2Q gates, 0.006 Ha error; Yamamoto et al. arXiv:2306.16608)"
quantinuum-h1,stab_16_6_4,in stage-1 register,"[[16,4,2,4]] tesseract subsystem code: Path-4 encoded graph state with in-block targeted logical CNOT, 0.10% vs 1.5% unencoded (15x), 90% acceptance",flag-based correction with post-selection on detected uncorrectable faults,,demonstrated,prep;detect;logic,H1,builder with partners: Microsoft + Quantinuum,2024,https://arxiv.org/abs/2409.04628,yes,"Reichardt et al.: Path-4 ran on H1 (20 qubits; paper names H1, not H1-1/H1-2); the other tesseract experiments ran on H2"
quantinuum-h1,stab_4_2_2,in stage-1 register,"two [[4,2,2]] (C4) logical qubits: ground state of a catalytic active space prepared with teleported RY rotations; energy -2.0801(5) Ha vs exact -2.08025 (unencoded -2.0793), ~47% acceptance",post-selection (error detection),,demonstrated,prep;detect;algo,H1-1,third party: Microsoft,2024,https://arxiv.org/abs/2409.05835,yes,Microsoft Azure Quantum chemistry workflow; paper says 'Quantinuum's H1' and thanks 'the H1-1 hardware team'
quantinuum-h1,stab_5_1_3,in stage-1 register,"two [[5,1,3]] logical qubits on 12 qubits: non-transversal pieceable-FT round-robin logical CNOT with flagged syndrome extraction; worse than physical",real-time lookup table (Rust compiled to Wasm),,demonstrated,prep;logic,H1-2,builder,2022,https://arxiv.org/abs/2208.01863,yes,Paper states the five-qubit code ran on H1-2 and the colour code on H1-1
quantinuum-h1,stab_6_2_2,in stage-1 register,"[[6,2,2]] H6/C6 code, 8 qubits: two |H+> magic states, infidelity 7e-5 at 14.8% discard; fault-tolerant logical controlled-H <=2.3(9)e-4 vs physical >=1.0e-3 (break-even non-Clifford)",offline post-selection (error detection),,demonstrated,prep;detect;logic;magic,H1-1,builder,2025,https://arxiv.org/abs/2506.14688,yes,"Fixed: best_instance/decoder were a merged H1 blurb; this is a d=2 detection code with post-selection, not real-time lookup-table decoding; ref azure-quantinuum -> primary paper (Dasu et al.)"
quantinuum-h1,stab_8_3_2,in stage-1 register,"[[8,3,2]] colour code: fault-tolerant one-bit addition with transversal CCZ and permutation CNOT; arithmetic error 1.1(7)e-3 vs 9.5e-3 unencoded, ~10% discard",post-selection (error detection),,demonstrated,prep;detect;logic;algo,H1-1,builder,2023,https://arxiv.org/abs/2309.09893,yes,Wang et al. (QuTech + Quantinuum)
quantinuum-h1,steane,in stage-1 register,"[[7,1,3]] on 10 qubits: up to 6 adaptive FT QEC cycles at 1.75(4)e-2 logical error/cycle; logical SPAM 1.7e-3 vs physical 2.4e-3; T|+> magic state error 2.2(6)%",real-time two-stage lookup table (extended OpenQASM; Rust/Wasm co-processor from 2022),,demonstrated,prep;memory;logic;magic,H1-1,builder,2021,https://arxiv.org/abs/2107.07505,partial,"Fixed: best_instance no longer mixes in the [[6,2,2]] result; ref azure-quantinuum -> primary paper. 2021 paper says 'ten qubit QCCD' (Honeywell H1, 10 qubits in 2021); the 2022 follow-up arXiv:2208.01863 names H1-1 for the [[7,1,3]] transversal logical CNOT (SPAM fidelity 0.99939/0.99959, better than physical); logical transversal CNOT RB 0.9991(2) on H1-1 (Mayer et al. arXiv:2404.08616)"
quantinuum-h1,toric,in stage-1 register,"[[8,2,2]] toric code: logical CX by Dehn twist, fidelity 0.9998 post-selected; [[10,2,3]] cyclic toric code (double of [[5,1,3]]): lifted CX*SWAP 0.997 with lookup decoding","post-selection ([[8,2,2]]); offline circuit-specific lookup table ([[10,2,3]])",,demonstrated,prep;detect;logic,H1-1,builder,2023,https://arxiv.org/abs/2406.09951,yes,"Genus-one (a,b)=(2,2) and (1,3) cyclic/twisted toric codes - symplectic doubles of genon codes; the [[10,2,3]] is the same code later used as the Helix outer code | also 2023: rotated toric code on a 4x4 torus ([[16,2,4]]) prepared in constant depth by measurement + real-time feed-forward; stabilizers ~0.93; logical strings measured (https://arxiv.org/abs/2302.01917)"
quantinuum-h2,4d_surface,in stage-1 register,"[[33,1,4]] 4D surface code (L=2), 53 of 56 qubits, up to 4 single-shot rounds, bare ancillas: logical error/cycle 2.1(6)e-3 (|0>), 2.6(8)e-3 (|+>)","BP+OSD with (1,1) overlapping window (offline); optional metacheck post-selection",,demonstrated,prep;detect;memory,H2-1,builder with partners: UMD/NIST + Quantinuum,2024,https://arxiv.org/abs/2408.08865,yes,"Fixed: ref teleport -> Berthusen et al.; decoder BP+OSD offline, not matching/lookup"
quantinuum-h2,carbon,in stage-1 register,"[[12,2,4]] carbon: logical Bell pairs 0.17% (4.7x) / 0.001% with post-selection (800x); 3 rounds of EC via 1-bit teleportation 0.5% vs 1.2-2.5% physical baselines",correction + post-selection on final measurements (offline),,demonstrated,prep;detect;memory;logic,H2,builder with partners: Microsoft + Quantinuum,2024,https://arxiv.org/abs/2404.02280,yes,Paetznick et al.; paper says H2 (no H2-1/H2-2 split). Zoo also lists a later up-to-10-round carbon run (not pinned to a primary source here)
quantinuum-h2,generalized_shor,in stage-1 register,zero-ancilla-overhead FT state preparation to depth T=5 (32 qubits) with added heralded noise: threshold crossing between e=0.06 and 0.09 and sub-threshold suppression with depth,offline tensor-network 'stacked probability passing' decoder,,demonstrated,prep,H2,builder with partners: Princeton + UMD/NIST + Quantinuum,2025,https://arxiv.org/abs/2506.00579,yes,"Sommers, Foss-Feig, Hayes, Huse, Gullans - first observed threshold with concatenated codes; run on the 32-qubit H2 configuration"
quantinuum-h2,iceberg,in stage-1 register,iceberg QAOA MaxCut with up to 24 logical qubits on 26 physical (813 2Q gates); encoded beats unencoded up to k=20 (fidelity 0.901 vs 0.877),post-selection (error detection),,demonstrated,prep;detect;algo,H2-1,builder with partners: JPMorganChase + Quantinuum,2024,https://arxiv.org/abs/2409.12104,yes,He/Amaro/Shaydulin/Pistoia; H2-1 at 32 qubits
quantinuum-h2,lr_enhanced_surface,in stage-1 register,"[[25,4,3]] qLDPC: 4-logical-qubit GHZ via fold-swap permutation CNOTs, fidelity 99.5-99.7% vs physical 97.8-98.7% (beyond break-even), ~98% kept; 32-qubit H2",BP+OSD (offline),,demonstrated,prep;detect;logic,H2,builder with partners: CU Boulder + Quantinuum,2024,https://arxiv.org/abs/2406.02666,yes,"Hong, Durso-Sabina, Hayes, Lucas. Derived from a [[34,4,3]] hypergraph product by quantum Tanner transformation, so not a plain hypergraph_product instance"
quantinuum-h2,quantum_double,in stage-1 register,"D4 topological order ground state on 27 qubits by adaptive circuit, fidelity per site >=98.4%; logical string operators measured, all 22 ground states reached by tunnelling non-Abelions",real-time feed-forward (Abelian anyon pairing),,demonstrated,prep,H2,builder with partners: Harvard + Caltech + Quantinuum,2023,https://arxiv.org/abs/2305.03766,yes,"Iqbal, Tantivasadakarn, Verresen et al. Topological-order study (scope prep only): logical operators measured but no error correction; 15% heralded discard"
quantinuum-h2,qubit_golay,in stage-1 register,"FT |0> preparation by flag-at-origin circuit: logical SPAM 3.3e-4 (2 errors / 6140 accepted) at 47.2% acceptance on H2-1, below physical |0> SPAM 6.0e-4; H2-2 5.2e-4",offline circuit-level ML lookup table + minimum-weight LUT,,demonstrated,prep;detect,H2-1;H2-2,builder,2025,https://arxiv.org/abs/2508.14200,yes,Forlivesi & Amaro (Quantinuum)
quantinuum-h2,stab_15_1_3,in stage-1 register,"code switching [[15,1,3]] qRM -> [[7,1,3]] Steane: |T> infidelity <=5.1(2.7)e-4 at 82.58% acceptance (1.5e-4 with post-selection); 28 qubits, 56 for two-copy certification",offline lookup table on final measurements; pre-selection on flags and qRM syndromes,,demonstrated,prep;logic;magic,H2-1,builder with partners: UC Davis + Sandia + Quantinuum,2025,https://arxiv.org/abs/2506.14169,yes,"Fixed: ref teleport -> Daguerre et al.; decoder is offline (no classically controlled ops), not real-time. Third-party (UC Davis / Sandia) with Quantinuum co-authors"
quantinuum-h2,stab_16_6_4,in stage-1 register,"[[16,4,2,4]] tesseract: 12-logical-qubit cat state over 3 blocks at 0.11% (22x); 5 EC rounds on 4 logicals 0.11% (24x) and on 8 logicals 0.7% (8x); Cube-8 0.2% (11x)",flag-based lookup correction with post-selection on uncorrectable syndromes (offline),,demonstrated,prep;memory;logic,H2,builder with partners: Microsoft + Quantinuum,2024,https://arxiv.org/abs/2409.04628,yes,"Subsystem form [[16,4,2,4]] of [[16,6,4]]; paper's Table II calls it a [[16,4,4]] code loosely - it is not the [[16,4,4]] twisted colour code (stab_16_4_4)"
quantinuum-h2,steane,in stage-1 register,"[[7,1,3]] logical teleportation on 30 qubits: transversal 0.975(2) vs lattice surgery 0.851(9) process fidelity, Knill-style gadget 0.989(2); Bell pair 9.8x (QEC) to 500x (QED) below physical",real-time lookup table,,demonstrated,prep;logic;magic,H2-1;H2-2,builder,2024,https://arxiv.org/abs/2404.16728,yes,"Fixed: best_instance was a merged H2 blurb (codes [[15,1,3]], [[12,2,4]], tesseract belong to their own rows). Also: Steane Bell pairs with Microsoft (arXiv:2404.02280, H2); [[15,1,3]]->[[7,1,3]] code switching magic state on H2-1 (arXiv:2506.14169); JPMorgan + Quantinuum ran fault-tolerant Steane-code QAOA/HHL with logical T gates (2.6e-3 per T on H2-1) on H2-1 and H2-2 (arXiv:2603.04584); logical 3-qubit QFT with logical T on H2-1 (arXiv:2404.08616); QPE for H2 molecule with mid-circuit Steane QEC on H2-2 (arXiv:2505.09133)"
quantinuum-h2,surface,in stage-1 register,"[[25,1,4]] unrotated planar surface code (L=4) memory baseline: 2.8(1.0)e-3 per non-FT round, 1.7(7)e-2 per FT (4-round) cycle",BP+OSD overlapping window (offline),,demonstrated,prep;memory,H2-1,builder with partners: UMD/NIST + Quantinuum,2024,https://arxiv.org/abs/2408.08865,yes,"Comparison baseline in the 4D-surface-code paper; [[25,1,4]] = L^2+(L-1)^2 planar (unrotated) patch"
quantinuum-helios,iceberg,in stage-1 register,"I_94 = [[96,94,2]]: 94-logical-qubit GHZ ~95% fidelity; I_48 FT SPAM >10x below physical; logical gates (U_ZZ, FANOUT) 1.0-1.2e-4 vs 7.9e-4 physical 2Q; pFT 3D XY model on 64 logical",post-selection (error detection),,demonstrated,prep;detect;logic;algo,Helios,builder,2026,https://arxiv.org/abs/2602.22211,yes,Dasu/DeCross et al. 98-qubit Helios
quantinuum-helios,many_hypercube,in stage-1 register,"two-level concatenated iceberg I_8∘I_6 = [[80,48,4]]: 48 logical qubits, QEC-cycle infidelity per logical qubit <4e-5 (0 errors / 5000 shots) at 0.62 acceptance; logical GHZ with 0 errors",offline decoding with post-selection of uncorrectable weight-2 faults,,demonstrated,prep;detect;memory;logic,Helios,builder,2026,https://arxiv.org/abs/2602.22211,yes,"Paper: 'concatenated iceberg codes that generalize many-hypercubes codes to variable code block sizes' - [[80,48,4]] is a generalised (non-self) concatenation, not the [[6^r,4^r,2^r]] instance"
quantinuum-helios,stab_16_4_4,in stage-1 register,"I_2∘I_2 = [[16,4,4]] (L=2 C4 many-hypercube = [[16,4,4]] code): repeated QEC memory infidelity 2e-5 per logical qubit per cycle, acceptance 0.972 per cycle (up from 0.945 at d=2)",offline decoding with post-selection,,demonstrated,prep;detect;memory,Helios,builder,2026,https://arxiv.org/abs/2602.22211,yes,"Identity with the register's stab_16_4_4 rests on arXiv:2510.18753 (C4-CSD [[16,4,4]] isomorphic to L=2 C4 many-hypercube code). Note: code_usage_map row assigning stab_16_4_4 to the Microsoft Nature 2026 paper is a mislabel - that paper's 16-qubit code is the [[16,4,2,4]] tesseract (stab_16_6_4)"
quantinuum-helios,stab_4_2_2,in stage-1 register,"two copies of [[4,2,2]] (I_2) memory: <4e-5 infidelity, acceptance 0.945 per cycle; also inner code of the [[20,2,6]] C4-Helix code",post-selection (error detection),,demonstrated,prep;detect;memory,Helios,builder,2026,https://arxiv.org/abs/2602.22211,yes,"Fixed: best_instance described iceberg [[2m,2m-2,2]]/concatenated codes (now their own rows: iceberg, stab_16_4_4, many_hypercube); ref helios-nature -> Dasu/DeCross et al. The '94.9% GHZ' figure: paper says ~95% GHZ fidelity in I_94 - consistent"
quantinuum-helios,steane,in stage-1 register,"fault-tolerant Steane-code QAOA (LABS to N=9; portfolio optimisation on 12 logical / 97 physical, 2132 2Q gates, better than random) and HHL with active QEC cycles; FT logical T gate 2.6e-3",real-time Pauli-frame lookup with RUS (Guppy runtime),,demonstrated,logic;magic;algo,Helios,builder with partners: JPMorganChase + Quantinuum,2026,https://arxiv.org/abs/2603.04584,yes,Perlin/He et al.; same paper also ran on H2-1 and H2-2
quantinuum-helios,stellated_dodecahedron_css,in stage-1 register,"[[30,8,3]] Bring code, 8-logical memory, 3 QEC rounds: 0.925(38)% logical error vs 4.95(67)% undecoded (5.4x)",real-time GPU BP+OSD over NVQLink (67 us median) with feed-forward,,demonstrated,memory,Helios,builder with partners: NVIDIA + Quantinuum,2025,https://developer.nvidia.com/blog/nvidia-nvqlink-architecture-integrates-accelerated-computing-with-quantum-processors,yes,"NVIDIA tech blog (Nov 17 2025) with data; Quantinuum blog (Mar 16 2026) confirms 'Brings' code' on Helios. This is the register's 'GPU-accelerated BP-OSD 67 us, 5.4x' decoder claim - it belongs to Bring's code, not to iceberg/[[4,2,2]]"
quantinuum-helix,c4_helix,in stage-1 register,"[[20,2,6]] memory 4.6e-5 per logical qubit per cycle, 20 rounds (9.3e-6 with 0.4% gap post-selection); 2-qubit logical Clifford RB 2.8e-4 vs 1.2e-3 physical",Frontier decoder (offline; confidence-gap post-selection optional),,demonstrated,prep;memory;logic,Helios,builder,2026,https://arxiv.org/abs/2609.03194,yes,Berthusen ... Potter (Quantinuum). Distinct from stab_6_2_2: the code_usage_map row filing C4-Helix under stab_6_2_2 is a mislabel. Code construction from arXiv:2510.18753
quantinuum-helix,rotated_surface,in stage-1 register,"[[25,1,5]] rotated surface code linked to C4-Helix by a depth-2 chain-map CNOT: heterogeneous 3-logical-qubit GHZ fidelity >=99.925% vs physical >=99.537%",Frontier decoder over full circuit (offline),,demonstrated,prep;logic,Helios,builder,2026,https://arxiv.org/abs/2609.03194,yes,Interface to a magic-state-capable code; the surface code acts as the magic-state source code in the proposed architecture
quantinuum-helix,toric,in stage-1 register,"[[10,2,3]] twisted toric code (outer code of C4-Helix) memory: 2.1e-4 per logical qubit per cycle, 4.5x worse than after C4 concatenation",Frontier decoder (offline),,demonstrated,prep;memory,Helios,builder,2026,https://arxiv.org/abs/2609.03194,yes,"Twisted/cyclic toric code (a,b)=(1,3) = symplectic double of [[5,1,3]]; mapped to 'toric' (register's toric is the [[2L^2,2,L]] untwisted family) - consider a twisted_toric id"
quantinuum-sol,iceberg,in stage-1 register,"builder roadmap: '[[k+2,k,2]] iceberg code ... well-suited for Helios and Sol' (variable-angle logical ZZ without magic-state distillation)",,,planned,planned,Sol,builder,2024,https://www.quantinuum.com/blog/technical-perspective-by-the-end-of-the-decade-we-will-deliver-universal-fault-tolerant-quantum-computing,yes,Quantinuum technical-perspective roadmap blog (Sep 17 2024); no other code is designated for Sol in builder sources found
quantinuum-apollo,c4_helix,in stage-1 register,"builder: 'Helix provides a foundation for Apollo, combining efficient logical gates, multiple QEC encodings'; simulations put [[20,2,6]] at 1e-6-1e-8 logical error with Apollo-level fidelities",,,planned,planned,Apollo,builder,2026,https://www.quantinuum.com/blog/helix-a-new-architecture-for-enterprise-scale-fault-tolerant-quantum-computing,yes,"Helix blog (Sep 8 2026). The Sep 2024 roadmap names no specific Apollo code ('as new codes are developed, Apollo will be able to accommodate them'); the register's 'paired with dedicated magic-state-distillation codes' is not pinned to a named code - higher-distance variants [[60,2,12]] Carbon-Helix / [[100,2,18]] Double-Helix are proposed in arXiv:2609.03194 without naming Apollo"
ionq-aria,quantum_repetition,in stage-1 register,"3-qubit bit-flip repetition code encode + syndrome onto 2 ancillas, code-space post-selection; used to reshape native MS-gate noise into a logical channel",post-processing (no mid-circuit measurement),,demonstrated,prep;detect,IonQ Aria-1 (Amazon Braket),"third party: Imperial College London (Ma, Hanks, Gneusheva, Kim)",2024,https://arxiv.org/abs/2411.00751,yes,"borderline: authors state the aim is noise reshaping for open-system simulation, not error correction; keep only if the register counts encoded-state + check-measurement experiments regardless of purpose"
ionq-aria,stab_4_2_2,in stage-1 register,"[[4,2,2]] ancilla-free FT Deutsch-Jozsa, all 4 oracles: statistical distance cut ~89% on average vs bare (worst oracle -60±12%), post-selection ratio ~0.95; also 8 FT-encoded entangled states",post-selection on even parity (offline),,demonstrated,detect;algo,"IonQ Aria-1 (Amazon Braket, verbatim native-gate compilation)",third party: Dayalbagh Educational Institute (Singh; Prakash),2024,https://arxiv.org/abs/2412.04791,yes,"Third-party cloud run on Aria-1 (Braket); 4096 shots per circuit, error mitigation disabled."
ionq-forte,hagiwara_nakayama_deletion,in stage-1 register,"4-qubit single-deletion code, 4 tetrahedral inputs x 4 deletion positions: mean recovery 0.911 / 0.923 in two windows (>2/3 reference); recovery minus adjoint-decoder control 0.446 / 0.443","coherent measurement-free decoder (unitary, on-circuit)",,demonstrated,prep,"IonQ Forte Enterprise 1 (Amazon Braket, 5 virtual wires)",third party: MIGAL / Tel-Hai University (Essayag; Zabokritskiy),2026,https://arxiv.org/abs/2608.26010,yes,"Deletion is synthetic (carrier parked and marginalized = subsystem discard in the circuit model), so this is single-shot encode/delete/recover, not repeated syndrome cycles. No unencoded baseline. Caller to decide whether a deletion code belongs in the register."
ionq-forte,holographic,in stage-1 register,"[[25,11,3]] HaPPY reduced to [[8,2,3]]: encode, boundary recovery, tomography of boundary/bulk entropies - FLM formula test; two-sided 2x[[8,2,3]] on 16 qubits",recovery circuits + MLE tomography (no syndrome-based correction),,demonstrated,prep,IonQ Forte (access via UMD National Quantum Laboratory),"builder with partners: Duke Quantum Center + Virginia Tech + UMD QLab + IonQ + Caltech (Biswas, Cao, Noel et al.)",2026,https://arxiv.org/abs/2607.12047,yes,"code used as a holography testbed: encoding/recovery verified by entropies, no stabilizer-based error correction - scope prep"
ionq-forte,iceberg,in stage-1 register,"FT iceberg Toffoli (transversal-H variant): 99.17-99.75% vs 98.49-98.54% unencoded, above break-even in 3/3 runs at 80-87% rejection; 30 working + 6 ancilla qubits",post-selection (error detection),,demonstrated,prep;detect;logic;algo,"36-qubit trapped-ion device without mid-circuit measurement, via AWS (= IonQ Forte-1 on Amazon Braket)","third party: KBR Inc. (Riffel, Robertson, Hendrickson)",2026,https://arxiv.org/abs/2604.13219,partial,"paper says only 'a leading trapped-ion quantum computer' with 36 qubits, no MCM, AWS access; Forte-1 is the only 36-qubit no-MCM trapped-ion device on Braket - inference"
ionq-forte,stab_5_1_3,in stage-1 register,"two [[5,1,3]] blocks with entangled logical qubits (10 qubits), encode + Clifford recovery on boundary subregion, tomography","recovery circuit, offline tomography",,demonstrated,prep,IonQ Forte (via UMD QLab),builder with partners: Duke/Virginia Tech/UMD/IonQ (Biswas et al.),2026,https://arxiv.org/abs/2607.12047,yes,"holography experiment ('wormhole' analogue), not an error-correction test; scope prep only"
ionq-forte,steane,in stage-1 register,"[[7,1,3]] flag-verified prep + Steane-style syndrome extraction (2 ancilla blocks); continuous-angle logical Z rotation via transversal R_Z + EC; 1- and 2-round logical tomography","offline lookup decoding of Steane syndromes, corrections deferred to post-processing (no feed-forward on Forte)",,demonstrated,prep;logic,IonQ Forte (36-qubit register),"builder with partners: JQI/UMD (E. Huang, M. Gullans) with IonQ",2026,https://arxiv.org/abs/2608.20676,yes,"Forte had no mid-circuit measurement in this work, so ancilla blocks are fresh qubits each round; two-round run used X-syndromes only"
ionq-ba133-qldpc-testbed,generalized_bicycle,in stage-1 register,"GB4 [[26,2,5]] 0.91(17)% per cycle per logical (Z basis), lifetime 3.95(68) s vs physical 3.84(48) s (break-even); GB4 [[16,2,4]] 1.05% (Z); 1-6 SE cycles","beam decoder (width 32, 340 iterations; Ye & Delfosse), offline; leakage-flagged shots post-selected",ionq-qldpc,demonstrated,memory,40-ion Ba-133 stationary chain with OMG mid-circuit measurement (IonQ: 'Tempo engineering test system'),builder,2026,https://arxiv.org/abs/2606.06455,yes,"v2 (14 Sep 2026); GB instances: [[16,2,4]] and [[26,2,5]] (weight-4 checks)"
ionq-ba133-qldpc-testbed,qcga,in stage-1 register,"BB5 [[18,4,3]] 1.95%/1.10% per cycle per logical (X/Z), 4x/9x below the transmon BB6 [[18,4,4]]; also BB5 [[24,4,4]] and [[30,4,5]]","beam decoder (width 32, 340 iterations; Ye & Delfosse), offline; leakage-flagged shots post-selected",,demonstrated,memory,40-ion Ba-133 stationary chain with OMG mid-circuit measurement (IonQ: 'Tempo engineering test system'),builder,2026,https://arxiv.org/abs/2606.06455,yes,"weight-5 bivariate bicycle instances [[6d,4,d]], d=3,4,5 (Ye-Delfosse BB5 family)"
ionq-ba133-qldpc-testbed,rotated_surface,in stage-1 register,"rotated toric (periodic rotated surface) [[16,2,4]] 1.40%/0.97% per cycle per logical (X/Z)","beam decoder (width 32, 340 iterations; Ye & Delfosse), offline; leakage-flagged shots post-selected",,demonstrated,memory,40-ion Ba-133 stationary chain with OMG mid-circuit measurement (IonQ: 'Tempo engineering test system'),builder,2026,https://arxiv.org/abs/2606.06455,yes,"periodic variant [[L^2,2,L]] at L=4 (rotated toric code), not a planar patch"
ionq-ba133-qldpc-testbed,stab_16_4_4,in stage-1 register,"[[4,2,2]] concatenated with itself = [[16,4,4]]: 2.61%/2.07% per cycle per logical (X/Z)","beam decoder (width 32, 340 iterations; Ye & Delfosse), offline; leakage-flagged shots post-selected",,demonstrated,memory,40-ion Ba-133 stationary chain with OMG mid-circuit measurement (IonQ: 'Tempo engineering test system'),builder,2026,https://arxiv.org/abs/2606.06455,yes,"level-2 C4 concatenation (the register's alias for stab_16_4_4); not the [[16,6,4]] tesseract"
ionq-ba133-qldpc-testbed,stab_4_2_2,in stage-1 register,"unconcatenated [[4,2,2]] memory run as reference (survival curves, App. A); no gain from decoding at d=2","beam decoder (width 32, 340 iterations; Ye & Delfosse), offline; leakage-flagged shots post-selected",,demonstrated,detect;memory,40-ion Ba-133 stationary chain with OMG mid-circuit measurement (IonQ: 'Tempo engineering test system'),builder,2026,https://arxiv.org/abs/2606.06455,yes,reference instance alongside the concatenated code
ionq-ba133-qldpc-testbed,toric,in stage-1 register,"toric [[18,2,3]] 1.45%/0.76% per cycle per logical (X/Z)","beam decoder (width 32, 340 iterations; Ye & Delfosse), offline; leakage-flagged shots post-selected",,demonstrated,memory,40-ion Ba-133 stationary chain with OMG mid-circuit measurement (IonQ: 'Tempo engineering test system'),builder,2026,https://arxiv.org/abs/2606.06455,yes,standard toric code d=3
uibk-innsbruck-ion,css_4_1_2,in stage-1 register,"[[4,1,2]] blocks: lattice-surgery entangling of two logical qubits and logical teleportation (Erhard 2021); measurement-free modular teleportation 99.4(3)%/99.8(4)% prep fidelities (2025)",post-selection; coherent feedback in 2025,,demonstrated,prep;detect;logic,Innsbruck 10-ion trap (2021); 16-qubit compact AQTION demonstrator (2025),builder,2021,https://arxiv.org/abs/2006.03071,partial,"Erhard et al., Nature 589, 220 (2021) called it the 'surface code' minimal instance; 2025 instance in arXiv:2506.22600 (checked)"
uibk-innsbruck-ion,holographic,in stage-1 register,"pentagon HaPPY [[12,4,3]]: stabilizer/logical expectation avg 0.58(2), DFE fidelity 0.309(13), logical X/H/CZ, single-error syndromes, partial bulk decoding; heptagon code (two contracted Steane codes) transversal-H with Pauli-frame fix",lookup syndromes; Pauli-frame update in post-processing,,demonstrated,prep;detect;logic,"16-ion 40Ca+ chain, Innsbruck research device","builder with partners: Innsbruck (Ringbauer/Monz group) + Gdansk, Queensland, Macquarie",2026,https://arxiv.org/abs/2607.16503,yes,holographic codes are stabilizer codes; propose new id 'holographic'
uibk-innsbruck-ion,quantum_repetition,in stage-1 register,"3-qubit phase-flip repetition code, repeated (3 rounds) correction with ancilla reset","majority vote, coherent correction (Toffoli)",,demonstrated,memory,Innsbruck linear Paul trap (40Ca+),builder,2011,https://doi.org/10.1126/science.1203329,no,"Schindler et al., Science 332, 1059 (2011)"
uibk-innsbruck-ion,stab_10_1_2,in stage-1 register,"FT code switching [[7,1,3]] <-> [[10,1,2]]: T_L process fidelity 0.755(14) (FT, 51% acc.), [[10,1,2]]->[[7,1,3]] 0.877(15); logical Bell states incl. T via switching","lookup switching tables, flag post-selection; Pauli-frame updates offline (no mid-circuit decisions)",,demonstrated,prep;logic;magic,"16-ion 40Ca+ chain, Innsbruck (Pogorelov et al.)","builder with partners: Innsbruck + RWTH/FZJ (Butt, Mueller)",2024,https://arxiv.org/abs/2403.13732,yes,"Pogorelov et al., Nat. Phys. 21, 298 (2025). Not a 3D colour code instance: the 10-qubit code is the smallest code with a FT T, derived from the 15-qubit tetrahedral code"
uibk-innsbruck-ion,stab_5_1_3,in stage-1 register,"[[5,1,3]] full FT toolbox: flagged prep, real-time QEC on two logical qubits, FT logical measurement, teleportation, pieceable CZ/CY, magic-state injection (T_L state fidelity 96%, process 85(8)%)","lookup table + flag-based lookup, real-time",,demonstrated,prep;memory;logic;magic,"16-ion 40Ca+ chain, Innsbruck research device",builder with partners: Innsbruck + FZJ/RWTH + UAM-CSIC Madrid,2026,https://arxiv.org/abs/2609.22572,yes,first modular universal FT set on a non-CSS code
uibk-innsbruck-ion,stab_8_3_2,in stage-1 register,"[[8,3,2]] measurement-free FT universal set: logical H by coherent-feedback state injection, transversal CCZ; FT Grover search on 3 logical qubits in 8 physical",coherent (measurement-free) feedback; post-selection on stabilizers,innsbruck-steane,demonstrated,prep;detect;logic;magic;algo,"16-ion 40Ca+ chain, Innsbruck research device","builder with partners: Innsbruck + RWTH Aachen/FZ Juelich (Butt, Mueller)",2025,https://arxiv.org/abs/2506.22600,yes,"device is the University of Innsbruck 16-ion research device (Pogorelov et al. PRX Quantum 2, 020343), not an AQT IBEX product; T. Monz is co-affiliated with AQT"
uibk-innsbruck-ion,steane,in stage-1 register,"[[7,1,3]] FT universal gate set: flag-qubit FT prep, transversal Cliffords, FT T via magic-state injection (Postler 2022); FT Steane-type QEC with logical ancilla blocks (Postler 2024)","lookup table, real-time feed-forward in 2022-24 runs",,demonstrated,prep;detect;memory;logic;magic;algo,"Innsbruck 7-ion linear trap (2014); 16-qubit compact AQTION demonstrator, 40Ca+ (2022-2025)","builder with partners: Innsbruck (Blatt/Monz group) with Müller (RWTH/FZJ, theory)",2014,https://arxiv.org/abs/2111.12654,yes,"year corrected to 2014 (Nigg et al., Science 345, 302: 7-qubit colour code = Steane, logical gates). The [[8,3,2]] and [[10,1,2]] results quoted in the old best_instance belong to separate rows (stab_8_3_2, 3d_color). Steane QEC: arXiv:2312.09745"
umd-duke-ion,bacon_shor,in stage-1 register,"[[9,1,3]] Bacon-Shor: FT prep/measurement, logical gates, magic state above distillation threshold (Egan 2021); Shor- vs Steane-style EC on 23 ions, 0.34% post-selected LER (Huang 2024)","lookup / adaptive decoders, offline (no mid-circuit measurement)",,demonstrated,prep;memory;logic;magic,"EURIQA 15-ion chain (UMD, 171Yb+); Duke 23-ion chain (2024)",builder: UMD/Duke (Monroe/Brown/Cetina groups),2021,https://arxiv.org/abs/2009.11482,no,"decoder 'matching' corrected: lookup/adaptive decoders, offline (no mid-circuit measurement). Egan 2021 not re-fetched; the Duke 23-ion Shor-vs-Steane result (arXiv:2312.10851) was fetched and confirms the code and device"
umd-duke-ion,shor_nine,in stage-1 register,"[[9,1,3]] Shor code logical |+/-> prepared on 9 ions, 98.8(1)%/98.5(1)%; synthetic [[m^2,1,m]] up to m=7 from GHZ sampling","majority vote, post-processing",,demonstrated,prep,UMD 13-ion chain (171Yb+),builder: UMD (Linke group),2021,https://arxiv.org/abs/2104.01205,yes,"Nguyen et al., PR Applied 16, 024057 (2021)"
umd-duke-ion,stab_4_2_2,in stage-1 register,"[[4,2,2]] FT error detection with stabilizer readout on an ancilla; encoded Bell states",post-selection,,demonstrated,prep;detect,UMD 5-qubit 171Yb+ chain,"builder with partners: UMD/Duke (Linke, Monroe) with Brown",2017,https://arxiv.org/abs/1611.06946,no,"Linke et al., Sci. Adv. 3, e1701074 (2017)"
quera-gemini,488_color,in stage-1 register,"[[17,1,5]] d=5 4.8.8 colour code, 5 blocks (85 atoms): logical 5-to-1 magic-state distillation, injected 92.5% -> distilled 98.6% (full stabilizer + factory post-selection)","correlated decoding with MLE on the distillation syndromes, stabilizers also used as flags; offline",,demonstrated,prep;logic;magic,Gemini-class processor built and operated at QuEra (Boston),builder with partners: QuEra with Harvard/MIT,2024,https://arxiv.org/abs/2412.15165,yes,"Fix: only the d=5 instance is 4.8.8 ([[17,1,5]] = 4.8.8 at d=5; 6.6.6 d=5 would need 19). The d=3 instance is [[7,1,3]] - filed as steane. The '5 d=5 logical qubits' layout IS in the paper (Fig.1c, 85 atoms); 'two d=3 factories' = two parallel d=3 factory instances (70 atoms)."
quera-gemini,concatenated_steane,in stage-1 register,"[[49,1,9]] = [[7,1,3]] colour code concatenated with itself, encoded as a circuit benchmark; no numbers in the public abstracts",not stated,,demonstrated,prep,"QuEra Gemini (gate-based Rb-87 processor, Boston)",builder with partners: QuEra with Harvard/MIT,2025,https://meetings-archive.aps.org/smt/2026/mar-j06/8/,yes,Conference abstracts only (APS DAMOP 2025 X05.2 and Global Physics Summit 2026 J06.8) - name Gemini and the code but give no data; no paper found. Treat as weakly evidenced.
quera-gemini,stab_5_1_3,in stage-1 register,"outer distillation code of logical 5-to-1 MSD: unencoding circuit of a [[5,1,3]]-equivalent code applied transversally over five colour-code logical qubits, post-selected on 4 distillation syndromes",post-selection on distillation syndromes (accept pattern 0011),,demonstrated,magic,Gemini-class processor built and operated at QuEra (Boston),builder with partners: QuEra with Harvard/MIT,2024,https://arxiv.org/abs/2412.15165,yes,"Concatenated use: the [[5,1,3]] code (up to Cliffords) acts at the logical level as the distillation code; caller may prefer to fold this into the colour-code rows."
quera-gemini,steane,in stage-1 register,"[[7,1,3]] d=3 colour code: 10 logical qubits encoded in parallel; two parallel 5-to-1 factories, magic-state fidelity 95.1% -> 99.4%, 8x infidelity suppression (post-selected)",correlated MLE decoding; offline,,demonstrated,prep;logic;magic,Gemini-class processor built and operated at QuEra (Boston),builder with partners: QuEra with Harvard/MIT,2024,https://arxiv.org/abs/2412.15165,yes,The d=3 data code of the logical magic-state-distillation experiment.
harvard-448,rotated_surface,in stage-1 register,"d=5 vs d=3, 4 rounds: 2.14(13)x below threshold, 0.62(3)% error/round at d=5 (no post-selection, ~0.1% on loss-free shots); transversal CNOT + lattice surgery Bell pairs; 2023: transversal CNOT improves d=3->7","MLE (hypergraph) and ensembled neural-net decoders using loss information, hybrid; correlated decoding across transversal CNOTs; offline (GPU inference 0.33 us/shot)",,demonstrated,prep;memory;logic,Harvard Lukin-lab logical processor (448-atom configuration; 280-atom configuration in 2023),builder,2023,https://arxiv.org/abs/2506.20661,yes,"Fix: the old best_instance mixed codes - the 96 simultaneous d=4 logical qubits are [[16,6,4]] blocks and the T gate comes from 3D [[15,1,3]] teleportation, not code switching from the surface code. Code is the rotated [[d^2,1,d]] patch (ED Fig.6c: XZZX-form circuit equivalent to the CSS rotated surface code). 2023 instance (d=3,5,7, single-round prep, transversal CNOT) in arXiv:2312.03982 on the same processor (the 448 paper cites it as its ref [11])."
harvard-448,stab_15_1_3,in stage-1 register,"3D [[15,1,3]] quantum Reed-Muller (smallest 3D colour code) with transversal T; transversal teleportation gives universal logic and arbitrary-angle synthesis with logarithmic overhead; error detection, 46% acceptance",lookup table with post-selection on detected-error weight; offline,,demonstrated,prep;logic;magic,Harvard Lukin-lab logical processor (448-atom configuration),builder,2025,https://arxiv.org/abs/2506.20661,yes,"Fix: best_instance was a copy of the surface-code row; this is the code that supplies the non-Clifford (T) gate, via teleportation not code switching."
harvard-448,stab_16_6_4,in stage-1 register,"up to 16 [[16,6,4]] blocks = 96 d=4 logical qubits active at once in 1D/2D logical cluster states with transversal teleportation; in-block permutation CNOTs extend correlations",neural-net decoder predicting cluster-state stabilizers; raw values for single-qubit expectation; offline,,demonstrated,prep;logic;algo,Harvard Lukin-lab logical processor (448-atom configuration),builder,2025,https://arxiv.org/abs/2506.20661,yes,Fix: best_instance was a copy of the surface-code row; the 96 simultaneous d=4 logical qubits belong here.
harvard-448,stab_8_3_2,in stage-1 register,"48 logical qubits in 16 [[8,3,2]] blocks with hypercube connectivity, 228 logical two-qubit gates and 48 logical CCZ; error-detected XEB and fast-scrambling simulation beat physical qubits",sliding-scale error detection (post-selection on stabilizer pattern); offline,,demonstrated,detect;logic;algo,Harvard Lukin-lab logical processor (280-atom configuration),builder,2023,https://arxiv.org/abs/2312.03982,yes,"Device mapping: the 2023 paper ran on the same Harvard logical processor the 448-atom paper upgrades (cited as its ref [11]); non-FT state preparation for [[8,3,2]]."
harvard-448,steane,in stage-1 register,"32 Steane blocks (16 per group) re-prepared over 27 teleportation layers at constant stabilizer error; 1D/2D logical cluster states; 2023: FT d=3 colour-code prep, logical GHZ 72%, 40 colour-code qubits",lookup table and recurrent-neural-net decoding (2025); correlated MLE hypergraph decoding with sliding-scale post-selection (2023); offline,,demonstrated,prep;detect;logic;algo,Harvard Lukin-lab logical processor,builder,2023,https://arxiv.org/abs/2506.20661,yes,"Fix: best_instance was a copy of the surface-code row. 2023 work (arXiv:2312.03982) used the d=3 2D colour code = [[7,1,3]] on the 280-atom configuration."
harvard-448,surface,in stage-1 register,"unrotated planar d=3 surface code (13 data + 6 mobile ancillas = 19 atoms) prepared in |+>_L; <X_L> 0.64 raw, 1.00 with error detection (35% acceptance)",MWPM correction and post-selection; offline,,demonstrated,prep;detect,"Harvard Lukin-lab array, 2021 configuration (coherent-transport processor; predecessor of the 280/448-atom logical processor)",builder,2021,https://arxiv.org/abs/2112.03923,partial,"Device mapping inferred: same Lukin-lab apparatus line that the 2023 logical processor and the 448-atom paper build on; distinct from the rotated surface code of 2023-25. Measurement-based preparation with projective ancilla readout, single round."
harvard-448,toric,in stage-1 register,"toric code on a torus, 24 atoms, two logical qubits (d=4 and d=2) in |+>|+>; error-detected <X_L> 1.00 and 0.92 (20% acceptance)",MWPM / post-selection; offline,,demonstrated,prep;detect,"Harvard Lukin-lab array, 2021 configuration",builder,2021,https://arxiv.org/abs/2112.03923,partial,"Same device inference as the surface row. Code space verified via stabilizers and logical operators, so scope prep;detect rather than a many-body-only prep."
atom-computing-phoenix,css_4_1_2,in stage-1 register,Bernstein-Vazirani on up to 28 logical qubits in 112 atoms; n=27 success 91.4(3)% on accepted shots vs 28.2(7)% unencoded,post-selection on decodable blocks with loss correction; offline,,demonstrated,prep;algo,Atom Computing second-generation 171Yb system (256 atoms available),builder with partners: Atom Computing with Microsoft,2024,https://arxiv.org/abs/2411.11822,partial,"Paper's '[[4,1,2]]' is [[4,2,2]] with the second logical as gauge; the encoded |+> = (|01>+|10>)^2 fixes the gauge to XXII/IIXX, i.e. the LNCY form in codes-list. Same device inference as the [[4,2,2]] row."
atom-computing-phoenix,quantum_repetition,in stage-1 register,"walking (role-swapping) ring repetition code with atom replacement: d=3-9, up to 41 rounds (2025); 2026: phase-sensitive d=3 and d=7 up to 95 cycles, logical memory outliving the ~10-15 s atom lifetime (>3 min decay at d=7)",PyMatching MWPM with per-shot loss-modified graph; offline,,demonstrated,memory,Atom Computing 171Yb zoned system,builder,2025,https://arxiv.org/abs/2506.09936,yes,Classical-memory use of a quantum repetition code (bit-flip and phase-sensitive variants).
atom-computing-phoenix,stab_4_2_2,in stage-1 register,"24 logical qubits in 48 atoms: logical cat state, total error 26.6% with error detection + loss correction (unencoded 42.0%), 10.2% with error+loss detection; up to 10 logical CZs with 9 rounds of loss correction; 2025: heralded [[4,2,2]] Bell-pair distillation, 0.4% failure",erasure-aware decoding with post-selection; real-time decoder for repeat-until-success branching (2025),,demonstrated,prep;detect;logic;algo,Atom Computing second-generation 171Yb system (256 atoms available),builder with partners: Atom Computing with Microsoft,2024,https://arxiv.org/abs/2411.11822,partial,"Fix: [[4,2,2]] IS named in the paper (old note said otherwise); the 28-logical Bernstein-Vazirani used [[4,1,2]] (separate row); the toric-code clause belongs in the toric row. Device inferred: paper says '256 qubits' and cites the 1,225-site iterative-assembly platform papers. 2025 heralded logical Bell prep in arXiv:2506.09936."
atom-computing-phoenix,toric,in stage-1 register,"twisted toric codes as subsystem codes [[16,1,(4,3)]] and [[32,1,(6,4)]]: Z error/cycle 0.74% vs 0.56%, Lambda_Z=1.9 at 4 cycles (avg 1.30); up to 90 cycles with mid-circuit reservoir reloading, 0.63-0.64%/cycle",PyMatching MWPM with per-shot loss re-weighting; offline,,demonstrated,memory,"Atom Computing 171Yb zoned system (register configured for 128 qubits; 1,225-site platform)",builder,2026,https://arxiv.org/abs/2606.04079,partial,"Fix: code is a TWISTED toric code (sheared torus, Hermite-normal-form matrices det 8 and det 16) with one logical used as gauge, not the plain [[2L^2,2,L]]; distances are asymmetric (dX,dZ), not 'd=4 and d=6'. A dedicated id (twisted_toric, not in zoo as a separate entry - unverified) could be considered. Device: paper says the system of its refs [12,38]; mapped to the Gen-2 platform."
pasqal-fresnel,stab_4_2_2,in stage-1 register,"2 logical qubits ([[4,2,2]], flagged FT |00>_L, logical rotations by non-FT proxy phasing) computing quantum kernels for differential equations: >50% lower error on average, 10x on a nonlinear equation",post-selection on stabilizer parity and flag; offline,,demonstrated,prep;detect;algo,Pasqal in-house Rb-87 processor upgraded from its analog QPU for digital/logical operation (not named),builder with partners: Pasqal with Institut d'Optique,2026,https://arxiv.org/abs/2605.21276,partial,"Device NOT named in the paper; it says the processor was 'previously used to perform analog-only operations' (ref: Albrecht et al., PRA 107, 042615, 32-qubit Pasqal QPU) and is 'upgraded to support digital and logical computations'. Mapped to the Fresnel line by that lineage; may belong to pasqal-orion if Pasqal identifies it as an Orion unit."
infleqtion-sqale,stab_16_4_4,in stage-1 register,"[[16,4,4]] = level-2 C4-based many-hypercube code (C4 concatenated with itself), FT prep from five flagged [[4,2,2]] patches; single-round decoding: error 0.0151 vs 0.1312 unencoded (8x)",post-processed single-round correction plus post-selection on Z stabilizers and flags; offline,,demonstrated,prep,Infleqtion Sqale QPU (114-atom array),builder,2025,https://arxiv.org/abs/2509.13247,yes,"Fix: best_instance was a copy of the [[4,2,2]] row. Only Z stabilizers (from final data readout) used."
infleqtion-sqale,stab_4_2_2,in stage-1 register,"2 logical qubits, full Gottesman FT benchmark: Bell error 12.4(23)x lower, random circuits 15x lower TVD, AIM ground state 6x (non-FT); 2025-26: pre-compiled Shor (N=15) on logical qubits, up to 2x lower TVD; 12-logical constant-depth CX ladders 2-4x",post-selection on ZZZZ parity and flags; loss correction by nearest codeword; offline,,demonstrated,prep;detect;logic;algo,"Infleqtion Cs neutral-atom QPU (Sqale; 2024: 6 atoms of a hexagonal array; 2025-26: 42-qubit patch of a 114-atom, 224-site array)","builder with partners: Infleqtion with NVIDIA, U. Chicago",2024,https://arxiv.org/abs/2412.07670,yes,"Fix: decoder field - no NVIDIA AI decoder is used in either paper (CUDA-Q only for simulation); the 'level-2 many-hypercube factored 15' merge was wrong - Shor ran in [[4,2,2]] patches, the [[16,4,4]] experiment was state preparation. XXXX stabilizer not measured in 2024. 2025 paper: arXiv:2509.13247 names 'Infleqtion's Sqale QPU'; 2024 paper says 'Infleqtion's quantum computer' (Cs, same platform, ref Radnaev 2024) - device inferred."
princeton-yb-erasure,stab_4_2_2,in stage-1 register,"[[4,2,2]] |00>/|++> prep: unconditional decoding 0.874(4) -> 0.902(3) with mid-circuit erasure info (decay 1.9(4)x slower); post-selected 0.995(1); logical teleportation 0.771(9) -> 0.802(8) with erasure-adaptive ancilla choice",rule-based: odd parity + exactly one erasure -> flip erased qubit; flag and parity post-selection; FPGA-adaptive ancilla selection in real time,,demonstrated,prep;detect;logic,Thompson-lab metastable 171Yb zoned array (Princeton),builder,2025,https://arxiv.org/abs/2506.13724,yes,"Fix: year is 2025 (arXiv v1 Jun 2025; v2 Jun 2026); the 0.94% -> 1.45% surface-code threshold gain is a simulation projection, not a demonstrated instance; teleportation 0.802(8) is post-selected on syndromes and flag."
princeton-yb-erasure,yb_erasure,in stage-1 register,"38(6)% of amplitude-robust CZ errors and ~72% of idle errors detected mid-circuit as erasures; first logical gain WITHOUT post-selection from erasure info (0.874 -> 0.902 on [[4,2,2]])",erasure-aware decoding; adaptive circuit execution on erasure checks,princeton,demonstrated,prep;detect;logic,Thompson-lab metastable 171Yb zoned array (Princeton),builder,2025,https://arxiv.org/abs/2506.13724,yes,"Physical-layer erasure conversion used under the [[4,2,2]] code; earlier physical-qubit erasure conversion in Ma et al. Nature 622, 279 (2023) on the same lab platform."
yaqumo-yb,rotated_surface,in stage-1 register,STAR architecture: rotated planar surface-code patches with lattice surgery for Cliffords + injected analog rotations; target several hundred qubits with QEC by FY2027; nothing demonstrated,MWPM in the STAR paper (PyMatching not named in the 2026 releases); real-time status unknown,,planned,planned,Yaqumo neutral-ytterbium QPU (validation testing since Aug 2026),builder,2026,https://global.fujitsu/en-global/pr/news/2026/09/09-01,partial,"Fix: use is 'planned', not demonstrated - Fujitsu's Sep 2026 release says testing of the STAR architecture and basic software began Aug 2026 with no encoded results. The code is inferred from STAR's definition in Fujitsu's own paper (Akahoshi et al., arXiv:2303.13181: 'we use the rotated planar surface code'); the release itself names no code."
psiquantum-omega,fusion,in stage-1 register,"6-ring fusion network (6-qubit ring resource states, 2-qubit Bell fusions): model thresholds 11.98% erasure / 1.07% Pauli per fusion; 43.2% fusion-failure with (2,2)-Shor encoded 6-ring",MWPM on primal/dual syndrome graphs (simulation only),psiq-omega,planned,planned,Omega chipset (GlobalFoundries 300 mm Si-photonics; FBQC target),builder,2021,https://arxiv.org/abs/2101.09310,yes,"Planned only. Omega paper (2404.17570, Nature 2025) demonstrates components only (SPAM 99.98%, Bell fusion 99.22%, chip-to-chip 99.72%) and names FBQC as the target; no fusion network, check or logical qubit run. 4-star network is the pedagogical alternative"
psiquantum-omega,rbh,in stage-1 register,Fusion networks realise a foliated surface code: 4-star fusions without the X-measured centre give the RHG/RBH cluster state; 6-ring syndrome graph = cubic lattice + diagonal (hook-like) edges,MWPM (simulation only),psiq-omega,planned,planned,Omega chipset (FBQC target),builder,2021,https://arxiv.org/abs/2101.09310,yes,"Planned only: the FBQC bulk is a 3-D foliated surface code (RBH-type), so rbh and fusion describe one design at two levels (code vs physical fusion network). No experiment on Omega"
xanadu-aurora,gkp-cluster-state,in stage-1 register,two four-body foliated repetition-code checks on a CV macronode cluster; only 3.05% of modes are crude GKP-like squeezed-cat states (rest squeezed); results ~identical with squeezed states only; decoder-driven basis choice for M0,real-time belief propagation (inner GKP binning + outer BP) inside one 1 us clock (64 ns for decoder); feedforward on next time step,,demonstrated,detect,"Aurora (35 PICs, 84 squeezers, 12 modes/clock, 1 MHz)",builder,2025,https://www.nature.com/articles/s41586-024-08406-9,yes,"Correct: scope is a single detection/feedforward round on approximate GKP states, not '12 logical GKP qubits'; no logical error rate, no suppression, no distance scan; paper calls it 'repetition code error-detection experiment on low-quality GKP states'. Not on arXiv (Nature only)"
xanadu-aurora,quantum_repetition,in stage-1 register,"foliated distance-2 repetition code: two four-body checks measured on the cluster, real-time decoded, decision fed forward (X 51.2% / Z 48.8%)",real-time belief propagation in-loop at 1 MHz,,demonstrated,detect,Aurora,builder,2025,https://www.nature.com/articles/s41586-024-08406-9,yes,"Same experiment as the gkp-cluster-state row: repetition code is the outer (qubit-level) code, foliated into the CV cluster; recorded separately because the code identity is the repetition code"
xanadu-aurora,gkp,in stage-1 register,"roadmap: GKP qubits concatenated with an outer qLDPC code; 200 logical 2029, 500 2030, 1000+ 2031; GKP lattice and qLDPC family not named",not specified,,planned,planned,Aurora architecture line (Qubit Factory 2026-27; FT 2028-29),builder,2025,https://investors.xanadu.ai/news-releases/news-release-details/xanadu-charts-path-over-1000-logical-qubits-2031,partial,"Roadmap (31 Aug 2026) names 'GKP encoding with qLDPC codes' for the architecture Aurora prototypes; machine names for future systems not given; checked via Quantum Insider / QCR reports. Builder simulation of BB codes [[72,12,6]]..[[288,12,18]] and hyperbolic surface codes (arXiv 2408.04126) does not designate a machine, so qcga not added"
intel-tunnel-falls,quantum_repetition,in stage-1 register,"d=2 repetition code, multi-round, detecting bit-flip or phase-flip errors (no figures in abstract)",not stated (detection),,demonstrated,detect,Tunnel Falls (12-dot chip operated as a 4-qubit exchange-only processor),builder,2026,https://meetings-archive.aps.org/smt/2026/mar-s10/13/,partial,"source is an APS March Meeting 2026 talk abstract (M. Feldman, Intel), no paper or data found; device and code named in the abstract. Qubits are 3-dot exchange-only encodings on Tunnel Falls, not the Loss-DiVincenzo encoding of the register row. Treat as provisional until a paper appears."
photonic-inc,shyps,in stage-1 register,"simulation only: [[49,9,4]], [[225,16,8]], [[961,25,16]] memories; depth-126 random Clifford logic on two [[49,9,4]] blocks at near-memory LER; no hardware logical qubit",BP+LSD sliding-window (simulation); none on hardware,photonic-ec,planned,planned,Entanglement First architecture (silicon T centres),builder,2025,https://arxiv.org/abs/2502.07150,partial,"paper is Photonic Inc. (Malcolm ... S. Simmons; Nature Communications 2026) and says SHYPS computation needs non-local connectivity, naming photonic architectures with optical switch networks; designation for Entanglement First is on photonic.com/technology/error-correction. Status is planned (roadmap), not demonstrated."
microsoft-majorana-1,ladder,in stage-1 register,"planned QED on two logical qubits (two 2x2 ladder-code patches) with logical ZZ by lattice surgery, benchmarked against physical ZZ by a 2-qubit repetition-code decay experiment (simulated Lambda only)",post-selection on detected errors (simulated),,planned,planned;detect;logic,4x2 tetron array (eight-qubit device),builder,2025,https://arxiv.org/abs/2502.12252,partial,"Microsoft roadmap Sec. IV designates the ladder code (a Hastings-Haah Floquet code) for the 4x2 array; the Majorana 1 launch blog (Feb 2025) says 'eight topological qubits on a chip' and 'Using the entire eight-qubit array, we will then implement quantum error detection on two logical qubits'. Mapping of the 4x2 device to Majorana 1 is inferred from that blog. Later generations are NOT designated for this chip and so are not rowed here: the roadmap (Sec. V) names the 4.8.8 Hastings-Haah Floquet code (register id honeycomb_floquet; Paetznick et al. PRX Quantum 4, 010310) and the pair-wise measurement-based surface code (Grans-Samuelsson et al. arXiv 2310.12981; d=7 patches of 13x13 tetrons on a 27x13 array) for the 4th-generation array. Caveat: Majorana 2 is described as a 'four-qubit array', so the 4x2 step may instead be a later device; no source assigns the ladder code to Majorana 2."
dwave-advantage,qac,in stage-1 register,"QAC on up to 1,322 logical qubits (L=15, degree-5 logical graph); scaling advantage over PT-ICM at optimality gap >=1% (alpha 1.15+-0.22 vs 1.87+-0.02 at eps=1.25%)",majority vote over data qubits; offline,,demonstrated,algo,Advantage 4.1 (Pegasus) via Leap,"third party: USC (Munoz-Bauza, Lidar)",2022,https://arxiv.org/abs/2401.07184,yes,"PRL 134, 160601 (2025); first shown at APS March Meeting 2022 ('QAC with over 1,000 logical qubits', same authors, on Advantage). Earlier QAC (Pudenz-Albash-Lidar 2014) was on D-Wave Two, out of scope. Not a stabilizer code with measured checks: penalty encoding + decoding only. If no new id is wanted, fold into quantum_repetition."
dwave-advantage2,qac,in stage-1 register,"penalty-spin QAC and stacked inter-replica QAC models on a frustrated-ring Ising benchmark, N=61 logical spins x K=15 replicas (up to K=35, N up to 601); antiferromagnetic Jp raises success probability vs unprotected/classical",energy-minimisation decoding (lowest-energy replica selected); offline,,demonstrated,algo,"Advantage2_system1.10 (Zephyr, 4594 qubits); Advantage2_system1.13 for App. C","third party: Keio University (Hattori, Tanaka)",2025,https://arxiv.org/abs/2509.11217,yes,"Replaces the none-confirmed row for dwave-advantage2 (earlier search missed it). Paper names Advantage2_system1.10 as the annealer and runs the penalty-spin model (= Pudenz-Albash-Lidar QAC, generalised to K replicas) plus ""stacked"" QAC variants with inter-replica couplings; not a stabilizer code with measured checks (energy-penalty encoding + decoding only), same caveat as the dwave-advantage qac row. If the register folds qac into quantum_repetition, map there."
ethz-surface17,quantum_repetition,in stage-1 register,two d=3 bit-flip repetition codes from an X-type split of a d=3 surface-17 patch: decoded logical ZZ better than unencoded; process fidelity 0.310 raw / 0.442 decoded / 0.78 post-selected (3.3% kept); also 20-cycle repetition-code memories,"MWPM with correlation-analysis weights, offline; leakage rejection",,demonstrated,memory;logic,17-qubit surface-code device (similar to Krinner 2022),builder,2025,https://arxiv.org/abs/2501.04612,yes,"Besedin, Kerschbaum et al. (ETH Zurich + Jülich/RWTH), 'Realizing lattice surgery on two distance-three repetition codes', Jan 2025. Logic scope = lattice-surgery split (bit-flip fault tolerant only)."
ethz-surface17,surface-17,in stage-1 register,"d=3 CSS rotated patch (9 data + 4X + 4Z aux), 1.1 us cycle, up to 16 cycles: 3.0(2)% Z / 3.8(2)% X logical error per cycle after leakage rejection (~8%/cycle discarded); 2025: X-type lattice split into two d=3 repetition codes","MWPM with error-model-free (syndrome-correlation) weights, offline; leakage post-selection",,demonstrated,prep;memory;logic,"17-qubit surface-code device; a second, similar 17-qubit device for the 2025 lattice surgery",builder,2021,https://arxiv.org/abs/2112.03708,yes,"Krinner et al., Nature 605, 669 (2022). Besedin et al. 2025 (arXiv:2501.04612) used 'a device similar to the one described in Ref. 7' (17 flux-tunable transmons, surface-17 layout): surface-17 state preservation 7.8%/11.1% per cycle and arbitrary-state preparation (83.5% decoded, 97.0% post-selected), then the split."
ionq-superion-10k,generalized_bicycle,in stage-1 register,"Q102 GB8 [[102,22,9]] memory; Q54 GB8 [[54,2,10]] CH2 magic factory; ECDLP variant adds Q66 GB [[66,4,10]]; 110 logical on 2,514 physical (dense config)","streaming beam decoder (sliding window), real-time design",,planned,planned,Superion 10K (Walking Cat architecture),builder,2026,https://arxiv.org/abs/2604.19481,partial,"Walking Cat paper names trapped-ion QCCD, not Superion; the 10K link is IonQ's release (8 Sep 2026: '10K is the first hardware generation built to run Walking Cat'). Cyclic HGP is listed as compatible but no instance is chosen"
ionq-superion-10k,qcga,in stage-1 register,"Q70 BB7 [[70,6,9]] memory + MEK magic factory in one code; Clifford-frame tracking of any 6-qubit Clifford","streaming beam decoder, real-time design",,planned,planned,Superion 10K (Walking Cat architecture),builder,2026,https://arxiv.org/abs/2604.19481,partial,weight-7 bivariate bicycle; machine link via IonQ release as above
hrl-eo-18q,quantum_repetition,in stage-1 register,"bit-flip [5,1,5] (d=5) on 7 EO qubits, 1-200 rounds x 50,000 shots: LER 5.0e-3 vs 2.3e-2 for d=3 subsets, Lambda5/3=4.7; separate [3,1,3] with LRUs LER 3.2e-3",naive parity-check decoder (d=5); PyMatching MWPM (d=3); offline,,demonstrated,memory,18-EO-qubit / 54-dot three-rail Si/SiGe device with 4 K cryo-CMOS controller (7 EO qubits: 5 data + 2 ancillas),builder,2026,https://arxiv.org/abs/2604.16216,yes,"in the register codes column but no current code row existed. Classical repetition code against bit flips; the three-spin EO encoding blurs bit/phase distinction (paper). Leakage-reduction units in every SE round. Nature, Jul 2026."
hrl-eo-18q,stab_4_2_2,in stage-1 register,"[[4,2,2]], 4 logical input states, 3 rounds of flagged XXXX/ZZZZ extraction: two-logical-qubit F_L=0.95 post-selected (~77% of 10,000 shots rejected) vs 0.59 without","post-selection on syndromes, flags and final syndrome; offline",,demonstrated,prep;detect,"18-EO-qubit device (6 EO qubits: 4 data + ancilla + flag), later controller and daughterboard revision",builder,2026,https://arxiv.org/abs/2604.16216,yes,in the register codes column but no current code row existed. Flag qubit makes the circuit robust to single faults.
sustech-dualrail-8,dual_rail,in stage-1 register,"dual-rail transmon pairs: logical Bell 98.8%, 3-logical GHZ 93.5%, logical CNOT process fidelity 96.2%, 1Q gate 99.997%, logical T1 ~1 ms; all with erasure-check post-selection",n/a (ancilla erasure checks + post-selection),,demonstrated,prep;detect;logic,"4-dual-rail flip-chip processor (8 tunable transmons + 4 ancillas + 4 couplers; Q4A line broken, 3 logical qubits usable)","builder: SUSTech / IQA Shenzhen, Y. Zhong group",2025,https://arxiv.org/abs/2504.12099,yes,"Codes column already says dual_rail but no row existed. Register best_logical says GHZ 93.9%; arXiv v1 abstract says 93.5% (check Nature Physics version). Dual-rail TRANSMONS, not cavities."
iqm-star-6,stab_4_2_2,in stage-1 register,"[[4,2,2]] with 2 logical qubits, up to 20 repeated detection cycles: all cardinal logical states >96% (96.6-99.9%) by classical shadows; logical error/cycle 0.25(2)-0.91(3)%, logical Bell 1.01(4)%; post-selected","post-selection (error detection), no decoder; offline",,demonstrated,prep;detect,six-qubit star QPU (one central resonator + 6 transmons; 4 data + 2 ancilla),builder,2025,https://arxiv.org/abs/2503.12869,yes,Vigneau et al. (IQM). The paper does not give a product name for the QPU (cites its ref. [44] for the device); mapping to 'Deneb-class' is the register's inference.
aliceandbob-lithium-48,two-legged-cat,in stage-1 register,"target: 4 logical qubits at 1e-3, 0.8 us cycle, first error-corrected logical CNOT",,,planned,planned,"Lithium (48 cat qubits, 4 logical qubits)",builder,2024,https://alice-bob.com/wp-content/uploads/2024/12/Alice-Bob-Roadmap-Long-Version.pdf,yes,Roadmap Milestone 3 (undated).
aliceandbob-beryllium-250,two-legged-cat,in stage-1 register,"target: 5 logical qubits at 1e-4, 0.8 us cycle, universal gate set via magic-state factories and live decoding",,,planned,planned,"Beryllium (250 cat qubits, 5 logical qubits)",builder,2024,https://alice-bob.com/wp-content/uploads/2024/12/Alice-Bob-Roadmap-Long-Version.pdf,yes,Roadmap Milestone 4 (undated).
