machine_id,machine_name,org,url,title,source,verdict,kind,found_title,note
academia-sinica-20q,Academia Sinica 20-qubit superconducting quantum computer,Academia Sinica,https://www.sinica.edu.tw/en/news_content/55/3655,Academia Sinica — 20-qubit superconducting quantum computer (29 Jan 2026),ref:sinica,✅,press,Academia Sinica Unveils 20-Qubit Superconducting Quantum Computer: Manufacturing Capabilities Reach Global Top-Tier,29 Jan 2026 news release; names the 20-qubit superconducting quantum computer and Academia Sinica
aliceandbob-beryllium-250,Alice & Bob Beryllium,Alice & Bob,https://alice-bob.com/newsroom/alice-bob-quantum-computing-roadmap/,"Alice & Bob — quantum computing roadmap (Boson, Helium, Graphene)",ref:ab-roadmap,✅,press,Alice & Bob Publishes Quantum Computing Roadmap to 100 Logical Qubits in 2030,4 Dec 2024; 'The Beryllium chip series will enable a universal set of logical gates enabled by magic state factories and live error correction'
aliceandbob-beryllium-250,Alice & Bob Beryllium,Alice & Bob,https://alice-bob.com/wp-content/uploads/2024/12/Alice-Bob-Roadmap-Long-Version.pdf,"Alice & Bob — roadmap, long version (Dec 2024)",evidence:technical-whitepaper,✅,whitepaper,Alice & Bob's Quantum Computing Roadmap,"Dec 2024; 'BERYLLIUM' (milestone 4): 250 cat qubits, 5 logical qubits, logical error 1e-4; magic states, live decoder"
aliceandbob-boson-4,Alice & Bob Boson 4,Alice & Bob,https://alice-bob.com/newsroom/alice-bob-quantum-computing-roadmap/,"Alice & Bob — quantum computing roadmap (Boson, Helium, Graphene)",ref:ab-roadmap,org-only,press,Alice & Bob Publishes Quantum Computing Roadmap to 100 Logical Qubits in 2030,4 Dec 2024; names 'Boson chip series' (2024 milestone) but never 'Boson 4' specifically
aliceandbob-boson-4,Alice & Bob Boson 4,Alice & Bob,https://alice-bob.com/newsroom/alice-bob-surpasses-bit-flip-stability-record,Alice & Bob — bit-flip stability record (>1 hour at n=11),ref:ab-bitflip,✅,press,Alice & Bob Shares Preliminary Results Vastly Surpassing Previous Bit-Flip Time Record,25 Sep 2025; names 'Boson 4 chip' (430 s record set 2024)
aliceandbob-boson-4,Alice & Bob Boson 4,Alice & Bob,https://arxiv.org/abs/2307.06617,,evidence:architecture-paper-figure,✗,paper,,abs excerpt (cat-qubit bit-flip experiment) names neither Boson 4 nor Alice & Bob; no title returned; Alice & Bob's Boson 4 page links this paper as Boson 3 - the Boson 4 cells cite arXiv:2502.07892 (30 Sep 2026)
aliceandbob-boson-4,Alice & Bob Boson 4,Alice & Bob,https://arxiv.org/abs/2502.07892,"arXiv:2502.07892 — squeezed cat qubit (Rousseau et al., Alice & Bob)",evidence:architecture-paper-figure,org-only,paper,Enhancing dissipative cat qubit protection by squeezing,11 Feb 2025 (v2 28 Feb 2025); Alice & Bob authors; names no chip - Alice & Bob's Boson 4 page (alice-bob.com/products/quantum-cloud-felis/boson-4/) links it as 'Boson 4'
aliceandbob-graphene,Alice & Bob Graphene,Alice & Bob,https://alice-bob.com/newsroom/alice-bob-quantum-computing-roadmap/,"Alice & Bob — quantum computing roadmap (Boson, Helium, Graphene)",ref:ab-roadmap,✅,press,Alice & Bob Publishes Quantum Computing Roadmap to 100 Logical Qubits in 2030,"4 Dec 2024; names 'Graphene chip series' (100 logical qubits, quantum advantage)"
aliceandbob-graphene,Alice & Bob Graphene,Alice & Bob,https://arxiv.org/abs/2401.09541,,evidence:architecture-paper-figure,✗,paper,LDPC-cat codes for low-overhead quantum computing in 2D,Jan 2024; theory paper on LDPC-cat codes; names neither Graphene nor Alice & Bob
aliceandbob-helium,Alice & Bob Helium (on-premise system),Alice & Bob,https://alice-bob.com/newsroom/alice-bob-quantum-computing-roadmap/,"Alice & Bob — quantum computing roadmap (Boson, Helium, Graphene)",ref:ab-roadmap,✅,press,Alice & Bob Publishes Quantum Computing Roadmap to 100 Logical Qubits in 2030,4 Dec 2024; names 'Helium chip series' (first logical qubit); on-premise system not mentioned
aliceandbob-helium,Alice & Bob Helium (on-premise system),Alice & Bob,https://alice-bob.com/wp-content/uploads/2024/12/Think-Inside-The-Box-Alice-Bob-Whitepaper.pdf,,evidence:technical-whitepaper,✅,whitepaper,Think Inside the Box: Quantum Computing with Cat Qubits,"Dec 2024; names Helium chip (16 cat qubits, looped line) and Alice & Bob"
aliceandbob-helium-2,"Alice & Bob Helium 2 (""Galvanic Cat"")",Alice & Bob,https://alice-bob.com/newsroom/alice-bob-surpasses-bit-flip-stability-record,Alice & Bob — bit-flip stability record (>1 hour at n=11),ref:ab-bitflip,✅,press,Alice & Bob Shares Preliminary Results Vastly Surpassing Previous Bit-Flip Time Record,25 Sep 2025; names 'Galvanic Cat' design and '12-cat qubit chip Helium 2'
aliceandbob-lithium-48,Alice & Bob Lithium,Alice & Bob,https://alice-bob.com/newsroom/alice-bob-quantum-computing-roadmap/,"Alice & Bob — quantum computing roadmap (Boson, Helium, Graphene)",ref:ab-roadmap,✅,press,Alice & Bob Publishes Quantum Computing Roadmap to 100 Logical Qubits in 2030,"4 Dec 2024; 'With the upcoming Lithium chip series, Alice & Bob aims to scale multi-logical-qubit systems and demonstrate the first error-corrected logical gate'"
aliceandbob-lithium-48,Alice & Bob Lithium,Alice & Bob,https://alice-bob.com/newsroom/alice-bob-unveils-first-quantum-system/,"Alice & Bob — unveils first quantum system, Helium (10 Jun 2026)",evidence:press-technical,✅,press,"Alice & Bob Unveils First Quantum System, Helium",10 Jun 2026; alias: 'the next 48 cat-qubit chip on Alice & Bob's roadmap – expected to feature multiple logical qubits'
aliceandbob-lithium-48,Alice & Bob Lithium,Alice & Bob,https://alice-bob.com/wp-content/uploads/2024/12/Alice-Bob-Roadmap-Long-Version.pdf,"Alice & Bob — roadmap, long version (Dec 2024)",evidence:technical-whitepaper,✅,whitepaper,Alice & Bob's Quantum Computing Roadmap,"Dec 2024; 'LITHIUM' (milestone 3): 48 cat qubits, 4 logical qubits, logical error 1e-3, first logical gate"
anyon-monarq-24,Anyon MonarQ,Anyon Systems,https://thequantuminsider.com/2026/05/15/10-plus-companies-leading-the-quantum-technologies-race-in-china/,The Quantum Insider — companies leading the quantum race in China,ref:qudoor-tqi,✗,press,Top Chinese Quantum Computing Companies in 2026,15 May 2026; page on Chinese companies; neither MonarQ nor Anyon Systems (Canada) named
anyon-monarq-24,Anyon MonarQ,Anyon Systems,https://www.anyonsys.com/en,,evidence:vendor-architecture-page,✅,product,Anyon Systems | Quantum Computing,vendor homepage; names MonarQ 24-qubit system live at Calcul Québec
anyon-monarq-24,Anyon MonarQ,Anyon Systems,https://www.calculquebec.ca/en/communiques/quantum-computer-monarq/,,evidence:vendor-architecture-page,✅,press,"A quantum computer named ""MonarQ""",Calcul Québec communiqué; inaugurated 25 Sep 2024; points to Anyon Systems as builder
aqt-ibex-q1,IBEX Q1 (Marmot / PINE / LYNX),Alpine Quantum Technologies,https://arxiv.org/abs/2101.11390,,evidence:architecture-paper-figure,✗,paper,,abs excerpt (19-inch rack Ca-40 ion-trap demonstrator) names none of IBEX Q1/Marmot/PINE/LYNX/AQT
aqt-ibex-q1,IBEX Q1 (Marmot / PINE / LYNX),Alpine Quantum Technologies,https://www.aqt.eu/products/ibex-q1/,AQT — IBEX Q1 product page,ref:aqt,✅,product,19-inch rack-mounted quantum computer,names IBEX Q1 and AQT; Marmot/PINE/LYNX not named; date 2026-06-08 seen
aqt-lynx,AQT LYNX,Alpine Quantum Technologies,https://thequantuminsider.com/2026/05/06/aqt-high-performing-quantum-computer-europe-32768-qv/,"The Quantum Insider — AQT reports quantum volume 32,768 on LYNX (6 May 2026)",evidence:press-technical,✅,press,AQT Reports Quantum Volume of 32768 on LYNX System,6 May 2026; names the AQT LYNX system; 305 random QV circuits with 100 shots each on a 15-qubit register; all-to-all connectivity
aqt-lynx,AQT LYNX,Alpine Quantum Technologies,https://www.aqt.eu/lynx-quantum-volume-record/,AQT — LYNX series with record-breaking quantum volume (5 May 2026),evidence:press-technical,✅,press,"""LYNX"" Series with Record-Breaking Quantum Volume",5 May 2026; QV 32768; first LYNX units to select strategic partners in Q4 2026
atom-computing-magne,Magne,"Atom Computing + Microsoft, for QuNorth",https://quantumcomputingreport.com/denmarks-qunorth-to-acquire-50-logical-qubit-magne-quantum-computer-from-atom-computing-and-microsoft/,QCR — Denmark's QuNorth to acquire the 50-logical-qubit Magne system,ref:magne,✅,press,Denmark's QuNorth to Acquire 50-Logical-Qubit Magne Quantum Computer from Atom Computing and Microsoft,"17 Jul 2025; names Magne, Atom Computing, Microsoft, QuNorth"
atom-computing-phoenix,Phoenix (Gen-1) and Gen-2,Atom Computing,https://arxiv.org/abs/2606.04079,arXiv:2606.04079 — toric-code QEC with mid-circuit qubit replacement (Atom Computing),ref:ac-toric,org-only,paper,Quantum error correction with the toric code,2 Jun 2026; 'Atom Computing' listed as author; Phoenix/Gen-1/Gen-2 never named
atom-computing-phoenix,Phoenix (Gen-1) and Gen-2,Atom Computing,https://azure.microsoft.com/en-us/blog/quantum/2024/11/19/microsoft-and-atom-computing-offer-a-commercial-quantum-machine-with-the-largest-number-of-entangled-logical-qubits-on-record/,Microsoft Azure — 24 entangled logical qubits with Atom Computing,ref:azure-ac,org-only,blog,Microsoft and Atom Computing offer a commercial quantum machine with the largest number of entangled logical qubits on r,19 Nov 2024; Atom Computing named; machine never called Phoenix/Gen-1/Gen-2
atom-computing-phoenix,Phoenix (Gen-1) and Gen-2,Atom Computing,https://www.nextbigfuture.com/2023/10/atom-computing-first-to-exceed-1000-qubits-with-1180-qubit-neutral-atom-quantum-computer.html,"NextBigFuture — Atom Computing exceeds 1,000 qubits (1,180 in 1,225 sites)",ref:ac-1180,✅,press,"Atom Computing First to Exceed 1,000 Qubits With 1180 Qubit Neutral Atom Quantum Computer","24 Oct 2023; names Phoenix (100-qubit prototype); 1,180-qubit system not called Gen-1/Gen-2"
aws-dualrail,AWS dual-rail transmon erasure line,AWS Center for Quantum Computing,https://arxiv.org/abs/2604.16292,,evidence:architecture-paper-figure,unreachable,paper,,empty: fetch returned no machine-readable text (twice); use the html version
aws-dualrail,AWS dual-rail transmon erasure line,AWS Center for Quantum Computing,https://arxiv.org/html/2604.16292v1,arXiv:2604.16292 — fast erasure detection in dual-rail transmon qubits,ref:aws-dualrail,✅,paper,"Fast, High-Fidelity Erasure Detection of Dual-Rail Qubits with Symmetrically Coupled Readout",17 Apr 2026; descriptive alias: dual-rail transmon erasure detection at Amazon Center for QC
aws-ocelot,AWS Ocelot,AWS Center for Quantum Computing,https://arxiv.org/abs/2409.13025,,evidence:architecture-paper-figure,✗,paper,Hardware-efficient quantum error correction via concatenated bosonic qubits,"19 Sep 2024; abs names neither Ocelot nor AWS/Amazon (Putterman, Noh, Hann); same title as Nature"
aws-ocelot,AWS Ocelot,AWS Center for Quantum Computing,https://www.nature.com/articles/s41586-025-08642-7,Nature — Hardware-efficient quantum error correction using concatenated bosonic qubits (AWS Ocelot),ref:ocelot,✗,paper,Hardware-efficient quantum error correction via concatenated bosonic qubits,26 Feb 2025; fetched text names neither Ocelot nor AWS (only Caltech affiliation seen)
baqis-baihua-156,Baihua (Quafu platform),Beijing Academy of Quantum Information Sciences,https://thequantuminsider.com/2026/05/15/10-plus-companies-leading-the-quantum-technologies-race-in-china/,The Quantum Insider — companies leading the quantum race in China,ref:qudoor-tqi,✗,press,Top Chinese Quantum Computing Companies in 2026,"15 May 2026; neither Baihua nor BAQIS named (Origin, QuantumCTek, China Telecom etc.)"
baqis-baihua-156,Baihua (Quafu platform),Beijing Academy of Quantum Information Sciences,https://www.sciencedirect.com/science/article/pii/S2772830725000572,,evidence:architecture-paper-figure,✅,paper,"Baihua: A 100-qubit scale, high-performance, and open-access quantum cloud platform","Dec 2025; names Baihua (111 qubits, not 156); BAQIS not seen in visible text (Xoherence listed)"
baqis-dongling-130,Dongling (Quafu platform),Beijing Academy of Quantum Information Sciences,https://arxiv.org/abs/2501.07085,,evidence:architecture-paper-figure,✗,paper,,abs excerpt (quantum RL on Quafu cloud) names Quafu but not Dongling/BAQIS; title not returned
baqis-dongling-130,Dongling (Quafu platform),Beijing Academy of Quantum Information Sciences,https://thequantuminsider.com/2026/05/15/10-plus-companies-leading-the-quantum-technologies-race-in-china/,The Quantum Insider — companies leading the quantum race in China,ref:qudoor-tqi,✗,press,Top Chinese Quantum Computing Companies in 2026,"15 May 2026; neither Dongling nor BAQIS named (Origin, QuantumCTek, China Telecom etc.)"
baqis-haituo-117,Haituo (Quafu platform),Beijing Academy of Quantum Information Sciences,https://thequantuminsider.com/2026/05/15/10-plus-companies-leading-the-quantum-technologies-race-in-china/,The Quantum Insider — companies leading the quantum race in China,ref:qudoor-tqi,✗,press,Top Chinese Quantum Computing Companies in 2026,"15 May 2026; neither Haituo nor BAQIS named (Origin, QuantumCTek, China Telecom etc.)"
baqis-scq136,"ScQ-136 ""Baiwang""",Beijing Academy of Quantum Information Sciences,https://arxiv.org/abs/2305.17979,,evidence:architecture-paper,?,paper,,abs excerpt (Quafu-Qcover) names Quafu; summariser could not confirm ScQ-136/Baiwang; no title
baqis-scq136,"ScQ-136 ""Baiwang""",Beijing Academy of Quantum Information Sciences,https://thequantuminsider.com/2026/05/15/10-plus-companies-leading-the-quantum-technologies-race-in-china/,The Quantum Insider — companies leading the quantum race in China,ref:qudoor-tqi,✗,press,Top Chinese Quantum Computing Companies in 2026,"15 May 2026; neither ScQ-136/Baiwang nor BAQIS named (Origin, QuantumCTek, China Telecom etc.)"
caltech-6100,"6,100-qubit tweezer array",Caltech (Endres group),https://arxiv.org/abs/2403.12021,,evidence:architecture-paper-figure,✅,paper,A tweezer array with 6100 highly coherent atomic qubits,alias: paper title '6100 ... atomic qubits' tweezer array; Endres lead author; Nature 647 (2025)
caltech-6100,"6,100-qubit tweezer array",Caltech (Endres group),https://www.caltech.edu/about/news/caltech-team-sets-record-with-6100-qubit-array,"Caltech — team sets record with a 6,100-qubit array",ref:caltech,✅,press,"Caltech Team Sets Record with 6,100-Qubit Array","alias: '6,100 neutral-atom qubits trapped in a grid'; Endres group named; 24 Sep 2025"
ctqg-tianyan-176,Tianyan-176 (and 24-q sibling),China Telecom Quantum Group + QuantumCTek,https://arxiv.org/abs/2512.10504,,evidence:architecture-paper,✗,paper,[2512.10504] Tianyan: Cloud services with quantum advantage,names another machine: Tianyan-287 (105 qubits); Tianyan-176 / 24-q sibling not named; 11 Dec 2025
ctqg-tianyan-176,Tianyan-176 (and 24-q sibling),China Telecom Quantum Group + QuantumCTek,https://thequantuminsider.com/2026/05/15/10-plus-companies-leading-the-quantum-technologies-race-in-china/,The Quantum Insider — companies leading the quantum race in China,ref:qudoor-tqi,org-only,press,Top Chinese Quantum Computing Companies in 2026,"CTQG, QuantumCTek, Tianyan-504 named; Tianyan-176 not named; only generic 'one 24-qubit'; 15 May 202"
ctqg-tianyan-287,Tianyan-287,China Telecom Quantum Group / QuantumCTek / CAS,https://arxiv.org/abs/2512.10504,arXiv:2512.10504 — Tianyan-287 random circuit sampling,ref:tianyan287,✅,paper,[2512.10504] Tianyan: Cloud services with quantum advantage,"'prototype, named Tianyan-287, features 105 qubits'; CTQG/QuantumCTek/CAS not in abstract; 11 Dec 20"
ctqg-tianyan-504,"Tianyan-504 / ""Xiaohong"" chip",China Telecom Quantum Group + CAS + QuantumCTek,https://thequantuminsider.com/2026/05/15/10-plus-companies-leading-the-quantum-technologies-race-in-china/,The Quantum Insider — companies leading the quantum race in China,ref:qudoor-tqi,✅,press,Top Chinese Quantum Computing Companies in 2026,"'released the Tianyan-504, a 504-qubit superconducting'; CTQG named; 'Xiaohong' not named; 15 May 20"
diraq-imec-8q,foundry 8-qubit array,Diraq,https://arxiv.org/abs/2512.10174,,evidence:architecture-paper-figure,✅,paper,Eight-Qubit Operation of a 300 mm SiMOS Foundry-Fabricated Device,alias: 'eight-dot linear array ... 300 mm CMOS-compatible foundry'; Diraq not in abstract; rev. 1 Ju
diraq-imec-8q,foundry 8-qubit array,Diraq,https://arxiv.org/abs/2602.11457,"arXiv:2602.11457 — The Pinnacle architecture: breaking RSA-2048 with under 100,000 physical qubits using qLDPC codes",ref:pinnacle,✗,paper,The Pinnacle Architecture: Reducing the cost of breaking RSA-2048 to 100 000 physical qubits using quantum LDPC codes,qLDPC/RSA-2048 architecture paper; neither the 8-qubit array nor Diraq named; 12 Feb 2026
diraq-imec-8q,foundry 8-qubit array,Diraq,https://postquantum.com/industry-news/diraq-eight-qubit-foundry/,PostQuantum — Diraq's eight-qubit foundry array,ref:diraq-pq,✅,press,"Diraq's Eight-Qubit Foundry Silicon Array, Analyzed",'linear array of 8 silicon spin qubits ... imec's 300 mm CMOS pilot line'; Diraq named; 9 Jul 2026
dwave-advantage,Advantage,D-Wave Quantum,https://arxiv.org/abs/0905.0891,,evidence:architecture-paper-figure,✗,paper,[0905.0891] A scalable readout system for a superconducting adiabatic quantum optimization system,2009 readout-architecture paper; Advantage and D-Wave not named in abstract
dwave-advantage,Advantage,D-Wave Quantum,https://arxiv.org/abs/1401.5504,,evidence:architecture-paper-figure,✗,paper,,"fetch returned abstract only (no title, 2 tries); 512-qubit annealer (D-Wave Two era); Advantage/D-W"
dwave-advantage,Advantage,D-Wave Quantum,https://arxiv.org/abs/2003.00133,,evidence:architecture-paper-figure,org-only,paper,[2003.00133] Next-Generation Topology of D-Wave Quantum Processors,D-Wave named; 'next-generation processors' (Pegasus era) but 'Advantage' not named; 29 Feb 2020
dwave-advantage,Advantage,D-Wave Quantum,https://arxiv.org/abs/2403.00910,,evidence:architecture-paper,✗,paper,[2403.00910] Beyond-classical computation in quantum simulation,abstract: generic 'superconducting quantum annealing processors'; D-Wave/Advantage unnamed; Science 
dwave-advantage,Advantage,D-Wave Quantum,https://support.dwavesys.com/hc/en-us/articles/32105885880087-D-Wave-s-Advantage2-Quantum-Computer-Now-Generally-Available,D-Wave — Advantage2 generally available (20 May 2025),ref:dwave-a2,✅,docs,D-Wave's Advantage2 Quantum Computer Now Generally Available,'Compared to the previous-generation Advantage quantum computer'; support-site note; 20 May 2025
dwave-advantage,Advantage,D-Wave Quantum,https://www.dwavequantum.com/beyond-classical/,D-Wave — beyond classical,ref:dwave-beyond,✗,product,Beyond Classical | D-Wave,names another machine: 'Advantage2 prototype' + D-Wave; earlier Advantage system not named; no date
dwave-advantage2,Advantage2,D-Wave Quantum,https://arxiv.org/abs/0905.0891,,evidence:architecture-paper-figure,✗,paper,[0905.0891] A scalable readout system for a superconducting adiabatic quantum optimization system,2009 readout-architecture paper; Advantage2 and D-Wave not named in abstract
dwave-advantage2,Advantage2,D-Wave Quantum,https://arxiv.org/abs/1401.5504,,evidence:architecture-paper-figure,✗,paper,,"fetch returned abstract only (no title, 2 tries); 512-qubit annealer (D-Wave Two era); Advantage2/D-"
dwave-advantage2,Advantage2,D-Wave Quantum,https://arxiv.org/abs/2403.00910,,evidence:architecture-paper,✗,paper,[2403.00910] Beyond-classical computation in quantum simulation,abstract: generic 'superconducting quantum annealing processors'; D-Wave/Advantage2 unnamed; Science
dwave-advantage2,Advantage2,D-Wave Quantum,https://arxiv.org/abs/2503.05693,arXiv:2503.05693 — classical simulation of D-Wave's quantum-simulation claim,ref:tindall-dwave,✅,paper,Dynamics of disordered quantum systems with two- and three-dimensional tensor networks,"'implemented on D-Wave's Advantage2 system on a range of lattices'; 7 Mar 2025, rev. 27 May 2026"
dwave-advantage2,Advantage2,D-Wave Quantum,https://arxiv.org/abs/2609.01719,arXiv:2609.01719 — t-VMC with a spin-glass correlator ansatz,ref:wiersema,org-only,paper,Numerical simulation of D-Wave's quantum advantage experiment with time-dependent variational Monte Carlo,D-Wave named ('D-Wave spin-glass annealing protocol'); Advantage2 not named; 1 Sep 2026
dwave-advantage2,Advantage2,D-Wave Quantum,https://docs.dwavequantum.com/en/latest/quantum_research/topologies.html,,evidence:architecture-paper-figure,✅,docs,Topologies — D-Wave Quantum Computing Products documentation,'Advantage2™ QPUs feature the Zephyr™ topology'; Advantage/Pegasus also named; no date
dwave-advantage2,Advantage2,D-Wave Quantum,https://support.dwavesys.com/hc/en-us/articles/32105885880087-D-Wave-s-Advantage2-Quantum-Computer-Now-Generally-Available,D-Wave — Advantage2 generally available (20 May 2025),ref:dwave-a2,✅,docs,D-Wave's Advantage2 Quantum Computer Now Generally Available,'the Advantage2™ quantum computer ... is available'; support-site note; release 20 May 2025
dwave-advantage2,Advantage2,D-Wave Quantum,https://www.dwavequantum.com/company/newsroom/press-release/beyond-classical-d-wave-first-to-demonstrate-quantum-supremacy-on-useful-real-world-problem/,D-Wave — beyond-classical claim on a useful real-world problem (Science 388),ref:dwave-supremacy,✅,press,"Beyond Classical: D-Wave First to Demonstrate Quantum Supremacy on Useful, Real-World Problem",'D-Wave Advantage2 annealing quantum computer prototype used in supremacy achievement'; 12 Mar 2025
dwave-advantage2,Advantage2,D-Wave Quantum,https://www.dwavequantum.com/company/newsroom/press-release/d-wave-announces-advancements-in-annealing-and-gate-model-quantum-computing-technologies/,D-Wave — advancements in annealing and gate-model technologies (27 Jan 2026),ref:dwave-2026,✅,press,"D-Wave Announces Advancements in Annealing and Gate-Model Quantum Computing Technologies, Furthering Company's Unique Du",'D-Wave's award-winning Advantage2™ annealing quantum computers'; 27 Jan 2026
dwave-advantage3-20000,Advantage3,D-Wave Quantum,https://www.sec.gov/Archives/edgar/data/1907982/000190798226000127/q2earningspresentation.htm,"D-Wave — investor update, Q2 2026 (SEC filing, 6 Aug 2026)",evidence:press-technical,✅,other,"Investor Update August 6, 2026",'Advantage3 100K Qubits System' on the annealing roadmap; 'Advanced packaging & superconducting interconnects enable multi-chip fabric'
dwave-advantage3-20000,Advantage3,D-Wave Quantum,https://www.sec.gov/Archives/edgar/data/1907982/000190798226000127/qbts-20260806xexx991.htm,"D-Wave — second-quarter 2026 results (SEC 8-K exhibit, 6 Aug 2026)",evidence:press-technical,✅,press,D-Wave Reports Second Quarter 2026 Results,"6 Aug 2026; 'the next generation Advantage3™ system to ultimately reach 100,000 qubits by 2031, with an intermediate step of a 20,000 qubit system available in 2029'"
dwave-dualrail-17,D-Wave gate-model dual-rail system,D-Wave Quantum,https://www.dwavequantum.com/company/newsroom/press-release/d-wave-charts-a-new-course-to-fault-tolerant-quantum-computing-with-gate-model-roadmap/,D-Wave — gate-model roadmap press release,ref:dwave-gate,✅,press,D-Wave Charts a New Course to Fault-Tolerant Quantum Computing with Gate-Model Roadmap,alias: '17-physical-qubit system' (2026 milestone) on 'superconducting dual-rail architecture'; 1 Ju
dwave-dualrail-17,D-Wave gate-model dual-rail system,D-Wave Quantum,https://www.nature.com/articles/s41586-026-10822-y,,evidence:architecture-paper-figure,org-only,paper,An entangling gate for dual-rail erasure qubits,D-Wave Quantum Inc. in affiliations; dual-rail cavity-qubit 2q gate; 17-qubit system not named; 5 Au
eleqtron-jion,JION,eleQtron + Forschungszentrum Julich,https://arxiv.org/abs/2409.10498,,evidence:architecture-paper-figure,✗,paper,,"fetch returned abstract only (no title, 2 tries); MAGIC-scheme trapped-ion paper; JION/eleQtron/Jüli"
eleqtron-jion,JION,eleQtron + Forschungszentrum Julich,https://theroboticsmedia.com/article/julich-eleqtron-jion-trapped-ion-quantum-computer-juniq-nrw-september-3-2026,Robotics Media — JION trapped-ion computer at Julich (3 Sep 2026),ref:jion,✅,press,"Jülich And eleQtron Launch JION, Germany's First Integrated Trapped-Ion Quantum Computer",'JION – short for Jülich trapped-ION'; 30-qubit; eleQtron + FZ Jülich named; page dated 8 Sep 2026
eleqtron-qsea-i-10,QSea I (DLR QCI ion-trap demonstrator),"eleQtron with NXP Semiconductors and ParityQC, for the DLR Quantum Computing Initiative",https://qci.dlr.de/en/qsea-i/,"DLR QCI — QSea I, 10-qubit ion-trap demonstrator",evidence:vendor-architecture-page,✅,other,QSea I – Quantum computer demonstrator with 10 ion trap qubits,"names QSea I, eleQtron, NXP and ParityQC; 'A 10-qubit quantum computer demonstrator based on ion trap technology'; project 1 Mar 2023 – 28 Feb 2027"
eleqtron-qsea-i-10,QSea I (DLR QCI ion-trap demonstrator),"eleQtron with NXP Semiconductors and ParityQC, for the DLR Quantum Computing Initiative",https://www.datacenterdynamics.com/en/news/german-made-quantum-computing-demonstrator-goes-live-in-hamburg/,DCD — German-made quantum computing demonstrator goes live in Hamburg (8 Jul 2024),evidence:press-technical,✅,press,German-made quantum computing demonstrator goes live in Hamburg - DCD,8 Jul 2024; 'the 10-qubit QSea I system was commissioned by the DLR QCI'
eleqtron-qsea-i-10,QSea I (DLR QCI ion-trap demonstrator),"eleQtron with NXP Semiconductors and ParityQC, for the DLR Quantum Computing Initiative",https://www.nxp.com/company/about-nxp/newsroom/NW-NXP-ELEQTRON-AND-PARITYQC-FIRST-QUANTUM,"NXP — NXP, eleQtron and ParityQC reveal their first quantum computing demonstrator (30 May 2024)",evidence:press-technical,✅,press,"NXP, eleQtron and ParityQC Reveal their First Quantum Computing Demonstrator for the DLR Quantum Computing Initiative",30 May 2024; names the 'QSea I demonstrator'; no qubit count on the page
equal1-racq,RacQ (Bell-1),Equal1,https://quantumzeitgeist.com/top-silicon-spin-quantum-computing-companies/,Quantum Zeitgeist — top silicon spin quantum computing companies,ref:spin-zeit,✅,press,Top Silicon Spin Quantum Computing Companies 2026: Complete Vendor Guide,"Bell-1 + Equal1 named (UnityQ not); 9 Jun 2026, mod. 24 Jun 2026"
equal1-racq,RacQ (Bell-1),Equal1,https://www.equal1.com/post/equal1-launches-bell-1-the-first-quantum-system-purpose-built-for-the-hpc-era,Equal1 — Bell-1 launch,ref:equal1,✅,press,Equal1 Launches Bell-1: The First Quantum System Purpose-Built for the HPC Era,Bell-1 and 'UnityQ 6-Qubit Quantum Processing System' named; 16 Mar 2025
equal1-racq,RacQ (Bell-1),Equal1,https://www.equal1.com/insights/equal1-racq-installed-at-esa,Equal1 — RacQ installed at ESA Centre for Earth Observation (31 Jul 2026),evidence:vendor-architecture-page,✅,blog,Equal1 RacQ Installed at ESA Centre for Earth Observation,"31 Jul 2026; RacQ named; installed at the Centre for Earth Observation, Frascati, integrated with ESA HPC"
equal1-racq,RacQ (Bell-1),Equal1,https://www.equal1.com/insights/equal1-unveils-worlds-first-hybrid-rack-mounted-silicon-spin-quantum-computer,Equal1 — unveils the world's first hybrid rack-mounted silicon-spin quantum computer (14 May 2026),evidence:vendor-architecture-page,✅,press,Equal1 Unveils World's First Hybrid Rack-Mounted Silicon-Spin Quantum Computer,"14 May 2026; 'RacQ, the next generation evolution of our Bell-1 Server'; 'The Equal1 RacQ is powered by UnityQ'"
equal1-racq,RacQ (Bell-1),Equal1,https://philab.esa.int/esas-first-quantum-computer-will-shift-computing-frontiers-in-space/,ESA Φ-lab — ESA's first quantum computer will shift computing frontiers in space (15 Jul 2026),evidence:press-technical,✅,blog,ESA's first quantum computer will shift computing frontiers in space,"15 Jul 2026; 'Equal1's Bell-1 quantum computer, a 6-qubit system, is under installation at ESA-ESRIN's Data Centre in Frascati'; 0.3 K, 1.6 kW; agreement signed Nov 2025"
equal1-racq,RacQ (Bell-1),Equal1,https://www.esa.int/Applications/Observing_the_Earth/ESA_brings_quantum_computing_to_Earth_observation,ESA — ESA brings quantum computing to Earth observation (15 Jul 2026),evidence:press-technical,✅,press,ESA brings quantum computing to Earth observation,"15 Jul 2026; 'The European Space Agency has installed its first quantum computer, called Bell-1, at its Earth observation centre in Italy'; Equal1 named"
equal1-racq,RacQ (Bell-1),Equal1,https://www.equal1.com/product,Equal1 — RacQ product page,evidence:vendor-architecture-page,✅,product,Equal1 RacQ,"retrieved 30 Sep 2026; RacQ named; 600 × 1200 × 2000 mm, 200 kg, 1,600 W, 0.3 K; 1Q 99.9%, 2Q 99.3%, readout 99.9%, readout time 10 µs; no qubit count"
equal1-racq,RacQ (Bell-1),Equal1,https://www.siliconrepublic.com/machines/equal1-bell-1-ucd-silicon-republic-quantum-computing,Silicon Republic — Bell-1 by Equal1: an inside look at Ireland's first quantum computer (20 Jun 2025),evidence:press-technical,✅,press,Bell-1 by Equal1: An inside look at Ireland's first quantum computer,"20 Jun 2025; 'The six-qubit Bell-1'; 'situated in a dedicated room in Equal1's office'; 'Next year, we will have 17 [qubits]. The year after that 49, the year after that, 2,000.'"
fujitsu-10000q,"Fujitsu >10,000 physical / ~250 logical (STAR)",Fujitsu + AIST + RIKEN,https://arxiv.org/abs/2303.13181,,evidence:architecture-paper-figure,?,paper,Partially Fault-tolerant Quantum Computing Architecture with Error-corrected Clifford Gates and Space-time Efficient…,STAR arch. paper (title expands acronym); abstract names neither Fujitsu nor a 10k machine; 2023
fujitsu-10000q,"Fujitsu >10,000 physical / ~250 logical (STAR)",Fujitsu + AIST + RIKEN,https://global.fujitsu/en-global/pr/news/2026/03/25-01,Fujitsu — STAR Ver. 3 with University of Osaka (25 Mar 2026),ref:star3,org-only,press,PRESS RELEASE (Fujitsu / The University of Osaka: STAR architecture ver. 3),Fujitsu + STAR ver.3 named (25 Mar 2026); no 10k-physical/250-logical machine; AIST/RIKEN absent
fujitsu-10000q,"Fujitsu >10,000 physical / ~250 logical (STAR)",Fujitsu + AIST + RIKEN,https://journals.aps.org/prxquantum/abstract/10.1103/PRXQuantum.5.010337,"PRX Quantum 5, 010337 — STAR: space-time efficient analog rotation early-FTQC architecture",ref:star,unreachable,paper,,403
fujitsu-10000q,"Fujitsu >10,000 physical / ~250 logical (STAR)",Fujitsu + AIST + RIKEN,https://thequantuminsider.com/2025/12/08/how-fujitsu-is-tackling-a-10000-qubit-quantum-computer-for-practical-applications/,"The Quantum Insider — How Fujitsu is tackling a 10,000-qubit quantum computer",ref:fujitsu-tqi,✅,press,"How Fujitsu Is Tackling a 10,000-Qubit Quantum Computer for Practical Applications","'10,000-qubit … by 2030 … 250 logical qubits' + STAR named; RIKEN, AIST named; 8 Dec 2025"
fujitsu-1000q,"Fujitsu 1,000-qubit machine",Fujitsu (+ RIKEN),https://thequantuminsider.com/2025/12/08/how-fujitsu-is-tackling-a-10000-qubit-quantum-computer-for-practical-applications/,"The Quantum Insider — How Fujitsu is tackling a 10,000-qubit quantum computer",ref:fujitsu-tqi,org-only,press,"How Fujitsu Is Tackling a 10,000-Qubit Quantum Computer for Practical Applications","Fujitsu/RIKEN named; only 256-qubit (2025) & 1,000 LOGICAL by FY2035; no 1,000-physical machine"
google-sycamore-54,Sycamore,Google Quantum AI,https://arxiv.org/abs/1910.11333,,evidence:architecture-paper-figure,?,paper,"[1910.11333] Supplementary information for ""Quantum supremacy using a programmable superconducting processor""","Sycamore-paper supplementary info (Nature 574,505); abstract page names neither Sycamore nor Google"
google-sycamore-54,Sycamore,Google Quantum AI,https://www.nature.com/articles/s41586-019-1666-5,"Nature 574, 505 — Quantum supremacy using a programmable superconducting processor",ref:sycamore,✅,paper,Quantum supremacy using a programmable superconducting processor,'Our Sycamore processor' named; Google in affiliations; 23 Oct 2019
google-sycamore-72,Sycamore-class 72-qubit processor,Google Quantum AI,https://www.nature.com/articles/s41467-024-46623-y,"Nat. Commun. 15, 2442 — Optimizing quantum gates towards the scale of logical qubits (Snake optimiser)",ref:snake,✅,paper,Optimizing quantum gates towards the scale of logical qubits,alias: 'Sycamore processor with N=68 transmon qubits' (72-qubit-class); Google AI affil.; Mar 2024
google-sycamore-72,Sycamore-class 72-qubit processor,Google Quantum AI,https://www.nature.com/articles/s41586-022-05434-1,"Nature 614, 676 — Suppressing quantum errors by scaling a surface code logical qubit",ref:syc72,✅,paper,Suppressing quantum errors by scaling a surface code logical qubit,'expanded Sycamore device with 72 transmon qubits'; Google Quantum AI affiliation; 22 Feb 2023
google-willow,Willow,Google Quantum AI,https://arxiv.org/abs/2408.13687,arXiv:2408.13687 — Quantum error correction below the surface code threshold (Willow),ref:willow-qec,?,paper,[2408.13687] Quantum error correction below the surface code threshold,Below-threshold QEC (Willow) paper; abstract page names neither Willow nor Google; 24 Aug 2024
google-willow,Willow,Google Quantum AI,https://arxiv.org/abs/2505.15917,"arXiv:2505.15917 — Gidney, How to factor 2048-bit RSA integers with less than a million noisy qubits",ref:gidney,✗,paper,How to factor 2048 bit RSA integers with less than a million noisy qubits,RSA-2048 resource estimate; names neither Willow nor Google; 21 May 2025
google-willow,Willow,Google Quantum AI,https://arxiv.org/abs/2511.08493,arXiv:2511.08493 — Reinforcement learning control of quantum error correction (Willow),ref:willow-rl,✅,paper,[2511.08493] Reinforcement Learning Control of Quantum Error Correction,'on a Willow superconducting processor' quoted; Google not named on abstract page; 11 Nov 2025
google-willow,Willow,Google Quantum AI,https://arxiv.org/abs/2512.07737,arXiv:2512.07737 — AlphaQubit2 real-time neural decoding,ref:alphaqubit2,✗,paper,[2512.07737] A scalable and real-time neural decoder for topological quantum codes,AlphaQubit 2 decoder paper; abstract names neither Willow nor Google/DeepMind; 8 Dec 2025
google-willow,Willow,Google Quantum AI,https://arxiv.org/abs/2512.13908,arXiv:2512.13908 — Magic-state cultivation with code switching on Willow,ref:cultivation,?,paper,[2512.13908] Magic state cultivation on a superconducting quantum processor,abstract page names neither Willow nor Google; processor unnamed; 15 Dec 2025
google-willow,Willow,Google Quantum AI,https://arxiv.org/html/2604.15427v1,arXiv:2604.15427 — Tensor networks with belief propagation cannot feasibly simulate Quantum Echoes (defence of the OTOC claim),ref:defence-echoes,✅,paper,Tensor Networks with Belief Propagation Cannot Feasibly Simulate Google's Quantum Echoes Experiment,'the Willow chip' + Google Quantum AI (affiliation and text); 16 Apr 2026
google-willow,Willow,Google Quantum AI,https://blog.google/innovation-and-ai/technology/research/quantum-echoes-willow-verifiable-quantum-advantage/,Google — Quantum Echoes: verifiable quantum advantage on Willow,ref:echoes-blog,✅,blog,Our Quantum Echoes algorithm is a big step toward real-world applications for quantum computing,'Our Willow quantum chip…verifiable quantum advantage'; Google Quantum AI bylines; 22 Oct 2025
google-willow,Willow,Google Quantum AI,https://blog.google/innovation-and-ai/technology/research/quantum-hardware-verifiable-advantage/,Google blog — verifiable quantum advantage hardware numbers,ref:google-verif,✅,blog,Our quantum hardware: the engine for verifiable quantum advantage,"'our high-performance quantum chip, Willow'; Google Quantum AI Roadmap; 22 Oct 2025"
google-willow,Willow,Google Quantum AI,https://quantumai.google/willowearlyaccess,Google — Willow Early Access Program,ref:willow-eap,✅,product,Willow Early Access Program | Google Quantum AI,Willow + Google Quantum AI named; submission deadline 15 May 2026
google-willow,Willow,Google Quantum AI,https://www.nature.com/articles/s41467-024-46623-y,,evidence:architecture-paper,✗,paper,Optimizing quantum gates towards the scale of logical qubits,"names Sycamore (N=68 qubits), not Willow; Google AI affiliation; 18 Mar 2024"
google-willow,Willow,Google Quantum AI,https://www.nature.com/articles/s41586-025-09526-6,"Nature 646, 825 — Constructive interference at the edge of quantum ergodic dynamics (OTOC)",ref:echoes-nature,org-only,paper,Observation of constructive interference at the edge of quantum ergodicity,byline 'Google Quantum AI and Collaborators'; Willow not named in fetched text; 22 Oct 2025
groove-quantum,Groove Quantum (no named machine),Groove Quantum,https://quantumzeitgeist.com/top-silicon-spin-quantum-computing-companies/,Quantum Zeitgeist — top silicon spin quantum computing companies,ref:spin-zeit,✅,press,Top Silicon Spin Quantum Computing Companies 2026: Complete Vendor Guide,"no named machine; page names Groove Quantum + its Ge platform (18 qubits, May 2026); 9 Jun 2026"
hanyuan-1,Hanyuan-1,"Zhongke Kuyuan (Wuhan, CAS)",https://postquantum.com/industry-news/china-neutral-atom-sprint-benchmarks/,PostQuantum — China's neutral-atom sprint: a benchmark audit,ref:china-atoms,✅,press,China's Neutral-Atom Quantum Sprint: Speed vs Data,"Hanyuan-1 (100-qubit, Oct 2025) + Zhongke Kuyuan (CAS, Wuhan) named; 19 Jul 2026"
hanyuan-2,Hanyuan-2,"Zhongke Kuyuan (Wuhan, CAS)",https://postquantum.com/industry-news/china-neutral-atom-sprint-benchmarks/,PostQuantum — China's neutral-atom sprint: a benchmark audit,ref:china-atoms,✅,press,China's Neutral-Atom Quantum Sprint: Speed vs Data,"Hanyuan-2 (200-qubit dual-isotope, May 2026) + Zhongke Kuyuan named; 19 Jul 2026"
harvard-448,448-atom fault-tolerant processor,Harvard / MIT / QuEra,https://postquantum.com/quantum-research/harvard-fault-tolerant/,PostQuantum — Harvard's fault-tolerant neutral-atom processor,ref:harvard-pq,✅,press,Harvard's 448-Atom Quantum Computer Achieves Fault-Tolerant Milestone,"'448 rubidium atoms' + Harvard-led team, QuEra named; MIT only in a link; 11 Nov 2025"
harvard-448,448-atom fault-tolerant processor,Harvard / MIT / QuEra,https://www.nature.com/articles/s41586-025-09848-5,Nature 649 — architectural components of a fault-tolerant neutral-atom processor (448 atoms),ref:harvard448,✅,paper,A fault-tolerant neutral-atom architecture for universal quantum computation,'arrays of up to 448 neutral atoms'; Harvard affiliation; MIT/QuEra not in fetched text; 10 Nov 2025
harvard-continuous-3000,"continuously reloaded 3,000-atom machine",Harvard / MIT,https://arxiv.org/abs/2506.20660,,evidence:architecture-paper-figure,✅,paper,"Continuous operation of a coherent 3,000-qubit system","alias: paper IS the 3,000-qubit continuous-operation machine (>3,000 atoms, >2 h); affils not shown"
harvard-continuous-3000,"continuously reloaded 3,000-atom machine",Harvard / MIT,https://arxiv.org/html/2608.05010v1,"arXiv:2608.05010 — Neutral atom quantum computing: principles, routes, progress and challenges (review; reports the continuously operated 3,000-atom machine)",ref:harvard-cont,✅,paper,"Neutral Atom Quantum Computing: Principles, Routes, Progress, and Challenges",5 Aug 2026; 'Lukin group at Harvard ... continuous operation of a 3000-qubit coherent system'
hitachi-intel18a,Hitachi x Intel 18A spin programme,Hitachi + Intel,https://www.techtimes.com/articles/321867/20260728/hitachi-intel-18a-spin-qubit.htm,TechTimes — Hitachi and Intel 18A spin-qubit programme (28 Jul 2026),ref:techtimes-hitachi,✅,press,Silicon Spin Qubits Get Foundry Path: Hitachi Banks on Intel 18A Process,28 Jul 2026; alias: Hitachi-Intel(-AIST) silicon spin qubits on Intel 18A; no branded programme name
ibm-bluejay,IBM Quantum Blue Jay,IBM,https://arxiv.org/abs/2506.03094,,evidence:architecture-paper,✗,paper,Tour de gross: A modular quantum computer based on bivariate bicycle codes,3 Jun 2025; abstract page names neither Blue Jay nor IBM; BB-code architecture paper
ibm-bluejay,IBM Quantum Blue Jay,IBM,https://arxiv.org/abs/2510.21600,,evidence:architecture-paper-figure,✗,paper,Real-time decoding of the gross code memory with FPGAs,24 Oct 2025; names neither Blue Jay nor IBM; FPGA gross-code decoder paper
ibm-bluejay,IBM Quantum Blue Jay,IBM,https://www.ibm.com/quantum/blog/large-scale-ftqc,"IBM Quantum blog — Large-scale fault-tolerant quantum computing (Starling, Blue Jay)",ref:ibm-ftqc,✅,blog,IBM lays out clear path to fault-tolerant quantum computing | IBM Quantum Computing Blog,"10 Jun 2025; Blue Jay named once, in a render caption (Poughkeepsie: System Two, Starling, Blue Jay)"
ibm-cockatoo,IBM Quantum Cockatoo,IBM,https://arxiv.org/abs/2506.03094,,evidence:architecture-paper-figure,✗,paper,Tour de gross: A modular quantum computer based on bivariate bicycle codes,3 Jun 2025; abstract page names neither Cockatoo nor IBM; BB-code architecture paper
ibm-cockatoo,IBM Quantum Cockatoo,IBM,https://arxiv.org/abs/2510.21600,,evidence:architecture-paper-figure,✗,paper,Real-time decoding of the gross code memory with FPGAs,24 Oct 2025; names neither Cockatoo nor IBM; FPGA gross-code decoder paper
ibm-cockatoo,IBM Quantum Cockatoo,IBM,https://newsroom.ibm.com/2026-08-19-ibm-connects-its-first-modular-cryogenic-systems-in-milestone-toward-fault-tolerant-quantum-computing,IBM connects its first modular cryogenic systems (19 Aug 2026),ref:ibm-cryo,org-only,press,IBM Connects Its First Modular Cryogenic Systems in Milestone Toward Fault-Tolerant Quantum Computing,"19 Aug 2026; names Starling and Nighthawk, never Cockatoo"
ibm-cockatoo,IBM Quantum Cockatoo,IBM,https://www.ibm.com/quantum/blog/qdc-2024,IBM — Quantum Developer Conference 2024 (coupler taxonomy),ref:ibm-qdc2024,org-only,blog,IBM Quantum delivers on 2022 100x100 performance challenge | IBM Quantum Computing Blog,"13 Nov 2024; names Heron R2, Flamingo, Crossbill, Condor; never Cockatoo"
ibm-cockatoo,IBM Quantum Cockatoo,IBM,https://www.ibm.com/roadmaps/quantum/2026/,IBM Quantum roadmap 2026,ref:ibm-roadmap2026,org-only,other,Quantum 2026 — IBM Technology Atlas,"roadmap page, updated Mar 2026; names Nighthawk, Loon; never Cockatoo"
ibm-condor,IBM Quantum Condor,IBM,https://postquantum.com/industry-news/ibm-condor/,"PostQuantum — IBM Condor 1,121 qubits",ref:ibm-condor,✅,press,"IBM Unveils Condor: 1,121-Qubit Quantum Processor","11 Dec 2023 (mod. 5 Oct 2025); 'IBM has announced Condor ... 1,121 qubits'"
ibm-condor,IBM Quantum Condor,IBM,https://www.ibm.com/quantum/blog/quantum-roadmap-2033,,evidence:technical-whitepaper,✅,blog,IBM Quantum System Two: the era of quantum utility is here | IBM Quantum Computing Blog,"4 Dec 2023; 'We have introduced IBM Condor, a 1,121 superconducting qubit quantum processor'"
ibm-eagle,IBM Quantum Eagle r1-r3,IBM,https://arxiv.org/abs/2306.14887,arXiv:2306.14887 — efficient tensor-network simulation of IBM's kicked-Ising experiment,ref:tindall-bp,✅,paper,Efficient tensor network simulation of IBM's Eagle kicked Ising experiment,"26 Jun 2023; 'IBM's Eagle' in title, 127-qubit processor; revision (r1-r3) not stated"
ibm-eagle,IBM Quantum Eagle r1-r3,IBM,https://arxiv.org/abs/2306.16372,arXiv:2306.16372 — fast sparse-Pauli simulation of the kicked-Ising experiment,ref:begusic,✅,paper,Fast classical simulation of evidence for the utility of quantum computing before fault tolerance,28 Jun 2023; '127 qubits of IBM's Eagle processor'; revision not stated
ibm-eagle,IBM Quantum Eagle r1-r3,IBM,https://arxiv.org/html/2410.00916v1,arXiv:2410.00916 — IBM device benchmarking (median ECR error),ref:ibm-eplg,✅,paper,"IBM Quantum Computers: Evolution, Performance, and Future Directions","3 Oct 2024 (AbuGhanem); names Eagle r1 (Dec 2021) and Eagle r3 (Dec 2022, 127 qubits)"
ibm-eagle,IBM Quantum Eagle r1-r3,IBM,https://www.nature.com/articles/s41586-023-06096-3,"Nature 618, 500 — evidence for the utility of quantum computing before fault tolerance",ref:ibm-utility,✅,paper,Evidence for the utility of quantum computing before fault tolerance,"14 Jun 2023; 'IBM Eagle processor ibm_kyiv, composed of 127 fixed-frequency transmon qubits'"
ibm-egret,IBM Quantum Egret,IBM,https://quantum.cloud.ibm.com/docs/en/guides/processor-types,,evidence:technical-whitepaper,✅,docs,Processor types | IBM Quantum Documentation,no date; Egret named once: 'Heron is an Eagle-sized upgrade to Egret'
ibm-egret,IBM Quantum Egret,IBM,https://www.ibm.com/quantum/blog/qdc-2024,IBM — Quantum Developer Conference 2024 (coupler taxonomy),ref:ibm-qdc2024,org-only,blog,IBM Quantum delivers on 2022 100x100 performance challenge | IBM Quantum Computing Blog,"13 Nov 2024; names Heron R2, Flamingo, Crossbill, Condor; never Egret"
ibm-falcon,IBM Quantum Falcon r5.11,IBM,https://www.ibm.com/quantum/blog/heavy-hex-lattice,IBM — Heavy-hex lattice (IBM Quantum blog),ref:ibm-heavyhex,✅,blog,The IBM Quantum heavy hex lattice | IBM Quantum Computing Blog,7 Jul 2021; names 'Falcon' family (basis of heavy-hex); revision r5.11 not stated
ibm-falcon,IBM Quantum Falcon r5.11,IBM,https://www.nature.com/articles/s41467-023-38247-5,Nat. Commun. — Matching and maximum-likelihood decoding of a heavy-hex code (Falcon),ref:ibm-falconqec,✅,paper,Demonstrating multi-round subsystem quantum error correction using matching and maximum likelihood decoders,"18 May 2023; 'ibm_peekskill v2.0.0, a 27 qubit IBM Quantum Falcon processor'; r5.11 not stated"
ibm-flamingo,IBM Quantum Flamingo (l-coupler proof of concept),IBM,https://www.ibm.com/quantum/blog/qdc-2024,IBM — Quantum Developer Conference 2024 (coupler taxonomy),ref:ibm-qdc2024,✅,blog,IBM Quantum delivers on 2022 100x100 performance challenge | IBM Quantum Computing Blog,"13 Nov 2024; 'IBM Quantum Flamingo, which connects two Heron R2 chips with four connectors measuring up to a meter long'"
ibm-heron-r1,IBM Quantum Heron r1,IBM,https://arxiv.org/html/2410.00916v1,arXiv:2410.00916 — IBM device benchmarking (median ECR error),ref:ibm-eplg,✅,paper,"IBM Quantum Computers: Evolution, Performance, and Future Directions","3 Oct 2024; 'In December 2023, Heron r1 was introduced, leveraging 133 qubits'; ibm_torino named"
ibm-heron-r1,IBM Quantum Heron r1,IBM,https://postquantum.com/industry-news/ibm-heron-r3-pittsburgh/,PostQuantum — IBM Heron r3 (ibm_pittsburgh),ref:ibm-heron-r3,✅,press,IBM Launches Heron R3 (ibm_pittsburgh): ~350 uS T2 and a Quality Upgrade for Its 156-Qubit Platform,1 Aug 2025; 'r1 (Dec 2023) introduced the Heron family at 133 qubits'
ibm-heron-r1,IBM Quantum Heron r1,IBM,https://www.ibm.com/quantum/blog/qdc-2024,IBM — Quantum Developer Conference 2024 (coupler taxonomy),ref:ibm-qdc2024,✅,blog,IBM Quantum delivers on 2022 100x100 performance challenge | IBM Quantum Computing Blog,13 Nov 2024; only 'Heron R2' explicit; original Heron 'first introduced in 2023' (= r1) cited
ibm-heron-r2,IBM Quantum Heron r2,IBM,https://postquantum.com/industry-news/ibm-heron-r3-pittsburgh/,PostQuantum — IBM Heron r3 (ibm_pittsburgh),ref:ibm-heron-r3,✅,press,IBM Launches Heron R3 (ibm_pittsburgh): ~350 uS T2 and a Quality Upgrade for Its 156-Qubit Platform,1 Aug 2025; 'r2 (July 2024) redesigned the chip to 156 qubits in a heavy-hex lattice'
ibm-heron-r2,IBM Quantum Heron r2,IBM,https://research.ibm.com/publications/a-cryo-cmos-control-system-for-large-scale-superconducting-qubit-quantum-computing-part-1,IBM Research — A cryo-CMOS control system for large-scale superconducting qubits,ref:ibm-cryocmos,✅,paper,A Cryo-CMOS Control System for Large-Scale Superconducting Qubit Quantum Computing: Part 1,16 Mar 2026 (APS Global Physics Summit); 'deployed on IBM's 156-qubit Heron R2 processor'
ibm-heron-r2,IBM Quantum Heron r2,IBM,https://www.nature.com/articles/s41598-026-40381-1,Sci. Rep. — magic-state injection on ibm_fez,ref:ibm-magic,✅,paper,Magic state injection on IBM quantum processors above the distillation threshold,"26 Feb 2026; alias: ibm_fez (a Heron r2 system) named, 25 qubits; 'Heron r2' string absent"
ibm-heron-r3,IBM Quantum Heron r3 (ibm_pittsburgh),IBM,https://arxiv.org/abs/2607.25941,arXiv:2607.25941 — doped-Clifford sampling with spacetime error detection,ref:uchicago-arxiv,✗,paper,Sampling hard circuits with verifiably high fidelity,28 Jul 2026; abstract page names neither Heron/ibm_pittsburgh nor IBM (full text not fetched)
ibm-heron-r3,IBM Quantum Heron r3 (ibm_pittsburgh),IBM,https://arxiv.org/abs/2607.25998,arXiv:2607.25998 — Observable estimation in the absence of classical verification (operator Loschmidt echo),ref:algorithmiq,✗,paper,Observable Estimation in the Absence of Classical Verification,28 Jul 2026; abstract page names neither Heron/ibm_pittsburgh nor IBM (full text not fetched)
ibm-heron-r3,IBM Quantum Heron r3 (ibm_pittsburgh),IBM,https://arxiv.org/abs/2608.13110,"arXiv:2608.13110 — Manabe, Gu & Pan, classical reproduction of the doped-Clifford circuit",ref:manabe,org-only,paper,Classical Simulation and Design Frontiers for IBM's Doped Clifford Sampling Experiment,"13 Aug 2026; 'IBM doped Clifford random circuit sampling experiment, 70 qubits'; no Heron/pittsburgh"
ibm-heron-r3,IBM Quantum Heron r3 (ibm_pittsburgh),IBM,"https://newsroom.ibm.com/2026-07-30-ibm-and-the-university-of-chicago-demonstrate-quantum-advantage,-establishing-trusted-quantum-computation-on-logical-circuits",IBM Newsroom — IBM and UChicago demonstrate quantum advantage on logical circuits (30 Jul 2026),ref:ibm-uchicago,org-only,press,"IBM and The University of Chicago Demonstrate Quantum Advantage, Establishing Trusted Quantum Computation on Logical…",30 Jul 2026; IBM named throughout; Heron r3 / ibm_pittsburgh never named
ibm-heron-r3,IBM Quantum Heron r3 (ibm_pittsburgh),IBM,https://postquantum.com/industry-news/ibm-heron-r3-pittsburgh/,PostQuantum — IBM Heron r3 (ibm_pittsburgh),ref:ibm-heron-r3,✅,press,IBM Launches Heron R3 (ibm_pittsburgh): ~350 uS T2 and a Quality Upgrade for Its 156-Qubit Platform,1 Aug 2025; 'Heron r3 ... debuting on the IBM Quantum Platform as ibm_pittsburgh in late July 2025'
ibm-heron-r3,IBM Quantum Heron r3 (ibm_pittsburgh),IBM,https://www.ibm.com/quantum/blog/qdc-2025,"IBM — Quantum Developer Conference 2025 (Loon, c-couplers)",ref:ibm-qdc2025,✅,blog,Scaling for quantum advantage and beyond | IBM Quantum Computing Blog,12 Nov 2025; names 'ibm_boston Heron r3 chip' (Heron r3 revision; ibm_pittsburgh not named)
ibm-heron-r3,IBM Quantum Heron r3 (ibm_pittsburgh),IBM,https://www.nature.com/articles/s41598-026-40381-1,,evidence:architecture-paper,✗,paper,Magic state injection on IBM quantum processors above the distillation threshold,"26 Feb 2026; names ibm_fez (a Heron r2), never ibm_pittsburgh / Heron r3"
ibm-kookaburra,IBM Quantum Kookaburra,IBM,https://arxiv.org/abs/2506.03094,arXiv:2506.03094 — Tour de gross (IBM bicycle architecture),ref:tourdegross,org-only,paper,Tour de gross: A modular quantum computer based on bivariate bicycle codes,3 Jun 2025; abstract names neither Kookaburra nor IBM; IBM-authored gross-code architecture paper
ibm-kookaburra,IBM Quantum Kookaburra,IBM,https://arxiv.org/abs/2510.21600,"arXiv:2510.21600 — Relay-BP on FPGA for [[144,12,12]]",ref:relaybp,org-only,paper,Real-time decoding of the gross code memory with FPGAs,24 Oct 2025; abstract names neither Kookaburra nor IBM; IBM-authored gross-code decoder paper
ibm-kookaburra,IBM Quantum Kookaburra,IBM,https://www.ibm.com/roadmaps/quantum/2026/,IBM Quantum roadmap 2026,ref:ibm-roadmap2026,✅,docs,Quantum 2026 — IBM Technology Atlas,Updated Mar 2026; 'Kookaburra will demonstrate a single module out of Starling'
ibm-loon,IBM Quantum Loon,IBM,https://arxiv.org/abs/2510.21600,,evidence:architecture-paper-figure,org-only,paper,Real-time decoding of the gross code memory with FPGAs,24 Oct 2025; abstract names neither Loon nor IBM; IBM-authored gross-code decoder paper
ibm-loon,IBM Quantum Loon,IBM,https://www.ibm.com/quantum/blog/qdc-2025,"IBM — Quantum Developer Conference 2025 (Loon, c-couplers)",ref:ibm-qdc2025,✅,blog,Scaling for quantum advantage and beyond | IBM Quantum Computing Blog,"12 Nov 2025; 'IBM Quantum Loon—a proof-of-concept processor' (c-couplers, qLDPC)"
ibm-nighthawk-r1,IBM Quantum Nighthawk r1,IBM,https://www.ibm.com/quantum/blog/nighthawk-r2,IBM Quantum blog — Nighthawk r2,ref:nighthawk,✅,blog,"IBM Quantum Nighthawk r2—more circuits, faster | IBM Quantum Computing Blog",31 Aug 2026; r1 named as 'its r1 predecessor' of Nighthawk r2
ibm-nighthawk-r1,IBM Quantum Nighthawk r1,IBM,https://www.ibm.com/quantum/blog/qdc-2025,,evidence:technical-whitepaper,✅,blog,Scaling for quantum advantage and beyond | IBM Quantum Computing Blog,12 Nov 2025; '120-qubit IBM Quantum Nighthawk' (no revision suffix; 2025 chip = r1)
ibm-nighthawk-r1,IBM Quantum Nighthawk r1,IBM,https://www.ibm.com/roadmaps/quantum/2026/,IBM Quantum roadmap 2026,ref:ibm-roadmap2026,✅,docs,Quantum 2026 — IBM Technology Atlas,Updated Mar 2026; names 'IBM Quantum Nighthawk' without revision suffix (predates r2)
ibm-nighthawk-r2,IBM Quantum Nighthawk r2,IBM,https://newsroom.ibm.com/2026-08-19-ibm-connects-its-first-modular-cryogenic-systems-in-milestone-toward-fault-tolerant-quantum-computing,IBM connects its first modular cryogenic systems (19 Aug 2026),ref:ibm-cryo,org-only,press,IBM Connects Its First Modular Cryogenic Systems in Milestone Toward Fault-Tolerant Quantum Computing,"19 Aug 2026; names 'IBM Quantum Nighthawk processors' only, no r2"
ibm-nighthawk-r2,IBM Quantum Nighthawk r2,IBM,https://q-ctrl.com/blog/unlocking-peak-performance-on-ibm-quantum-nighthawk-devices-with-crosstalk-suppression,"Q-CTRL — Crosstalk suppression on IBM Nighthawk (ibm_miami, 12 Mar 2026)",ref:qctrl,org-only,blog,Unlocking peak performance on IBM Quantum Nighthawk devices with crosstalk suppression,"12 Mar 2026; names Nighthawk QPU / ibm_miami, never r2; predates r2 (Aug 2026)"
ibm-nighthawk-r2,IBM Quantum Nighthawk r2,IBM,https://www.ibm.com/quantum/blog/nighthawk-r2,IBM Quantum blog — Nighthawk r2,ref:nighthawk,✅,blog,"IBM Quantum Nighthawk r2—more circuits, faster | IBM Quantum Computing Blog","31 Aug 2026; 'IBM Quantum Nighthawk r2 uses independent, high-speed qubit reset'"
ibm-nighthawk-r2,IBM Quantum Nighthawk r2,IBM,https://www.ibm.com/roadmaps/quantum/2026/,IBM Quantum roadmap 2026,ref:ibm-roadmap2026,org-only,docs,Quantum 2026 — IBM Technology Atlas,"Updated Mar 2026; names 'IBM Quantum Nighthawk' family only, no r2"
ibm-osprey,IBM Quantum Osprey,IBM,https://postquantum.com/industry-news/ibm-condor/,"PostQuantum — IBM Condor 1,121 qubits",ref:ibm-condor,✅,press,"IBM Unveils Condor: 1,121-Qubit Quantum Processor",11 Dec 2023 (upd. 5 Oct 2025); 'IBM Osprey (2022) – 433 qubits'
ibm-osprey,IBM Quantum Osprey,IBM,https://www.ibm.com/quantum/blog/next-wave-quantum-centric-supercomputing,,evidence:technical-whitepaper,✅,blog,Quantum-centric supercomputing: The next wave of computing | IBM Quantum Computing Blog,"9 Nov 2022; '433-qubit IBM Quantum Osprey, the largest quantum processor to date'"
ibm-osprey,IBM Quantum Osprey,IBM,https://www.ibm.com/quantum/blog/qdc-2024,IBM — Quantum Developer Conference 2024 (coupler taxonomy),ref:ibm-qdc2024,org-only,blog,IBM Quantum delivers on 2022 100x100 performance challenge | IBM Quantum Computing Blog,"13 Nov 2024; names Heron R2, Flamingo, Crossbill, Condor; Osprey absent"
ibm-starling,IBM Quantum Starling,IBM,https://arxiv.org/abs/2506.03094,arXiv:2506.03094 — Tour de gross (IBM bicycle architecture),ref:tourdegross,org-only,paper,Tour de gross: A modular quantum computer based on bivariate bicycle codes,3 Jun 2025; abstract names neither Starling nor IBM; IBM-authored gross-code architecture paper
ibm-starling,IBM Quantum Starling,IBM,https://arxiv.org/abs/2510.21600,,evidence:architecture-paper-figure,org-only,paper,Real-time decoding of the gross code memory with FPGAs,24 Oct 2025; abstract names neither Starling nor IBM; IBM-authored gross-code decoder paper
ibm-starling,IBM Quantum Starling,IBM,https://www.ibm.com/quantum/blog/large-scale-ftqc,"IBM Quantum blog — Large-scale fault-tolerant quantum computing (Starling, Blue Jay)",ref:ibm-ftqc,✅,blog,IBM lays out clear path to fault-tolerant quantum computing | IBM Quantum Computing Blog,"10 Jun 2025; 'By 2029, we will deliver IBM Quantum Starling'"
infleqtion-sqale,Sqale,Infleqtion,https://thequantuminsider.com/2026/03/16/infleqtion-delivers-the-uks-only-operational-100-qubit-quantum-computing-system-at-the-national-quantum-computing-centre/,The Quantum Insider — Infleqtion delivers the UK's only operational 100-qubit system at the NQCC,ref:infleqtion-nqcc,✅,press,Infleqtion Delivers the UK's Only Operational 100-Qubit Quantum Computing System at the NQCC,16 Mar 2026; 'with its Sqale platform' at NQCC (100 physical qubits)
infleqtion-sqale,Sqale,Infleqtion,https://www.nature.com/articles/s41534-025-01095-w,"npj QI — logical-qubit Anderson-impurity solver on [[4,2,2]] (Infleqtion)",ref:infleqtion-npj,org-only,paper,Fault-tolerant operation and materials science with neutral atom logical qubits,5 Dec 2025 npj QI; 'Infleqtion's quantum computer' (cesium atoms); Sqale not named
intel-tunnel-falls,Tunnel Falls,Intel,https://arxiv.org/abs/2410.16583,,evidence:architecture-paper,✅,paper,[2410.16583] 12-spin-qubit arrays fabricated on a 300 mm semiconductor manufacturing line,22 Oct 2024; 'quantum test chip ... code named Tunnel Falls'; Intel named
intel-tunnel-falls,Tunnel Falls,Intel,https://postquantum.com/quantum-computing-companies/intel/,"PostQuantum — Intel (Tunnel Falls, Horse Ridge, Pando Tree)",ref:intel-pq,✅,other,Intel (PostQuantum company profile),"22 May 2025 (mod. 27 May 2026); 'Intel announced Tunnel Falls, a 12-qubit silicon spin qubit chip'"
intel-tunnel-falls,Tunnel Falls,Intel,https://quantumzeitgeist.com/top-silicon-spin-quantum-computing-companies/,Quantum Zeitgeist — top silicon spin quantum computing companies,ref:spin-zeit,✅,press,Top Silicon Spin Quantum Computing Companies 2026: Complete Vendor Guide,9 Jun 2026 (mod. 24 Jun 2026); '12-qubit Tunnel Falls test chip'
intel-tunnel-falls,Tunnel Falls,Intel,https://www.techtimes.com/articles/321867/20260728/hitachi-intel-18a-spin-qubit.htm,TechTimes — Hitachi and Intel 18A spin-qubit programme (28 Jul 2026),ref:techtimes-hitachi,✅,press,Silicon Spin Qubits Get Foundry Path: Hitachi Banks on Intel 18A Process,28 Jul 2026; '12-qubit Tunnel Falls test processor'; article dates shipping to 'early 2026'
ionq-aria,Aria,IonQ,https://www.ionq.com/quantum-systems/forte,IonQ — Forte quantum system,ref:ionq-forte,✗,product,IonQ Forte: High-Performance Commercial Quantum Computer,Page is about Forte; Aria appears only as a nav card ('Explore Aria')
ionq-aria,Aria,IonQ,https://www.nature.com/articles/s41467-019-13534-2,,evidence:architecture-paper-figure,org-only,paper,Benchmarking an 11-qubit quantum computer,"29 Nov 2019 Nat Commun; IonQ affiliation, 11-qubit system; Aria not named"
ionq-ba133-qldpc-testbed,40-ion Ba-133 qLDPC testbed,IonQ,https://arxiv.org/abs/2606.06455,arXiv:2606.06455 — Breakeven demonstration of quantum LDPC codes (40-ion barium chain),ref:ionq-qldpc,org-only,paper,Breakeven demonstration of quantum low-density parity-check codes,"4 Jun 2026; abstract: 'trapped-ion quantum computer', no ion count/species; IonQ authors"
ionq-ba133-qldpc-testbed,40-ion Ba-133 qLDPC testbed,IonQ,https://postquantum.com/quantum-research/ionq-qldpc-breakeven-trapped-ion/,PostQuantum — IonQ qLDPC break-even on trapped ions,ref:ionq-qldpc-pq,✅,press,IonQ Hits qLDPC Breakeven — 9× Better Than Superconducting,5 Jun 2026; alias: 'stationary chain of 40 barium-133 ions' in IonQ experiment
ionq-forte,Forte / Forte Enterprise,IonQ,https://arxiv.org/abs/2308.05071,,evidence:architecture-paper-figure,✅,paper,Benchmarking a trapped-ion quantum computer with 30 qubits,"abstract: 'the IonQ Forte system' (30-qubit single-chain config); 9 Aug 2023, rev. 2 Nov 2024"
ionq-forte,Forte / Forte Enterprise,IonQ,https://www.businesswire.com/news/home/20250609358259/en/IonQ-Speeds-Quantum-Accelerated-Drug-Development-Application-With-AstraZeneca-AWS-and-NVIDIA,"Businesswire — IonQ, AstraZeneca, AWS and NVIDIA drug-development workflow",ref:ionq-astra,✅,press,"IonQ Speeds Quantum-Accelerated Drug Development Application With AstraZeneca, AWS, and NVIDIA",9 Jun 2025; names 'IonQ Forte' QPU and 'IonQ Forte Enterprise' (36 algorithmic qubits)
ionq-forte,Forte / Forte Enterprise,IonQ,https://www.ionq.com/quantum-systems/forte,IonQ — Forte quantum system,ref:ionq-forte,✅,product,IonQ Forte: High-Performance Commercial Quantum Computer,"vendor product page, no date; 'With 36 qubits, Forte represents IonQ's largest single core' QPU"
ionq-forte,Forte / Forte Enterprise,IonQ,https://www.prnewswire.com/news-releases/qc-ware-and-ionq-demonstrate-high-precision-hybrid-quantum-workflow-for-drug-discovery-302866066.html,PRNewswire — QC Ware and IonQ hybrid quantum workflow for drug discovery,ref:qcware,✅,press,QC Ware and IonQ Demonstrate High-Precision Hybrid Quantum Workflow for Drug Discovery,1 Sep 2026; 'Joint test on IonQ Forte hardware lands within 4% of benchmark'
ionq-oxford-quartet,QUARTET,Oxford Ionics (IonQ),https://arxiv.org/abs/2407.07694,,evidence:architecture-paper-figure,✗,paper,"Scalable, high-fidelity all-electronic control of trapped-ion qubits",10 Jul 2024; Oxford Ionics EQC control paper; abs page names neither QUARTET nor Oxford Ionics/IonQ
ionq-oxford-quartet,QUARTET,Oxford Ionics (IonQ),https://quantumcomputingreport.com/oxford-ionics-installs-full-stack-trapped-ion-quantum-computer-at-uks-national-quantum-computing-centre/,QCR — Oxford Ionics installs a full-stack trapped-ion computer at the NQCC,ref:quartet,✅,press,Oxford Ionics Installs Full-Stack Trapped-Ion Quantum Computer at UK's National Quantum Computing Centre,13 Aug 2025; 'named QUARTET (QUantum Advantage-Ready Trapped-ion Exploration Testbed)'; IonQ unnamed
ionq-oxford-quartet,QUARTET,Oxford Ionics (IonQ),https://www.oxionics.com/announcements/ionq-achieves-landmark-result-setting-new-world-record-in-quantum-computing-performance/,Oxford Ionics — 99.99% two-qubit gate world record (21 Oct 2025),ref:oxionics,org-only,press,"IonQ Achieves Landmark Result, Setting New World Record in Quantum Computing Performance",21 Oct 2025; 99.99% 2Q gate via EQC; Oxford Ionics ('now part of IonQ') named; QUARTET never named
ionq-superion-256,Superion 256,IonQ,https://arxiv.org/abs/2609.05625,arXiv:2609.05625 — Walking-Cat architecture and end-to-end ECDLP-256 compilation,ref:walkingcat,✗,paper,Computing 256-bit elliptic curve discrete logarithms in 26 days on a fault-tolerant trapped-ion quantum computer with 2…,4 Sep 2026; Walking Cat / ECDLP-256 resource paper; abs page names neither Superion nor IonQ
ionq-superion-256,Superion 256,IonQ,https://www.ionq.com/blog/ionqs-accelerated-roadmap-turning-quantum-ambition-into-reality,IonQ — accelerated roadmap,ref:ionq-roadmap,org-only,blog,IonQ's Accelerated Roadmap: Turning Quantum Ambition into Reality,"13 Jun 2025; IonQ named throughout; predates Superion branding, 'Superion' never appears"
ionq-superion-256,Superion 256,IonQ,https://www.ionq.com/news/ionq-launches-superion-product-line-industry-leading-upgradeable-platform-designed-to-scale-manufacturable-fault-tolerant-quantum-computing,IonQ — Superion product line launch (8 Sep 2026),ref:superion,✅,press,IonQ | IonQ Debuts Superion 256 Quantum Computing Platform,"8 Sep 2026; 'IonQ Superion 256, its sixth-generation quantum computing platform'; deliveries 2027"
ionq-tempo,Tempo,IonQ,https://www.ionq.com/quantum-systems/tempo,IonQ — Tempo quantum system,ref:ionq-tempo,✅,product,IonQ Tempo: 100-Qubit Quantum Computer (#AQ 64),"vendor product page, no date; 'IonQ Tempo is designed to be capable of commercial advantage'"
iqcc-facility,IQCC superconducting facility,Israeli Quantum Computing Center (Quantum Machines + QuantWare + Qolab + ORCA),https://i-qcc.com/testbed/,,evidence:vendor-architecture-page,✅,product,IQCC | Testbed,"alias: IQCC's own testbed page ('Advanced Quantum Prototyping Lab', cryogenic testbed); QM-branded"
iqcc-facility,IQCC superconducting facility,Israeli Quantum Computing Center (Quantum Machines + QuantWare + Qolab + ORCA),https://thequantuminsider.com/2026/05/15/10-plus-companies-leading-the-quantum-technologies-race-in-china/,The Quantum Insider — companies leading the quantum race in China,ref:qudoor-tqi,✗,press,Top Chinese Quantum Computing Companies in 2026,"15 May 2026; covers Chinese firms only (China Telecom, Origin, Qudoor, SpinQ...); IQCC/QM unnamed"
iqcc-facility,IQCC superconducting facility,Israeli Quantum Computing Center (Quantum Machines + QuantWare + Qolab + ORCA),https://www.i-qcc.com/,,evidence:vendor-architecture-page,✅,product,IQCC,alias: IQCC homepage ('IQCC by Quantum Machines'; Hyperconverged Quantum Cluster + cryo testbeds)
iqm-emerald-54,IQM Emerald,IQM Quantum Computers,https://arxiv.org/abs/2508.16437,"arXiv:2508.16437 — IQM two-qubit chip: CZ 99.93% over 40 h, readout >99.94%",ref:iqm-cz,✗,paper,"Above 99.9% Fidelity Single-Qubit Gates, Two-Qubit Gates, and Readout in a Single Superconducting Quantum Device",22 Aug 2025; single-device fidelity paper; abs page names neither Emerald nor IQM (no affiliations)
iqm-emerald-54,IQM Emerald,IQM Quantum Computers,https://arxiv.org/abs/2606.19482,,evidence:architecture-paper,✗,paper,Nearest-neighbour gates are all you need: High-rate quantum low-density parity-check codes on a planar grid,17 Jun 2026; qLDPC-on-planar-grid theory paper; names neither Emerald nor IQM
iqm-emerald-54,IQM Emerald,IQM Quantum Computers,https://iqm.tech/technology/roadmap/,"IQM — technology roadmap (Crystal, Star, Constellation, Halocene)",ref:iqm-roadmap,org-only,other,Roadmap - IQM Quantum Computers,"roadmap page (pub 2025-02-15, mod 2026-01-05); IQM named; Emerald not named (Star 24, Halocene are)"
iqm-emerald-54,IQM Emerald,IQM Quantum Computers,https://quantumcomputingreport.com/iqm-and-zurich-instruments-develop-real-time-qec-via-nvidia-nvqlink/,QCR — IQM and Zurich Instruments real-time QEC via NVIDIA NVQLink,ref:iqm-nvqlink,org-only,press,IQM and Zurich Instruments Develop Real-Time QEC via NVIDIA NVQLink,16 Mar 2026; refers to 'IQM's 20-qubit superconducting quantum processor' (Garnet-class); no Emerald
iqm-garnet-20,IQM Garnet,IQM Quantum Computers,https://arxiv.org/abs/2408.12433,,evidence:architecture-paper-figure,✅,paper,[2408.12433] Technology and Performance Benchmarks of IQM's 20-Qubit Quantum Computer,22 Aug 2024; abstract: '20-qubit quantum computer featuring the Garnet QPU'; IQM named
iqm-garnet-20,IQM Garnet,IQM Quantum Computers,https://iqm.tech/technology/roadmap/,"IQM — technology roadmap (Crystal, Star, Constellation, Halocene)",ref:iqm-roadmap,org-only,other,Roadmap - IQM Quantum Computers,"roadmap page (mod 2026-01-05); IQM named; Garnet not named (Star 24, Halocene are)"
iqm-halocene-150,IQM Halocene,IQM Quantum Computers,https://arxiv.org/abs/2606.19482,arXiv:2606.19482 — directional tile and barbell codes for planar iSWAP hardware,ref:iqm-tile,✗,paper,Nearest-neighbour gates are all you need: High-rate quantum low-density parity-check codes on a planar grid,17 Jun 2026; qLDPC-on-planar-grid theory paper; names neither Halocene nor IQM
iqm-halocene-150,IQM Halocene,IQM Quantum Computers,https://iqm.tech/technology/roadmap/,"IQM — technology roadmap (Crystal, Star, Constellation, Halocene)",ref:iqm-roadmap,✅,other,Roadmap - IQM Quantum Computers,"roadmap page (mod 2026-01-05); 'IQM Halocene' appears only in product navigation links, not body"
iqm-halocene-150,IQM Halocene,IQM Quantum Computers,https://quantumcomputingreport.com/iqm-and-zurich-instruments-develop-real-time-qec-via-nvidia-nvqlink/,,evidence:press-technical,org-only,press,IQM and Zurich Instruments Develop Real-Time QEC via NVIDIA NVQLink,16 Mar 2026; refers to 'IQM's 20-qubit superconducting quantum processor'; Halocene not named
iqm-halocene-150,IQM Halocene,IQM Quantum Computers,https://quantumcomputingreport.com/lumi-ai-factory-selects-iqms-halocene-roadmap-for-europes-first-superconducting-logical-qubit-system/,QCR — LUMI AI Factory selects IQM's Halocene roadmap (10 Sep 2026),ref:lumi,✅,press,LUMI AI Factory Selects IQM's Halocene Roadmap for Europe's First Superconducting Logical Qubit System,"10 Sep 2026; 'IQM Halocene H4 platform equipped with 150 physical qubits' (2027), then Halocene H5"
iqm-star-24,IQM Star 24,IQM Quantum Computers,https://arxiv.org/abs/2503.12869,,evidence:architecture-paper-figure,✗,paper,[2503.12869] Quantum error detection in qubit-resonator star architecture,"17 Mar 2025, rev. 21 Aug 2025; six-qubit star-lattice QED paper; names neither Star 24 nor IQM"
iqm-star-24,IQM Star 24,IQM Quantum Computers,https://iqm.tech/technology/roadmap/,"IQM — technology roadmap (Crystal, Star, Constellation, Halocene)",ref:iqm-roadmap,✅,other,Roadmap - IQM Quantum Computers,"'The first quantum computer based on this topology, IQM Star 24, is already accessible'; mod 2026-01"
iqm-star-6,IQM six-qubit star QPU (Deneb-class),IQM Quantum Computers,https://arxiv.org/abs/2503.12869,arXiv:2503.12869 — quantum error detection in qubit-resonator star architecture (IQM),evidence:architecture-paper,✅,paper,Quantum error detection in qubit-resonator star architecture,17 Mar 2025; alias: 'a six-qubit superconducting QPU with a star-topology'; IQM Quantum Computers affiliation in the HTML version; product name not given
iqm-star-6,IQM six-qubit star QPU (Deneb-class),IQM Quantum Computers,https://docs.iqm.tech/iqm-client/api/iqm.qiskit_iqm.fake_backends.fake_deneb.html,IQM docs — IQMFakeDeneb (6-qubit Deneb architecture),evidence:vendor-architecture-page,✅,docs,IQMFakeDeneb,"names 'IQM's 6-qubit Deneb architecture' (star topology, computational resonator, MOVE gate); does not mention the [[4,2,2]] experiment"
kriss-20q,KRISS domestic superconducting QPU,Korea Research Institute of Standards and Science,https://thequantuminsider.com/2026/05/15/10-plus-companies-leading-the-quantum-technologies-race-in-china/,The Quantum Insider — companies leading the quantum race in China,ref:qudoor-tqi,✗,press,Top Chinese Quantum Computing Companies in 2026,15 May 2026; article covers Chinese firms only; KRISS never named
microsoft-majorana-1,Majorana 1 (and Majorana 2),Microsoft,https://arxiv.org/abs/2502.12252,,evidence:architecture-paper-figure,?,paper,Roadmap to fault tolerant quantum computation using topological qubit arrays,"17 Feb 2025, rev. 18 Jul 2025; Majorana-tetron roadmap released with Majorana 1; abs names neither"
microsoft-majorana-1,Majorana 1 (and Majorana 2),Microsoft,https://blogs.microsoft.com/blog/2024/04/03/advancing-science-microsoft-and-quantinuum-demonstrate-the-most-reliable-logical-qubits-on-record-with-an-error-rate-800x-better-than-physical-qubits/,Microsoft — most reliable logical qubits on record with Quantinuum,ref:ms-logical,✗,blog,Advancing science: Microsoft and Quantinuum demonstrate the most reliable logical qubits on record,title from URL slug; 3 Apr 2024; Quantinuum ion-trap HW + MS qubit virtualization; no Majorana 1
microsoft-majorana-1,Majorana 1 (and Majorana 2),Microsoft,https://quantumzeitgeist.com/microsoft-majorana-qubit-claims/,Quantum Zeitgeist — Microsoft's Majorana qubit claims and the Legg dispute,ref:majorana-zeit,✅,press,Majorana Qubit Claims: The Definitive 2026 Microsoft Dispute,28 Jun 2026 (mod 12 Jul 2026); names 'Majorana 1 chip' (Feb 2025) and 'Majorana 2' second-gen chip
microsoft-majorana-1,Majorana 1 (and Majorana 2),Microsoft,https://www.nature.com/articles/s41586-024-08445-2,,evidence:architecture-paper-figure,org-only,paper,Interferometric single-shot parity measurement in InAs–Al hybrid devices,"19 Feb 2025; 'Microsoft Azure Quantum, Redmond' affiliation; Majorana 1 never named"
microsoft-majorana-2,Majorana 2,Microsoft,https://arxiv.org/abs/2606.03884,arXiv:2606.03884 — 20 s parity lifetime in an InAs–Pb tetron device,evidence:architecture-paper,✗,paper,20 Second Parity Lifetime in an InAs--Pb Tetron Device,2 Jun 2026; the technical paper behind Majorana 2 (per Microsoft); the abstract names neither Majorana 2 nor Microsoft
microsoft-majorana-2,Majorana 2,Microsoft,https://quantum.microsoft.com/en-us/insights/blogs/majorana-2-scalable-quantum-processor,Microsoft Quantum — Majorana 2 (2 Jun 2026),evidence:technical-whitepaper,✅,blog,"Microsoft Quantum | Majorana 2 – Microsoft's Scalable Quantum Processor With Reliable, Long-Lasting Qubits","names Majorana 2; 'A four-qubit array, as described in the technical paper'; parity lifetimes above 20 s"
microsoft-majorana-2,Majorana 2,Microsoft,https://quantumzeitgeist.com/microsoft-majorana-qubit-claims/,Quantum Zeitgeist — Microsoft's Majorana qubit claims and the Legg dispute,ref:majorana-zeit,✅,press,Clouds of Uncertainty Dog Microsoft's Majorana Qubit Claims,"28 Jun 2026 (updated 12 Jul 2026); 'introduced Majorana 2, a second-generation topological chip'; 'reports only Z-direction measurements'"
nordquantique-gkp,Nord Quantique single-mode GKP,Nord Quantique,https://arxiv.org/html/2607.06718v1,arXiv:2607.06718 — sub-0.1% SPAM on a GKP qubit (Nord Quantique),ref:nq-spam,✅,paper,Quantum error correction of a grid-state qubit with state preparation and measurement errors below 10^-3,7 Jul 2026; alias: 'grid-state (GKP) qubit' in a Nord Quantique double-post cavity cQED device
nordquantique-gkp,Nord Quantique single-mode GKP,Nord Quantique,https://postquantum.com/quantum-computing-companies/nord-quantique/,PostQuantum — Nord Quantique,ref:nq-pq,✅,press,Nord Quantique,22 May 2025 (mod 27 May 2026); alias: single superconducting qubit encoded with the GKP code
nordquantique-tesseract,Nord Quantique Tesseract,Nord Quantique,https://arxiv.org/html/2607.06718v1,arXiv:2607.06718 — sub-0.1% SPAM on a GKP qubit (Nord Quantique),ref:nq-spam,org-only,paper,Quantum error correction of a grid-state qubit with state preparation and measurement errors below 10^-3,7 Jul 2026; names Nord Quantique (affiliation); single-mode grid-state qubit only; Tesseract unnamed
nordquantique-tesseract,Nord Quantique Tesseract,Nord Quantique,https://postquantum.com/quantum-computing-companies/nord-quantique/,PostQuantum — Nord Quantique,ref:nq-pq,✅,press,Nord Quantique,22 May 2025; alias: 'Tesseract code' multimode bosonic qubit in a prototype system
oqc-athena-75000,OQC ATHENA,Oxford Quantum Circuits,https://oqc.tech/tech/technical-roadmap,"OQC — technical roadmap (GENESIS, TITAN, ATHENA, ATLAS)",ref:oqc-roadmap,✅,product,Roadmap – OQC,"ATHENA (2031): 5,000 logical qubits, 75,000 lattice sites, 1e-9, 3 MHz; foundry-grade QPU on 200 mm wafers"
oqc-atlas-1000000,OQC ATLAS,Oxford Quantum Circuits,https://oqc.tech/tech/technical-roadmap,"OQC — technical roadmap (GENESIS, TITAN, ATHENA, ATLAS)",ref:oqc-roadmap,✅,product,Roadmap – OQC,"ATLAS (2034): 50,000 logical qubits, 1,000,000 lattice sites, 1e-12, 10 MHz; 300 mm wafers; 'multi-layer connectivity'"
oqc-genesis-16,OQC GENESIS,Oxford Quantum Circuits,https://arxiv.org/abs/2506.15420,,evidence:architecture-paper-figure,org-only,paper,Error-detected coherence metrology of a dual-rail encoded fixed-frequency multimode superconducting qubit,fetch returned abstract only; names neither GENESIS nor OQC; OQC dual-rail Dimon paper per oqc.tech
oqc-genesis-16,OQC GENESIS,Oxford Quantum Circuits,https://oqc.tech/resources/beyond-the-bit/dual-rail-dimon-research/,OQC — dual-rail Dimon research (arXiv:2506.15420),ref:oqc-dimon,org-only,blog,Error-detected coherence metrology of a dual-rail encoded fixed-frequency multimode superconducting qubit – OQC,"19 Jun 2025; OQC named (dual-rail Dimon qubit, DDQ); GENESIS not named; Toshiko only in footer"
oqc-genesis-16,OQC GENESIS,Oxford Quantum Circuits,https://oqc.tech/tech/devices/,"OQC — devices page (Toshiko, GENESIS)",ref:oqc-devices,✅,product,Devices – OQC,GENESIS: 'first device in the logical era... fourth generation device... deployed in New York City'
oqc-genesis-16,OQC GENESIS,Oxford Quantum Circuits,https://oqc.tech/tech/technical-roadmap,"OQC — technical roadmap (GENESIS, TITAN, ATHENA, ATLAS)",ref:oqc-roadmap,✅,product,Roadmap – OQC,"GENESIS 'kiloquop device... commercially available from 2026'; TITAN, ATHENA, ATLAS also named"
oqc-genesis-16,OQC GENESIS,Oxford Quantum Circuits,https://quantumcomputingreport.com/oqc-digital-realty-and-nvidia-launch-first-quantum-ai-data-centre-in-new-york-city/,"QCR — OQC, Digital Realty and NVIDIA launch the first quantum-AI data centre in New York City",ref:oqc-genesis,✅,press,"OQC, Digital Realty, and NVIDIA Launch First Quantum-AI Data Centre in New York City",17 Sep 2025; 'integrates OQC's GENESIS quantum computer with NVIDIA accelerated AI hardware'
oqc-titan-2000,OQC TITAN,Oxford Quantum Circuits,https://oqc.tech/tech/technical-roadmap,"OQC — technical roadmap (GENESIS, TITAN, ATHENA, ATLAS)",ref:oqc-roadmap,✅,product,Roadmap – OQC,"TITAN (2028): 200 logical qubits, 2,000 lattice sites, 1e-6, 1 MHz, 100 mm; 'quantum error correction code concatenation'"
oqc-toshiko-32,OQC Toshiko,Oxford Quantum Circuits,https://arxiv.org/abs/2107.11140,,evidence:architecture-paper-figure,?,paper,,fetch returned abstract only (no title/authors); abstract names neither Toshiko nor OQC
oqc-toshiko-32,OQC Toshiko,Oxford Quantum Circuits,https://oqc.tech/tech/devices/,"OQC — devices page (Toshiko, GENESIS)",ref:oqc-devices,✅,product,Devices – OQC,"TOSHIKO: 'Our 32 qubit device is deployed in the UK, Spain and Japan'; OQC Toshiko trademark"
orca-pt1,PT-1,ORCA Computing,https://arxiv.org/html/2605.30935,arXiv:2605.30935 — benchmarking the ORCA PT-2 boson sampler (University of York),evidence:architecture-paper,✅,paper,Benchmarking the ORCA PT-2 Boson Sampler using Minimum Dominating Set Problems,names PT-1 ('single photons as in the PT-1'; 'The PT-1 is no longer in use' for the authors' comparison); §2.2
orca-pt1,PT-1,ORCA Computing,https://orcacomputing.com/orca-pt-1/,ORCA Computing — PT-1,evidence:vendor-architecture-page,✅,product,ORCA PT-1 | ORCA Computing,"mod 29 Oct 2024; 'In 2023, ORCA delivered two PT-1 systems to the Poznań Supercomputing and Networking Center'; MSU order Jun 2024"
orca-pt2,PT-2,ORCA Computing,https://orcacomputing.com/orca-pt-2/,ORCA Computing — PT-2,ref:orca,✅,product,ORCA PT-2 | ORCA Computing,mod 10 Apr 2026; 'the ORCA PT-2 provides access to quantum computing capabilities now'
orca-pt2,PT-2,ORCA Computing,https://thequantuminsider.com/2026/07/24/9-quantum-computing-companies-working-with-photonic-technology,The Quantum Insider — nine companies working with photonic technology (24 Jul 2026),ref:tqi-photonic9,✅,press,Photonic Quantum Technology Companies in 2026,24 Jul 2026; 'ORCA has deployed its PT-2 system at the UK National Quantum Computing Centre'
originq-wukong-102,Origin Wukong 102,Origin Quantum,https://www.nature.com/articles/s41534-025-01118-6,"npj QI — universal logical gate set on [[4,1,2]] (Origin Wukong)",ref:wukong-qec,org-only,paper,Demonstrating a universal logical gate set in error-detecting surface codes on a superconducting quantum processor,"14 Nov 2025; names 'Wukong' only (8-qubit run, no generation); 2024 work predates a 102-q Wukong"
originq-wukong-180,Origin Wukong-180 (4th gen),Origin Quantum,https://thequantuminsider.com/2026/05/15/10-plus-companies-leading-the-quantum-technologies-race-in-china/,The Quantum Insider — companies leading the quantum race in China,ref:qudoor-tqi,✅,press,Top Chinese Quantum Computing Companies in 2026,"15 May 2026; 'launched Origin Wukong-180, its fourth-generation... 180-qubit chip'"
originq-wukong-180,Origin Wukong-180 (4th gen),Origin Quantum,https://www.nature.com/articles/s41534-025-01118-6,"npj QI — universal logical gate set on [[4,1,2]] (Origin Wukong)",ref:wukong-qec,org-only,paper,Demonstrating a universal logical gate set in error-detecting surface codes on a superconducting quantum processor,"14 Nov 2025; names 'Wukong' only (8-qubit run, no generation); predates Wukong-180 (May 2026)"
originq-wukong-72,Origin Wukong (3rd gen),Origin Quantum,https://www.nature.com/articles/s41534-025-01118-6,"npj QI — universal logical gate set on [[4,1,2]] (Origin Wukong)",ref:wukong-qec,✅,paper,Demonstrating a universal logical gate set in error-detecting surface codes on a superconducting quantum processor,14 Nov 2025; alias: 'superconducting quantum processor Wukong' (3rd-gen 72-q era); Origin Quantum au
pasqal-centaurus-500,Pasqal Centaurus,Pasqal,https://www.pasqal.com/newsroom/pasqal-releases-2025-roadmap/,Pasqal — 2025 roadmap (12 Jun 2025),evidence:press-technical,✅,press,Pasqal Releases 2025 Roadmap Showcasing Upgradable Platform from Today's Quantum Solutions to Tomorrow's Fault-Tolerant Systems,"12 Jun 2025; 'Centaurus in 2028, apt for early FTQC'"
pasqal-centaurus-500,Pasqal Centaurus,Pasqal,https://www.pasqal.com/solutions/hardware/,"Pasqal — hardware (Orion Gamma, Vela, Centaurus)",evidence:vendor-architecture-page,✅,product,Hardware - Pasqal,"'Pasqal Centaurus', '500+ qubits', targeted availability for users 2028"
pasqal-fresnel,Fresnel / Fresnel 2,Pasqal,https://arxiv.org/abs/2006.12326,,evidence:architecture-paper-figure,org-only,paper,Quantum computing with neutral atoms,abstract only returned; names neither Fresnel nor Pasqal; Pasqal-authored review (Henriet 2020)
pasqal-fresnel,Fresnel / Fresnel 2,Pasqal,https://postquantum.com/quantum-computing-companies/pasqal/,PostQuantum — Pasqal,ref:pasqal-pq,org-only,press,Pasqal,22 May 2025 (mod 27 May 2026); Pasqal profiled; Fresnel/Fresnel 2 not named
pasqal-fresnel,Fresnel / Fresnel 2,Pasqal,https://www.pasqal.com/blog/inside-pasqals-2026-vision-on-quantum-for-industry-and-research/,Pasqal — inside Pasqal's 2026 vision,ref:pasqal-vision,org-only,blog,Inside Pasqal's 2026 Vision on Quantum for Industry and Research,"29 Jan 2026; Pasqal named, Vela named; Fresnel/Fresnel 2 not named"
pasqal-lyra,Pasqal Lyra,Pasqal,https://www.pasqal.com/newsroom/pasqal-releases-2025-roadmap/,Pasqal — 2025 roadmap (12 Jun 2025),evidence:press-technical,✅,press,Pasqal Releases 2025 Roadmap Showcasing Upgradable Platform from Today's Quantum Solutions to Tomorrow's Fault-Tolerant Systems,12 Jun 2025; 'Lyra in 2029 delivering impactful FTQC'; no qubit count
pasqal-orion,"Orion Alpha / Beta (""Ruby"") / Gamma",Pasqal,https://postquantum.com/quantum-computing-companies/pasqal/,PostQuantum — Pasqal,ref:pasqal-pq,✅,press,Pasqal,"22 May 2025; names 'Orion Beta Ruby system at GENCI', 'Orion Gamma QPU (third-gen)'; Alpha unnamed"
pasqal-orion,"Orion Alpha / Beta (""Ruby"") / Gamma",Pasqal,https://www.pasqal.com/blog/inside-pasqals-2026-vision-on-quantum-for-industry-and-research/,Pasqal — inside Pasqal's 2026 vision,ref:pasqal-vision,org-only,blog,Inside Pasqal's 2026 Vision on Quantum for Industry and Research,29 Jan 2026; Pasqal and Vela named; Orion Alpha/Beta/Ruby/Gamma not named
pasqal-orion,"Orion Alpha / Beta (""Ruby"") / Gamma",Pasqal,https://www.pasqal.com/error-correction/,Pasqal — error correction page,ref:pasqal-ec,org-only,product,Error Correction - Pasqal,mod 3 Apr 2026; Pasqal QEC roadmap page; no Orion machine named
pasqal-orion,"Orion Alpha / Beta (""Ruby"") / Gamma",Pasqal,https://www.pasqal.com/technology/,,evidence:architecture-paper,org-only,product,Technology - Pasqal,mod 3 Apr 2026; Pasqal neutral-atom technology page; no Orion machine named
pasqal-orion,"Orion Alpha / Beta (""Ruby"") / Gamma",Pasqal,https://www.pasqal.com/technology/roadmap/,Pasqal — technology roadmap,ref:pasqal-roadmap,✅,product,Our Quantum Roadmap - Pasqal,mod 20 May 2026; alias: 'our current Pasqal Orion generation'; Alpha/Beta/Ruby/Gamma not named
pasqal-vela,Vela,Pasqal,https://www.pasqal.com/blog/inside-pasqals-2026-vision-on-quantum-for-industry-and-research/,Pasqal — inside Pasqal's 2026 vision,ref:pasqal-vision,✅,blog,Inside Pasqal's 2026 Vision on Quantum for Industry and Research,"29 Jan 2026; 'next-generation quantum processing unit, Vela, will launch in 2026 with over 256' q"
pasqal-vela,Vela,Pasqal,https://www.pasqal.com/technology/roadmap/,Pasqal — technology roadmap,ref:pasqal-roadmap,org-only,product,Our Quantum Roadmap - Pasqal,mod 20 May 2026; Pasqal and Orion generation named; Vela not named
photonic-inc,Entanglement First modules,Photonic Inc.,https://arxiv.org/abs/2406.01704,,evidence:architecture-paper-figure,✅,paper,[2406.01704] Distributed Quantum Computing in Silicon,3 Jun 2024; Photonic Inc author list; alias: entanglement distributed between T-centre modules
photonic-inc,Entanglement First modules,Photonic Inc.,https://photonic.com/technology/error-correction/,Photonic Inc. — error correction (SHYPS qLDPC),ref:photonic-ec,✅,product,Quantum Error Correction with QLDPC | Photonic Inc.,14 Nov 2025 (mod 7 Sep 2026); 'Photonic's Entanglement First™ architecture' named
photonic-inc,Entanglement First modules,Photonic Inc.,https://photonic.com/technology/qubit-platform/,Photonic Inc. — qubit platform (silicon T centres),ref:photonic-qubit,✅,product,Silicon Spin-Photon Qubit Platform | Photonic Inc.,14 Nov 2025 (mod 7 Sep 2026); alias: 'Entanglement First Architecture' (T centre modules)
photonic-inc,Entanglement First modules,Photonic Inc.,https://thequantuminsider.com/2026/02/13/photonic-telus-quantum-teleportation-commercial-fibre/,The Quantum Insider — Photonic and TELUS teleportation over commercial fibre (13 Feb 2026),ref:photonic-telus,✅,press,Photonic and TELUS Demonstrate Quantum Teleportation Over Commercial Fibre Network,13 Feb 2026; 'Using their Entanglement First™ architecture'; Photonic Inc. named
planqc-dinaqc-100,DiNAQC,"planqc, for the DLR Quantum Computing Initiative",https://planqc.eu/technology/products,"planqc — products (DiNAQC, MAQCS)",evidence:vendor-architecture-page,✅,product,Full Stack Quantum Platform | planqc,"'In the DINAQC project, we're developing a 100 qubit system for the German Aerospace Center (DLR) as an on-premise solution'"
planqc-dinaqc-100,DiNAQC,"planqc, for the DLR Quantum Computing Initiative",https://postquantum.com/quantum-computing-companies/planqc,PostQuantum — planqc,ref:planqc,✅,press,Planqc,"mod 27 May 2026; 'This project, dubbed DiNAQC (Digital Neutral-Atom Quantum Computer)'; 100-qubit demonstrator operational by spring 2027, DLR Innovation Center Ulm"
planqc-dinaqc-100,DiNAQC,"planqc, for the DLR Quantum Computing Initiative",https://qci.dlr.de/en/dinaqc/,"DLR QCI — DiNAQC, digital neutral-atom quantum computer",evidence:vendor-architecture-page,✅,other,DiNAQC – Digital neutral atom quantum computer,'A highly scalable digital quantum computer with 100 qubits based on neutral atoms'; project 1 Sep 2023 – 1 Mar 2027; 10×13 register news 4 Nov 2025
planqc-maqcs,MAQCS and DiNAQC,planqc,https://postquantum.com/quantum-computing-companies/planqc,PostQuantum — planqc,ref:planqc,✅,press,Planqc,"DiNAQC (DLR Ulm, 100q) and MAQCS (LRZ, 1000q) named; planqc named; updated 27 May 2026"
princeton-yb-erasure,metastable Yb-171 erasure array,Princeton (Thompson group),https://arxiv.org/abs/2506.13724,,evidence:architecture-paper-figure,✅,paper,[2506.13724] Logical qubits with erasure conversion using metastable neutral atoms,descriptive name matches ('metastable 171Yb nuclear spin qubit... erasure'); Thompson author; 2026
princeton-yb-erasure,metastable Yb-171 erasure array,Princeton (Thompson group),https://arxiv.org/html/2506.13724,arXiv:2506.13724 — metastable ytterbium erasure-converted qubits (Princeton),ref:princeton,✅,paper,Logical qubits with erasure conversion using metastable neutral atoms,descriptive name matches (metastable 3P0 171Yb erasure qubits); Princeton Univ. affiliation shown
psiquantum-omega,Omega chipset (Moreton Bay / Chicago systems unnamed),PsiQuantum,https://postquantum.com/quantum-computing-companies/psiquantum/,PostQuantum — PsiQuantum,ref:psiq-pq,org-only,press,PsiQuantum,Omega/Moreton Bay/Chicago not named; only 'Q1' 256-mode chip mentioned; updated 27 May 2026
psiquantum-omega,Omega chipset (Moreton Bay / Chicago systems unnamed),PsiQuantum,https://www.nature.com/articles/s41586-025-08820-7,,evidence:architecture-paper-figure,org-only,paper,A manufacturable platform for photonic quantum computing,"the Omega platform paper by content (Nature, 26 Feb 2025) but the name 'Omega' does not appear"
psiquantum-omega,Omega chipset (Moreton Bay / Chicago systems unnamed),PsiQuantum,https://www.psiquantum.com/news-import/omega,PsiQuantum — Omega chipset,ref:psiq-omega,✅,press,"PsiQuantum Announces Omega, a Manufacturable Chipset for Photonic Quantum Computing — PsiQuantum","'announces Omega, a quantum photonic chipset'; Brisbane and Chicago sites named; 26 Feb 2025"
psiquantum-omega,Omega chipset (Moreton Bay / Chicago systems unnamed),PsiQuantum,https://www.psiquantum.com/technology,PsiQuantum — technology,ref:psiq-tech,✅,product,Technology — PsiQuantum,'Our Omega platform integrates...'; Brisbane and Chicago sites named; no date
psiquantum-omega,Omega chipset (Moreton Bay / Chicago systems unnamed),PsiQuantum,https://www.technologyreview.com/2026/07/14/1140356,MIT Technology Review — inside PsiQuantum's testbed (14 Jul 2026),ref:psiq-mit,org-only,press,PsiQuantum has a plan to make a massive quantum computer out of light,Omega not named; Chicago (IQMP) and Australian site discussed; Moreton Bay only in caption; Jul 2026
qci-seeker-8,Aqumen Seeker,"Quantum Circuits Inc. (acquired by D-Wave, Jan 2026)",https://www.nature.com/articles/s41586-026-10822-y,Nature — An entangling gate for dual-rail erasure qubits (Quantum Circuits),ref:qci-gate,org-only,paper,An entangling gate for dual-rail erasure qubits,Seeker not named; affiliation is D-Wave Quantum Inc. (QCI acquired Jan 2026); 5 Aug 2026
qilimanjaro,coherent annealer,Qilimanjaro Quantum Tech,https://link.springer.com/article/10.1140/epjqt/s40507-021-00094-y,,evidence:architecture-paper,✅,paper,Startup Qilimanjaro—towards a European full-stack coherent quantum annealer platform,"'truly coherent quantum annealers' and Qilimanjaro Quantum Tech named; EPJ QT, 27 Feb 2021"
qilimanjaro,coherent annealer,Qilimanjaro Quantum Tech,https://www.dwavequantum.com/beyond-classical/,D-Wave — beyond classical,ref:dwave-beyond,✗,other,Beyond Classical | D-Wave,D-Wave marketing page; neither Qilimanjaro nor coherent annealer named
qinghe-1,Qinghe-1,"Zhongqi Wuliang (Shanghai, CAS SIOM spin-off)",https://postquantum.com/industry-news/china-neutral-atom-sprint-benchmarks/,PostQuantum — China's neutral-atom sprint: a benchmark audit,ref:china-atoms,✅,press,China's Neutral-Atom Quantum Sprint: Speed vs Data,alias 'Qinghe No. 1 (清河一号)'; Zhongqi Wuliang (CAS SIOM spin-off) named; 19 Jul 2026
qolab-iqcc,Qolab devices at the IQCC,Qolab,https://qolab.ai/product,,evidence:vendor-architecture-page,org-only,product,Product,IQCC not named; page names 'Qolab Start' deployable SC QPU platform; no date
qolab-iqcc,Qolab devices at the IQCC,Qolab,https://qolab.ai/technology,,evidence:vendor-architecture-page,org-only,product,Technology,IQCC not named; Qolab named throughout; no date
qolab-iqcc,Qolab devices at the IQCC,Qolab,https://thequantuminsider.com/2026/05/15/10-plus-companies-leading-the-quantum-technologies-race-in-china/,The Quantum Insider — companies leading the quantum race in China,ref:qudoor-tqi,✗,press,Top Chinese Quantum Computing Companies in 2026,"article on Chinese companies (Origin, QuantumCTek, SpinQ, Qudoor); Qolab not named; 15 May 2026"
qpiai-indus-25,QpiAI Indus,QpiAI,https://www.sify.com/science-tech/qpiai-unveils-kaveri-indias-first-aatmanirbhar-64-qubit-quantum-chip/,"Sify — QpiAI unveils Kaveri, India's 64-qubit chip (26 Feb 2026)",ref:kaveri,✅,press,"QpiAI Unveils Kaveri, India's First Aatmanirbhar 64-Qubit Quantum Chip - Sify","'Indus, which operated with 25 qubits under the National Quantum Mission'; 26 Feb 2026"
qpiai-kaveri-64,QpiAI Kaveri,QpiAI,https://www.sify.com/science-tech/qpiai-unveils-kaveri-indias-first-aatmanirbhar-64-qubit-quantum-chip/,"Sify — QpiAI unveils Kaveri, India's 64-qubit chip (26 Feb 2026)",ref:kaveri,✅,press,"QpiAI Unveils Kaveri, India's First Aatmanirbhar 64-Qubit Quantum Chip - Sify","'QpiAI has introduced Kaveri, a 64-qubit superconducting quantum processor'; 26 Feb 2026"
quamcore,QuamCore,QuamCore,https://thequantuminsider.com/2026/05/15/10-plus-companies-leading-the-quantum-technologies-race-in-china/,The Quantum Insider — companies leading the quantum race in China,ref:qudoor-tqi,✗,press,Top Chinese Quantum Computing Companies in 2026,article on Chinese companies; QuamCore not named; 15 May 2026
quamcore,QuamCore,QuamCore,https://www.quamcore.com/,,evidence:vendor-architecture-page,✅,product,Pioneering massive scaling of superconducting quantum computing,"machine_name = org name; page describes QuamCore SC processor architecture, no model name; 2026"
quandela-belenos,Belenos,Quandela,https://arxiv.org/abs/2306.00874,arXiv:2306.00874 — a versatile single-photon-based quantum computing platform (Ascella),ref:ascella,✗,paper,[2306.00874] A general-purpose single-photon-based quantum computing platform,"predecessor Ascella-prototype paper (Jun 2023); Belenos, Ascella, Quandela not named on abs page"
quandela-belenos,Belenos,Quandela,https://thequantuminsider.com/2026/07/24/9-quantum-computing-companies-working-with-photonic-technology,The Quantum Insider — nine companies working with photonic technology (24 Jul 2026),ref:tqi-photonic9,✅,press,Photonic Quantum Technology Companies in 2026,'BELENOS (12-qubit) and CANOPUS (24-qubit) processors' via OVHcloud; Quandela named; 24 Jul 2026
quandela-belenos,Belenos,Quandela,https://www.quandela.com/products-and-services/mosaiq/,Quandela — MosaiQ product line,ref:quandela-mosaiq,✅,product,Quandela MosaiQ - The Photonic Quantum Computer,"'Belenos – mosaiQ 12', 'second-generation quantum computer with 12 qubits'; mod. 12 Sep 2024"
quandela-canopus-24,Quandela Canopus,Quandela,https://thequantuminsider.com/2026/07/24/9-quantum-computing-companies-working-with-photonic-technology,The Quantum Insider — nine companies working with photonic technology (24 Jul 2026),ref:tqi-photonic9,✅,press,Photonic Quantum Technology Companies in 2026,24 Jul 2026; 'BELENOS (12-qubit) and CANOPUS (24-qubit) processors on a sovereign European cloud from mid-2026'
quandela-canopus-24,Quandela Canopus,Quandela,https://www.quandela.com/canopus/,Quandela — Canopus,evidence:vendor-architecture-page,✅,product,Canopus - Quandela,mod 19 Mar 2026; 'MosaiQ 24Q'; 'Canopus will be available to our Premium customers and partners through Quandela cloud platform in 2026'
quandela-canopus-24,Quandela Canopus,Quandela,https://www.quandela.com/products-and-services/mosaiq/,Quandela — MosaiQ product line,ref:quandela-mosaiq,✅,product,Quandela MosaiQ - The Photonic Quantum Computer,"'Canopus – MosaiQ 24', 'Our latest quantum computer'"
quandela-lucy,Lucy,Quandela,https://thequantuminsider.com/2026/07/24/9-quantum-computing-companies-working-with-photonic-technology,The Quantum Insider — nine companies working with photonic technology (24 Jul 2026),ref:tqi-photonic9,✅,press,Photonic Quantum Technology Companies in 2026,"'12-qubit Lucy photonic system to the CEA, installed at the TGCC' (Oct 2025); 24 Jul 2026"
quandela-lucy,Lucy,Quandela,https://www.quandela.com/products-and-services/mosaiq/,Quandela — MosaiQ product line,ref:quandela-mosaiq,org-only,product,Quandela MosaiQ - The Photonic Quantum Computer,Lucy not named; page lists Belenos/MosaiQ line only; mod. 12 Sep 2024
quantinuum-apollo,Apollo,Quantinuum,https://www.quantinuum.com/blog/technical-perspective-by-the-end-of-the-decade-we-will-deliver-universal-fault-tolerant-quantum-computing,Quantinuum — By the end of the decade we will deliver universal fault-tolerant quantum computing,ref:qtm-tech,✅,blog,"Technical perspective: By the end of the decade, we will deliver universal, fully fault-tolerant quantum computing",'Apollo makes good on that promise... Thousands of physical qubits'; 17 Sep 2024
quantinuum-h1,System Model H1 (H1-1),Quantinuum,https://arxiv.org/abs/2107.07505,,evidence:architecture-paper-figure,?,paper,[2107.07505] Realization of real-time fault-tolerant quantum error correction,abs page names neither H1 nor Honeywell; only 'ten qubit QCCD trapped-ion quantum computer'; 2021
quantinuum-h1,System Model H1 (H1-1),Quantinuum,https://arxiv.org/html/2603.04584,arXiv:2603.04584 — logical QAOA and HHL with JPMorganChase,ref:jpmc-logical,✗,paper,Fault-tolerant execution of error-corrected quantum algorithms,"experiments on Quantinuum H2 and Helios, H1 not named; JPMorganChase + Quantinuum authors"
quantinuum-h1,System Model H1 (H1-1),Quantinuum,https://learn.microsoft.com/en-us/azure/quantum/provider-quantinuum,Microsoft Learn — Azure Quantum Quantinuum provider page,ref:azure-quantinuum,✗,docs,Quantinuum provider - Azure Quantum | Microsoft Learn,"H1 not named; page lists System Model H2 (H2-1, H2-2) only; updated 15 May 2026"
quantinuum-h1,System Model H1 (H1-1),Quantinuum,https://postquantum.com/quantum-computing/quantinuum-helios-architecture/,,evidence:press-technical,✅,press,"Analysis of Quantinuum Helios, a 98-Qubit Trapped-Ion Quantum Computer","alias 'H1' in passing ('Earlier Quantinuum systems (H1, H2) used 171Yb'); Helios article; 8 Nov 2025"
quantinuum-h1,System Model H1 (H1-1),Quantinuum,https://www.quantinuum.com/blog/technical-perspective-by-the-end-of-the-decade-we-will-deliver-universal-fault-tolerant-quantum-computing,Quantinuum — By the end of the decade we will deliver universal fault-tolerant quantum computing,ref:qtm-tech,✅,blog,"Technical perspective: By the end of the decade, we will deliver universal, fully fault-tolerant quantum computing",alias 'H1' in passing ('171Yb+ qubits used in our H1 and H2 systems'); 17 Sep 2024
quantinuum-h2,"System Model H2 (H2-1, H2-2)",Quantinuum,https://arxiv.org/abs/2404.16728,arXiv:2404.16728 — transversal vs lattice-surgery logical teleportation (Quantinuum H2),ref:teleport,✅,paper,High-fidelity and Fault-tolerant Teleportation of a Logical Qubit using Transversal Gates and Lattice Surgery on a Tr...,alias 'Quantinuum's H2 trapped-ion quantum processor' (no -1/-2 suffix); 25 Apr 2024
quantinuum-h2,"System Model H2 (H2-1, H2-2)",Quantinuum,https://arxiv.org/abs/2406.02501,arXiv:2406.02501 — RCS in arbitrary geometry on H2-1 (56 qubits),ref:qtm-rcs,✅,paper,The computational power of random quantum circuits in arbitrary geometries,'Quantinuum's H2 quantum computer' upgraded to 56 qubits; Jun 2024; PRX 2025
quantinuum-h2,"System Model H2 (H2-1, H2-2)",Quantinuum,https://arxiv.org/abs/2506.14169,"arXiv:2506.14169 — [[15,1,3]] to [[7,1,3]] code switching and magic states",ref:codeswitch,✅,paper,Experimental Demonstration of High-Fidelity Logical Magic States from Code Switching,abs page names neither; HTML full text: 'Quantinuum's H2-1 trapped-ion processor'; Jun/Aug 2025
quantinuum-h2,"System Model H2 (H2-1, H2-2)",Quantinuum,https://arxiv.org/html/2603.04584,arXiv:2603.04584 — logical QAOA and HHL with JPMorganChase,ref:jpmc-logical,✅,paper,Fault-tolerant execution of error-corrected quantum algorithms,"'Quantinuum System Model H2', H2-1, H2-2 and Helios named; JPMC + Quantinuum authors; 2026"
quantinuum-h2,"System Model H2 (H2-1, H2-2)",Quantinuum,https://postquantum.com/quantum-computing/quantinuum-helios-architecture/,,evidence:press-technical,✅,press,"Analysis of Quantinuum Helios, a 98-Qubit Trapped-Ion Quantum Computer",page is about Helios; H2 named as 'previous generation H2 device' (race-track); 8 Nov 2025
quantinuum-h2,"System Model H2 (H2-1, H2-2)",Quantinuum,https://www.nature.com/articles/s41586-025-08737-1,Nature — Certified randomness using a trapped-ion quantum processor,ref:certrand,✅,paper,Certified randomness using a trapped-ion quantum processor | Nature,'56-qubit Quantinuum H2-1 trapped-ion quantum computer'; 26 Mar 2025
quantinuum-h2,"System Model H2 (H2-1, H2-2)",Quantinuum,https://www.nature.com/articles/s41586-026-10628-y,"Nature — Microsoft and Quantinuum tesseract [[16,4,2,4]] logical qubits",ref:tesseract-nature,org-only,paper,Improved quantum processor logical error rates via correction and detection | Nature,Quantinuum named (affiliations); fetched text (2 tries) has no H2/H2-1/H2-2; 10 Jun 2026
quantinuum-helios,Helios,Quantinuum,https://arxiv.org/abs/2602.22211,arXiv:2602.22211 — XY-model magnetism on encoded logical qubits (Helios),ref:qtm-xy,✅,paper,Computing with many encoded logical qubits beyond break-even,'98-qubit Quantinuum Helios trapped-ion quantum processor'; 25 Feb 2026
quantinuum-helios,Helios,Quantinuum,https://arxiv.org/abs/2609.03194,,evidence:architecture-paper,✅,paper,Experimental validation of a compact fault-tolerant architecture for trapped ions,"'Using Quantinuum Helios, a 98-qubit trapped-ion quantum processor'; 2 Sep 2026"
quantinuum-helios,Helios,Quantinuum,https://arxiv.org/html/2511.05465v1,"arXiv:2511.05465 — Helios: a 98-qubit trapped-ion quantum computer (system paper, incl. RCS mirror benchmarking)",ref:helios-rcs,✅,paper,Helios: A 98-qubit trapped-ion quantum computer,"title and text name 'Quantinuum Helios'; HTML v1, no date shown"
quantinuum-helios,Helios,Quantinuum,https://postquantum.com/quantum-computing/quantinuum-helios-architecture/,PostQuantum — Quantinuum Helios architecture,ref:helios-pq,✅,press,"Analysis of Quantinuum Helios, a 98-Qubit Trapped-Ion Quantum Computer",Helios and Quantinuum named throughout; 8 Nov 2025 (mod. 16 Nov 2025)
quantinuum-helios,Helios,Quantinuum,https://www.arxiv.org/abs/2511.02125,arXiv:2511.02125 — non-equilibrium Fermi-Hubbard dynamics on Helios,ref:helios-fh,✅,paper,Superconducting pairing correlations on a trapped-ion quantum computer,"'Fermi-Hubbard models simulated on Quantinuum's Helios'; 3 Nov 2025, rev. 17 Feb 2026"
quantinuum-helios,Helios,Quantinuum,https://www.nature.com/articles/s41586-026-10676-4,"Nature 655, 81 — the Helios trapped-ion quantum computer",ref:helios-nature,✅,paper,A 98-qubit trapped-ion quantum computer with all-to-all connectivity | Nature,'We report on Quantinuum Helios'; published 17 Jun 2026
quantinuum-helios,Helios,Quantinuum,https://www.quantinuum.com/blog/helios-delivers-quantum-advantage-with-real-world-impact,Quantinuum — Helios delivers quantum advantage with real-world impact (Fermi-Hubbard),ref:helios-hubbard,✅,blog,Helios Delivers Quantum Advantage with Real-World Impact,"'Quantinuum's Helios' named; Fermi-Hubbard 6x6 lattice, 90 qubits; 5 Nov 2025"
quantinuum-helios,Helios,Quantinuum,https://www.quantinuum.com/blog/introducing-helios-the-most-accurate-quantum-computer-in-the-world,Quantinuum — Introducing Helios,ref:helios-blog,✅,blog,Introducing Helios: The Most Accurate Quantum Computer in the World,Helios named; 'predecessor H2'; 5 Nov 2025
quantinuum-helix,Helix architecture on Helios,Quantinuum,https://arxiv.org/abs/2609.03194,"arXiv:2609.03194 — Berthusen, Potter, Hayes et al., the C4-Helix [[20,2,6]] code on Helios",ref:helix,✅,paper,Experimental validation of a compact fault-tolerant architecture for trapped ions,"'[[20,2,6]] C4-Helix code' demonstrated on 'Quantinuum Helios'; 2 Sep 2026"
quantinuum-sol,Sol,Quantinuum,https://www.quantinuum.com/blog/technical-perspective-by-the-end-of-the-decade-we-will-deliver-universal-fault-tolerant-quantum-computing,Quantinuum — By the end of the decade we will deliver universal fault-tolerant quantum computing,ref:qtm-tech,✅,blog,"Technical perspective: By the end of the decade, we will deliver universal, fully fault-tolerant quantum computing","'Quantinuum Sol' named (2D-grid, hundreds of qubits, after Helios); 17 Sep 2024"
quantum-art-multicore,multi-core 2-D ion architecture,Quantum Art,https://arxiv.org/abs/2311.01168,,evidence:architecture-paper-figure,?,paper,(title not returned by summariser),abs names neither 'multi-core' nor 'Quantum Art'; ion crystal split into 'cells' (multi-core idea)
quantum-art-multicore,multi-core 2-D ion architecture,Quantum Art,https://quantumcomputingreport.com/quantum-art-extends-series-a-to-140m-to-scale-trapped-ion-architecture/,QCR — Quantum Art extends Series A to $140 M,ref:quantumart,✅,press,Quantum Art Extends Series A to $140M to Scale Trapped-Ion Architecture,"descriptive match: '2D trapped-ion architecture', 'multi-core modularity'; 27 Apr 2026"
quantum-brilliance-quoll,Quoll / QB-QDK 2.0,Quantum Brilliance,https://postquantum.com/quantum-computing-companies/quantum-brilliance,PostQuantum — Quantum Brilliance,ref:qb-pq,✅,press,Quantum Brilliance,'Quantum Development Kit 2.0 (QB-QDK 2.0)' named; 'Quoll' absent; mod. 27 May 2026
quantum-motion-qm-one,QM-One,Quantum Motion,https://arxiv.org/abs/2203.06608,,evidence:architecture-paper-figure,✗,paper,[2203.06608] Fast high-fidelity single-shot readout of spins in silicon using a single-electron box,SEB readout paper; neither QM-One nor Quantum Motion named on abs page; 13 Mar 2022
quantum-motion-qm-one,QM-One,Quantum Motion,https://journals.aps.org/prx/abstract/10.1103/PhysRevX.13.011023,"PRX 13, 011023 — rf single-electron-box readout at 99.2% in under 6 us (Quantum Motion)",ref:qm-seb,unreachable,paper,,403 from journals.aps.org
quantum-motion-qm-one,QM-One,Quantum Motion,https://quantumzeitgeist.com/top-silicon-spin-quantum-computing-companies/,Quantum Zeitgeist — top silicon spin quantum computing companies,ref:spin-zeit,org-only,press,Top Silicon Spin Quantum Computing Companies 2026: Complete Vendor Guide,Quantum Motion profiled (NQCC delivery Sep 2025); QM-One never named; 9 Jun 2026
quantware-contralto-a17,QuantWare Contralto-A17,QuantWare,https://quantware.com/news/introducing-contralto-a-qpu-for-quantum-error-correction,,evidence:vendor-architecture-page,✅,press,Introducing Contralto-A: a QPU for quantum error correction | Quantware,named as 'Contralto-A' with 'up to 17 transmon qubits' (= A17); 25 Feb 2025
quantware-contralto-a17,QuantWare Contralto-A17,QuantWare,https://quantware.com/news/quantware-announces-scaling-breakthrough-with-vio-40k,QuantWare — VIO-40K scaling announcement (8 Dec 2025),ref:quantware-vio,org-only,press,"QuantWare announces scaling breakthrough with VIO-40K, delivering 10,000 qubit Quantum Processors for the first time",VIO-40K/VIO and QuantWare named; Contralto not named; 8 Dec 2025
quantware-tenor-d64,QuantWare Tenor-D64,QuantWare,https://quantware.com/news/quantware-announces-scaling-breakthrough-with-vio-40k,QuantWare — VIO-40K scaling announcement (8 Dec 2025),ref:quantware-vio,org-only,press,"QuantWare announces scaling breakthrough with VIO-40K, delivering 10,000 qubit Quantum Processors for the first time",VIO-40K/VIO and QuantWare named; Tenor not named; 8 Dec 2025
quantware-tenor-d64,QuantWare Tenor-D64,QuantWare,https://quantware.com/product/processors/d-line,,evidence:vendor-architecture-page,✅,product,"D-line QPUs | Build bigger, scale faster",'The award winning QPU Tenor-D64 introduces a 64-qubit architecture'; no date
quantware-vio-40k,QuantWare VIO-40K,QuantWare,https://quantware.com/news/quantware-announces-scaling-breakthrough-with-vio-40k,QuantWare — VIO-40K scaling announcement (8 Dec 2025),ref:quantware-vio,✅,press,"QuantWare announces scaling breakthrough with VIO-40K, delivering 10,000 qubit Quantum Processors for the first time",'QuantWare today announced VIO-40K'; 8 Dec 2025
qudoor-abaq,AbaQ,Qudoor (Guokaike),https://thequantuminsider.com/2026/05/15/10-plus-companies-leading-the-quantum-technologies-race-in-china/,The Quantum Insider — companies leading the quantum race in China,ref:qudoor-tqi,✅,press,Top Chinese Quantum Computing Companies in 2026,company table: 'AbaQ ion trap quantum computer'; Qudoor (Guokaike) named; 15 May 2026
qudora-nfqc,QUDORA NFQC,QUDORA Technologies,https://thequantuminsider.com/2026/05/15/10-plus-companies-leading-the-quantum-technologies-race-in-china/,The Quantum Insider — companies leading the quantum race in China,ref:qudoor-tqi,✗,press,Top Chinese Quantum Computing Companies in 2026,neither QUDORA nor NFQC named; page lists Qudoor (China) — Qudoor/QUDORA name mix-up; 15 May 2026
qudora-nfqc,QUDORA NFQC,QUDORA Technologies,https://www.nature.com/articles/s41534-019-0184-5,,evidence:architecture-paper-figure,✗,paper,Integrated 9Be+ multi-qubit gate device for the ion-trap quantum computer,PTB/LUH 2019 npj QI paper (QUDORA's founding group); neither QUDORA nor NFQC named; 16 Aug 2019
quera-aquila,Aquila,QuEra,https://arxiv.org/abs/2306.11727,,evidence:architecture-paper-figure,✅,paper,[2306.11727] Aquila: QuEra's 256-qubit neutral-atom quantum computer,title names Aquila; 'QuEra's latest device ... on Braket'; 20 Jun 2023
quera-aquila,Aquila,QuEra,https://postquantum.com/quantum-computing-companies/quera/,PostQuantum — QuEra,ref:quera-pq,✅,press,QuEra Computing,"'QuEra launched Aquila, a 256-qubit programmable analog quantum computer'; upd. 27 May 2026"
quera-aquila,Aquila,QuEra,https://www.quera.com/gemini,QuEra — Gemini-class system specifications,ref:gemini,✗,product,Gemini-Class Gate-Model Quantum Computer,page is the Gemini spec page; Aquila appears only as a navigation link
quera-gemini,Gemini-class,QuEra,https://arxiv.org/abs/2412.15165,,evidence:architecture-paper-figure,✗,paper,Experimental Demonstration of Logical Magic State Distillation,arXiv abs names neither Gemini nor QuEra; same paper as Nature s41586-025-09367-3 (✅); 19 Dec 2024
quera-gemini,Gemini-class,QuEra,https://www.nature.com/articles/s41586-025-09367-3,Nature — logical-level magic-state distillation on a neutral-atom processor,ref:quera-msd,✅,paper,Experimental demonstration of logical magic state distillation,ack: 'operation of the Gemini-class neutral-atom quantum computer ... supported by QuEra'; Jul 2025
quera-gemini,Gemini-class,QuEra,https://www.quera.com/gemini,QuEra — Gemini-class system specifications,ref:gemini,✅,product,Gemini-Class Gate-Model Quantum Computer,"'Gemini, QuEra's 260-qubit gate-model neutral-atom quantum computer'; vendor spec page"
quera-libra,Libra,QuEra,https://postquantum.com/quantum-computing-companies/quera/,PostQuantum — QuEra,ref:quera-pq,org-only,press,QuEra Computing,"Libra not mentioned; page names Aquila only; 22 May 2025, upd. 27 May 2026"
quera-libra,Libra,QuEra,https://quantumcomputingreport.com/quera-updates-neutral-atom-quantum-roadmap-with-2028-fault-tolerant-launch-on-amazon-braket/,QCR — QuEra updates its neutral-atom roadmap with a 2028 fault-tolerant launch on Braket,ref:libra,✅,press,QuEra Updates Neutral-Atom Quantum Roadmap with 2028 Fault-Tolerant Launch on Amazon Braket,"'Libra will combine over 10,000 physical qubits ... 256 logical'; Megaquop class; 24 Jun 2026"
quix-carina,Carina,QuiX Quantum,https://postquantum.com/quantum-computing-companies/quix-quantum,PostQuantum — QuiX Quantum,ref:quix-pq,org-only,press,QuiX Quantum,Carina not named; QuiX Quantum profile only; 30 Jun 2025
quix-carina,Carina,QuiX Quantum,https://thequantuminsider.com/2026/07/24/9-quantum-computing-companies-working-with-photonic-technology,The Quantum Insider — nine companies working with photonic technology (24 Jul 2026),ref:tqi-photonic9,org-only,press,Photonic Quantum Technology Companies in 2026,Carina not named; QuiX Quantum paragraph only (2026 delivery target); 24 Jul 2026
quobly,Quobly (no named machine),Quobly,https://quantumzeitgeist.com/top-silicon-spin-quantum-computing-companies/,Quantum Zeitgeist — top silicon spin quantum computing companies,ref:spin-zeit,✅,press,Top Silicon Spin Quantum Computing Companies 2026: Complete Vendor Guide,no named machine; page names Quobly + its 28nm FDSOI Si-spin platform (100-qubit target); 9 Jun 2026
qxl-neutral-atom-50,"Quantum X Labs neutral-atom platform (50+ qubits, claimed)",Quantum X Labs Inc. (Nasdaq: QXL),https://www.stocktitan.net/news/QXL/quantum-x-labs-and-iqcc-a-quantum-machines-company-sign-strategic-gssg0rqxumju.html,,evidence:press-technical,✅,press,Quantum X Labs to test AI error correction with IQCC | QXL Stock News,alias: 'Quantum X Labs launches 50+ physical qubit neutral-atom quantum computer'; 9 Jun 2026
qxl-neutral-atom-50,"Quantum X Labs neutral-atom platform (50+ qubits, claimed)",Quantum X Labs Inc. (Nasdaq: QXL),https://www.stocktitan.net/sec-filings/QXL/8-k-quantum-x-labs-inc-reports-material-event-fbd25da8a74b.html,,evidence:press-technical,✅,other,Quantum X Labs launches 50+ qubit platform | QXL 8-K Filing,8-K: 'launch of its 50+ qubit neutral-atom quantum computing platform'; filed 29 May 2026
rigetti-ankaa-2,Rigetti Ankaa-2,Rigetti Computing,https://arxiv.org/html/2410.05202v1,arXiv:2410.05202 — Riverlane/Rigetti real-time decoding reaction time,ref:ankaa-arxiv,✅,paper,Demonstrating real-time and low-latency quantum error correction with superconducting qubits,'integrated into Rigetti's Ankaa-2 superconducting device's control system'; 84 qubits; 7 Oct 2024
rigetti-ankaa-2,Rigetti Ankaa-2,Rigetti Computing,https://www.nature.com/articles/s41467-026-73331-6,Nat. Commun. — real-time FPGA decoding in the loop on Rigetti Ankaa-2,ref:ankaa-riverlane,✅,paper,Demonstrating real-time and low-latency quantum error correction with superconducting qubits,Nat. Commun.: 'real-time QEC on Rigetti's Ankaa-2'; 84-qubit; 1 Jun 2026
rigetti-ankaa-3,Rigetti Ankaa-3,Rigetti Computing,https://aws.amazon.com/blogs/quantum-computing/amazon-braket-launches-rigetti-cepheus-1-108q-superconducting-device/,AWS — Amazon Braket launches Rigetti Cepheus-1-108Q (7 Apr 2026),ref:cepheus,✅,blog,Amazon Braket launches Rigetti Cepheus-1-108Q superconducting device | AWS Quantum Technologies Blog,Ankaa-3 named only as the system Cepheus-1-108Q replaces; GA 7 Apr 2026
rigetti-ankaa-3,Rigetti Ankaa-3,Rigetti Computing,https://postquantum.com/quantum-computing-companies/rigetti/,"PostQuantum — Rigetti (ABAA junction trimming, 97.4% frequency targeting)",ref:rigetti-pq,✅,press,Rigetti,"'upgraded Ankaa-3 system targeting 99% two-qubit gate fidelity'; 22 May 2025, upd. 27 May 2026"
rigetti-cepheus-1-108q,Rigetti Cepheus-1-108Q,Rigetti Computing,https://arxiv.org/abs/2308.09240,,evidence:architecture-paper-figure,org-only,paper,arXiv:2308.09240 (title not returned; abstract on multi-chip tunable couplers),Cepheus not named; Rigetti 2023 multichip tunable-coupler paper (Field et al.); abstract-only fetch
rigetti-cepheus-1-108q,Rigetti Cepheus-1-108Q,Rigetti Computing,https://aws.amazon.com/blogs/quantum-computing/amazon-braket-launches-rigetti-cepheus-1-108q-superconducting-device/,AWS — Amazon Braket launches Rigetti Cepheus-1-108Q (7 Apr 2026),ref:cepheus,✅,blog,Amazon Braket launches Rigetti Cepheus-1-108Q superconducting device | AWS Quantum Technologies Blog,"'general availability of Rigetti Computing's Cepheus-1-108Q, a 108-qubit ... QPU'; 7 Apr 2026"
rigetti-cepheus-1-108q,Rigetti Cepheus-1-108Q,Rigetti Computing,https://postquantum.com/quantum-computing-companies/rigetti/,"PostQuantum — Rigetti (ABAA junction trimming, 97.4% frequency targeting)",ref:rigetti-pq,org-only,press,Rigetti,Cepheus-1-108Q not named; page names Cepheus-1-36Q and Ankaa-3; upd. 27 May 2026
rigetti-cepheus-1-36q,Rigetti Cepheus-1-36Q,Rigetti Computing,https://arxiv.org/abs/2308.09240,,evidence:architecture-paper-figure,org-only,paper,arXiv:2308.09240 (title not returned; abstract on multi-chip tunable couplers),Cepheus not named; Rigetti 2023 multichip tunable-coupler paper (Field et al.); abstract-only fetch
rigetti-cepheus-1-36q,Rigetti Cepheus-1-36Q,Rigetti Computing,https://aws.amazon.com/blogs/quantum-computing/amazon-braket-launches-rigetti-cepheus-1-108q-superconducting-device/,AWS — Amazon Braket launches Rigetti Cepheus-1-108Q (7 Apr 2026),ref:cepheus,✅,blog,Amazon Braket launches Rigetti Cepheus-1-108Q superconducting device | AWS Quantum Technologies Blog,"'builds on Rigetti's Cepheus-1-36Q system, tripling the number of chiplets'; 7 Apr 2026"
rigetti-cepheus-1-36q,Rigetti Cepheus-1-36Q,Rigetti Computing,https://postquantum.com/quantum-computing-companies/rigetti/,"PostQuantum — Rigetti (ABAA junction trimming, 97.4% frequency targeting)",ref:rigetti-pq,✅,press,Rigetti,"'launched Cepheus-1-36Q, a 36-qubit processor built from four interconnected 9-qubit chiplets'"
rigetti-novera-9,Rigetti Novera,Rigetti Computing,https://investors.rigetti.com/news-releases/news-release-details/rigetti-computing-reports-second-quarter-2026-financial-results,Rigetti — second-quarter 2026 financial results (6 Aug 2026),evidence:press-technical,✅,press,Rigetti Computing Reports Second Quarter 2026 Financial Results,6 Aug 2026; 'Rigetti's 9-qubit Novera QPU supports a broader R&D community'; a Novera for the PSC TangleLab
rigetti-novera-9,Rigetti Novera,Rigetti Computing,https://www.rigetti.com/novera,Rigetti — Novera QPU,evidence:vendor-architecture-page,✅,product,Novera | Rigetti Computing,"'9-qubit QPU', '3x3 array of tunable transmons', 12 tunable couplers; 'Rigetti launches the Novera QPU' (Dec 2023); Horizon Quantum and MSU QCORE installations"
riken-64q,RIKEN 64-qubit superconducting processor,"RIKEN with AIST, NICT, Osaka University, Fujitsu, NTT",https://group.ntt/en/newsrelease/2023/03/24/230324a.html,,evidence:technical-whitepaper,✅,press,Japanese joint research group launches quantum computing cloud service ... first superconducting quantum computer,alias: 'quantum computer uses integrated circuits with 64 qubits'; RIKEN + 5 partners; 24 Mar 2023
riken-64q,RIKEN 64-qubit superconducting processor,"RIKEN with AIST, NICT, Osaka University, Fujitsu, NTT",https://thequantuminsider.com/2025/12/08/how-fujitsu-is-tackling-a-10000-qubit-quantum-computer-for-practical-applications/,"The Quantum Insider — How Fujitsu is tackling a 10,000-qubit quantum computer",ref:fujitsu-tqi,✅,press,"How Fujitsu Is Tackling a 10,000-Qubit Quantum Computer for Practical Applications","alias: 'team unveiled a 64-qubit processor in 2023'; RIKEN, Fujitsu, AIST, Osaka named; 8 Dec 2025"
riken-fujitsu-256q,RIKEN-Fujitsu 256-qubit superconducting quantum computer,RIKEN RQC + Fujitsu,https://thequantuminsider.com/2025/12/08/how-fujitsu-is-tackling-a-10000-qubit-quantum-computer-for-practical-applications/,"The Quantum Insider — How Fujitsu is tackling a 10,000-qubit quantum computer",ref:fujitsu-tqi,✅,press,"How Fujitsu Is Tackling a 10,000-Qubit Quantum Computer for Practical Applications",8 Dec 2025; alias: '256-qubit system in 2025' at the RIKEN RQC–Fujitsu Collaboration Center
riken-fujitsu-256q,RIKEN-Fujitsu 256-qubit superconducting quantum computer,RIKEN RQC + Fujitsu,https://www.fujitsu.com/global/about/resources/news/press-releases/2025/0422-01.html,,evidence:technical-whitepaper,✅,press,Fujitsu and RIKEN develop world-leading 256-qubit superconducting quantum computer,22 Apr 2025; names 256-qubit superconducting QC at RIKEN RQC-FUJITSU Collaboration Center
saxonq-qc2026-dualcore-10,QC2026 Dual Core,SaxonQ,https://thequantuminsider.com/2026/07/10/8-quantum-computing-companies-working-with-nv-centre-in-diamond-technology/,The Quantum Insider — companies working with NV-centre diamond technology (10 Jul 2026),evidence:press-technical,✅,press,Top Diamond NV-Centre Quantum Computing Companies in 2026,"10 Jul 2026; 'In April 2026, SaxonQ unveiled its QC2026 Dual Core at Hannover Messe'; two NV processors at 5 qubits per core"
saxonq-sxq4-4,SXQ4,SaxonQ,https://www.saxonq.com/,"SaxonQ — products (SXQ4, SXQ128–10K)",evidence:vendor-architecture-page,✅,product,SAXON Q — Room-temperature NV center quantum computing,"SXQ4 'Delivered 2023–2025', 'Scale 4 qubits', 'Cores 1 core', 18–27 °C; delivered to DLR & Fraunhofer"
seeqc-sfq-5q,SEEQC SFQ-controlled 5-qubit system,SEEQC,https://arxiv.org/abs/2503.09879,,evidence:architecture-paper,✅,paper,Quantum Computer Controlled by Superconducting Digital Electronics at Millikelvin Temperature,12 Mar 2025 (v2 2026); alias: five-transmon QPU + SFQ control chip; Seeqc affil. via HTML re-fetch
seeqc-sfq-5q,SEEQC SFQ-controlled 5-qubit system,SEEQC,https://www.businesswire.com/news/home/20260318263078/en/SEEQC-Reports-First-Quantum-Computer-with-Integrated-Qubit-Control-on-a-Chip-at-Millikelvin-Temperatures,Businesswire — SEEQC reports the first quantum computer with integrated qubit control on-chip at millikelvin,ref:seeqc,✅,press,SEEQC Reports First Quantum Computer with Integrated Qubit Control on a Chip at Millikelvin Temperatures,18 Mar 2026; alias: 'five-qubit superconducting quantum processor' with digital SC control chip
spinq-ursa-major,SpinQ Ursa Major (25 q / 103 q),SpinQ Technology,https://thequantuminsider.com/2026/05/15/10-plus-companies-leading-the-quantum-technologies-race-in-china/,The Quantum Insider — companies leading the quantum race in China,ref:qudoor-tqi,✅,press,Top Chinese Quantum Computing Companies in 2026,15 May 2026 (mod 17 Jun 2026); names 'Ursa Major series' of SC QCs; 25/103-qubit counts not given
spinq-ursa-major,SpinQ Ursa Major (25 q / 103 q),SpinQ Technology,https://www.spinq.com/en/products-services/quantum-chip,,evidence:vendor-architecture-page,✅,product,SPINQ QPU C Series Superconducting Quantum Processing Unit,no date; alias: QPU model designations C25/C103 (25-q/103-q chips); 'Ursa Major' name not used
sqc-11q,11-qubit donor processor,Silicon Quantum Computing,https://quantumcomputingreport.com/silicon-quantum-computing-sqc-demonstrates-scaling-advantage-with-11-qubit-processor/,QCR — Silicon Quantum Computing demonstrates an 11-qubit processor,ref:sqc,✅,press,Silicon Quantum Computing (SQC) Demonstrates Scaling Advantage with 11-Qubit Processor,4 Feb 2026; alias: '11-qubit atom processor' in isotopically purified Si-28; SQC named
sqc-11q,11-qubit donor processor,Silicon Quantum Computing,https://quantumzeitgeist.com/top-silicon-spin-quantum-computing-companies/,Quantum Zeitgeist — top silicon spin quantum computing companies,ref:spin-zeit,org-only,press,Top Silicon Spin Quantum Computing Companies 2026: Complete Vendor Guide,"9 Jun 2026 (mod 24 Jun); SQC named, 11-qubit processor not; mentions 10-12 qubits only"
sqc-11q,11-qubit donor processor,Silicon Quantum Computing,https://www.nature.com/articles/s41586-025-09827-w,,evidence:architecture-paper-figure,✅,paper,An 11-qubit atom processor in silicon | Nature,17 Dec 2025; alias: '11-qubit atom processor'; Silicon Quantum Computing Pty Ltd in affiliations
sustc-biased-erasure,SUSTech biased-erasure cavity qubit,Southern University of Science and Technology,https://arxiv.org/abs/2601.21616,arXiv:2601.21616 — biased-erasure cavity qubit (SUSTech),ref:sustc,✅,paper,A biased-erasure cavity qubit with hardware-efficient quantum error detection,29 Jan 2026; alias: biased-erasure 3D-cavity '02' qubit; SUSTech affiliation via HTML re-fetch
sustech-dualrail-8,SUSTech four-dual-rail-qubit processor,Southern University of Science and Technology (Huang et al.),https://arxiv.org/abs/2504.12099,arXiv:2504.12099 — logical multi-qubit entanglement with dual-rail superconducting qubits (SUSTech),evidence:architecture-paper,✅,paper,Logical multi-qubit entanglement with dual-rail superconducting qubits,16 Apr 2025; alias: 'a superconducting processor integrating four dual-rail erasure qubits'
sustech-dualrail-8,SUSTech four-dual-rail-qubit processor,Southern University of Science and Technology (Huang et al.),https://www.nature.com/articles/s41567-026-03211-9,Nature Physics — logical multi-qubit entanglement with dual-rail superconducting qubits (6 Mar 2026),evidence:architecture-paper,✅,paper,Logical multi-qubit entanglement with dual-rail superconducting qubits,"6 Mar 2026; SUSTech, IQA and SIQSE affiliations; alias: 'pairs of tunable transmons in a superconducting quantum processor'; logical CNOT 98.1%"
toshiba-dtc,Toshiba double-transmon coupler,Toshiba + RIKEN RQC + University of Tokyo,https://arxiv.org/abs/2402.18926,,evidence:architecture-paper-figure,✅,paper,Realization of High-Fidelity CZ Gate based on a Double-Transmon Coupler,29 Feb 2024 (v 26 Nov 2024); DTC in title; Toshiba/RIKEN RQC/U Tokyo affils via HTML re-fetch
toshiba-dtc,Toshiba double-transmon coupler,Toshiba + RIKEN RQC + University of Tokyo,https://www.global.toshiba/ww/technology/corporate/rdc/rd/topics/24/2411-03.html,"Toshiba — double-transmon coupler, CZ 99.90% over 12 h (PRX 14, 041050)",ref:toshiba-dtc,✅,press,Toshiba's Proposed Double-Transmon Coupler for Superconducting Quantum Computers Achieves World-Class Two-Qubit Gate Pe…,"22 Nov 2024; Double-Transmon Coupler named, Toshiba+RIKEN joint group; U Tokyo not mentioned"
tsinghua-512-ion,2-D site-resolved ion simulator,Tsinghua University (Duan group),https://arxiv.org/abs/2311.17163,,evidence:architecture-paper,✅,paper,A Site-Resolved 2D Quantum Simulator with Hundreds of Trapped Ions,"28 Nov 2023 (Nature 630, 613); alias: site-resolved 512-ion 2D Wigner crystal; L.-M. Duan author"
tsinghua-512-ion,2-D site-resolved ion simulator,Tsinghua University (Duan group),https://www.nature.com/articles/s41586-024-07459-0,Nature 630 — site-resolved two-dimensional 512-ion crystal,ref:tsinghua512,✅,paper,A site-resolved two-dimensional quantum simulator with hundreds of trapped ions,"29 May 2024; alias: 512 ions in 2D Wigner crystal, 300-ion simulation; Tsinghua + L.-M. Duan named"
tsinghua-kunlun-32,Kunlun,Tsinghua University (Deng group),https://arxiv.org/abs/2505.09684,arXiv:2505.09684 — bivariate-bicycle codes on a 32-qubit long-range-coupled processor (Tsinghua),ref:kunlun,✅,paper,Demonstration of low-overhead quantum error correction codes,"14 May 2025; 'superconducting processor, Kunlun, featuring 32 long-range-coupled transmon qubits'"
uibk-innsbruck-ion,University of Innsbruck / IQOQI research trap,University of Innsbruck,https://arxiv.org/abs/2111.12654,"arXiv:2111.12654 — fault-tolerant universal gate set on a [[7,1,3]] code (Innsbruck)",ref:innsbruck-steane,✅,paper,Demonstration of fault-tolerant universal quantum gate operations,"24 Nov 2021; alias: '16-qubit ion-trap quantum information processor', Univ. Innsbruck (PDF)"
uibk-innsbruck-ion,University of Innsbruck / IQOQI research trap,University of Innsbruck,https://arxiv.org/html/2506.22600,"arXiv:2506.22600 — measurement-free fault-tolerant logic on [[8,3,2]]",ref:innsbruck-mf,✅,paper,Demonstration of measurement-free universal fault-tolerant quantum computation,3 Sep 2025; alias: '16-qubit quantum computing device based on trapped ions'; Univ. Innsbruck affil.
uibk-innsbruck-ion,University of Innsbruck / IQOQI research trap,University of Innsbruck,https://www.nature.com/articles/s41567-024-02727-2,Nat. Phys. — fault-tolerant code switching for a universal gate set,ref:innsbruck-switch,✅,paper,Experimental fault-tolerant code switching | Nature Physics,24 Jan 2025; alias: 'trapped-ion processor' at Universität Innsbruck (Inst. f. Experimentalphysik)
umd-duke-ion,Maryland / Duke Quantum Center (EURIQA lineage),University of Maryland / Duke University,https://arxiv.org/abs/2009.11482,,evidence:architecture-paper-figure,✅,paper,Fault-Tolerant Operation of a Quantum Error-Correction Code,24 Sep 2020; alias: UMD/Duke 171Yb+ chip-trap QC (EURIQA lineage); EURIQA not named; PDF re-fetch
umd-duke-ion,Maryland / Duke Quantum Center (EURIQA lineage),University of Maryland / Duke University,https://www.nature.com/articles/s41586-021-03928-y,Nature 598 — fault-tolerant control of an error-corrected Bacon-Shor qubit,ref:umd-bs,✅,paper,Fault-tolerant control of an error-corrected qubit | Nature,4 Oct 2021; alias: 13-trapped-ion-qubit system at Univ. Maryland (Duke co-affil.); EURIQA not named
universal-quantum-iqpu,iQPU / UQConnect,Universal Quantum,https://physicsworld.com/a/uk-firm-universal-quantum-wins-major-quantum-computing-contract/,Physics World — UK firm Universal Quantum wins major quantum computing contract,ref:uq-dlr,org-only,press,UK firm Universal Quantum wins major quantum-computing contract – Physics World,18 Nov 2022; Universal Quantum named; iQPU/UQConnect not; single-/multi-chip QC unnamed
universal-quantum-iqpu,iQPU / UQConnect,Universal Quantum,https://www.nature.com/articles/s41467-022-35285-3,,evidence:architecture-paper-figure,org-only,paper,A high-fidelity quantum matter-link between ion-trap microchip modules,8 Feb 2023; Universal Quantum Ltd only in affiliation; iQPU/UQConnect not named (matter-link demo)
universal-quantum-iqpu,iQPU / UQConnect,Universal Quantum,https://www.quantumway.org/post/universal-quantum-microwave-trapped-ion-chips-modular-scaling-funding-and-2026-2030-roadmap-for,QuantumWay — Universal Quantum microwave trapped-ion chips and UQConnect,ref:uq,✅,press,"Universal Quantum: Microwave Trapped-Ion Chips, Modular Scaling, Funding, and 2026–2030 Roadmap for Investors",19 Aug 2026; names iQPU (integrated QPU) and UQConnect explicitly
ustc-jiuzhang1,Jiuzhang (1.0),USTC (Pan Jianwei group),https://arxiv.org/abs/2012.01625,arXiv:2012.01625 — Gaussian boson sampling with 50 squeezed states in a 100-mode interferometer (USTC),evidence:architecture-paper,?,paper,,"abstract describes the 76-click, 100-mode GBS experiment; the fetch returned no title or metadata, so whether the page names Jiuzhang was not seen"
ustc-jiuzhang1,Jiuzhang (1.0),USTC (Pan Jianwei group),https://postquantum.com/industry-news/jiuzhang-4-0,PostQuantum — Jiuzhang 4.0,ref:jiuzhang4-pq,✅,press,"Jiuzhang 4.0: 3,050 Photons, 25.6 Microseconds, and a Direct Answer to the Algorithm That Threatened Photonic Quantum Advantage","15 Aug 2025; lineage table names 'Jiuzhang 1.0' (2020, 76 photons, 100 modes); 'the original Jiuzhang, which had a fixed optical circuit'"
ustc-jiuzhang2,Jiuzhang 2.0,USTC (Pan Jianwei group),https://arxiv.org/abs/2106.15534,arXiv:2106.15534 — phase-programmable GBS using stimulated squeezed light (Jiuzhang 2.0),evidence:architecture-paper,✅,paper,Phase-Programmable Gaussian Boson Sampling Using Stimulated Squeezed Light,"29 Jun 2021; 'The photonic quantum computer, Jiuzhang 2.0, yields a Hilbert space dimension up to 10^43'"
ustc-jiuzhang2,Jiuzhang 2.0,USTC (Pan Jianwei group),https://postquantum.com/industry-news/jiuzhang-4-0,PostQuantum — Jiuzhang 4.0,ref:jiuzhang4-pq,✅,press,"Jiuzhang 4.0: 3,050 Photons, 25.6 Microseconds, and a Direct Answer to the Algorithm That Threatened Photonic Quantum Advantage","15 Aug 2025; lineage table names 'Jiuzhang 2.0' (2021, 113 photons, 144 modes)"
ustc-jiuzhang3,Jiuzhang 3.0,USTC (Pan Jianwei group),https://arxiv.org/abs/2304.12240,arXiv:2304.12240 — GBS with pseudo-photon-number-resolving detectors (Jiuzhang 3.0),evidence:architecture-paper,✅,paper,Gaussian Boson Sampling with Pseudo-Photon-Number Resolving Detectors and Quantum Computational Advantage,"24 Apr 2023; 'our quantum computer, Jiuzhang 3.0, takes only 1.27 us to produce a sample'"
ustc-jiuzhang3,Jiuzhang 3.0,USTC (Pan Jianwei group),https://postquantum.com/industry-news/jiuzhang-4-0,PostQuantum — Jiuzhang 4.0,ref:jiuzhang4-pq,✅,press,"Jiuzhang 4.0: 3,050 Photons, 25.6 Microseconds, and a Direct Answer to the Algorithm That Threatened Photonic Quantum Advantage","15 Aug 2025; 'The Jiuzhang 3.0, which had a fixed optical circuit'; 255 photons (2023)"
ustc-jiuzhang4,Jiuzhang 4.0,USTC (Pan Jianwei group),https://postquantum.com/industry-news/jiuzhang-4-0,PostQuantum — Jiuzhang 4.0,ref:jiuzhang4-pq,✅,press,"Jiuzhang 4.0: 3,050 Photons, 25.6 Microseconds, and a Direct Answer to the Algorithm That Threatened Photonic Quantum A…","15 Aug 2025; names Jiuzhang 4.0 and USTC (Pan Jianwei, Lu Chao-Yang)"
ustc-jiuzhang4,Jiuzhang 4.0,USTC (Pan Jianwei group),https://www.nature.com/articles/s41586-026-10523-6,"Nature 653, 687 — Gaussian boson sampling with 1,024 squeezed states (Jiuzhang 4.0)",ref:jiuzhang4,✅,paper,"Gaussian boson sampling with 1,024 squeezed states in 8,176 modes | Nature","13 May 2026; 'programmable photonic quantum processor, Jiuzhang 4.0'; USTC affiliation, Pan Jian-Wei"
ustc-zuchongzhi-2.1,Zuchongzhi 2.1,USTC / Hefei National Laboratory,https://arxiv.org/abs/2109.03494,,evidence:architecture-paper-figure,✅,paper,Quantum Computational Advantage via 60-Qubit 24-Cycle Random Circuit Sampling,8 Sep 2021; 'superconducting quantum computing systems Zuchongzhi 2.1 ... 66 qubits'; org not shown
ustc-zuchongzhi-2.1,Zuchongzhi 2.1,USTC / Hefei National Laboratory,https://arxiv.org/abs/2412.11924,arXiv:2412.11924 — Zuchongzhi 3.0 random circuit sampling,ref:zcz3,✗,paper,Establishing a New Benchmark in Quantum Computational Advantage with 105-qubit Zuchongzhi 3.0 Processor,16 Dec 2024; page names successor Zuchongzhi 3.0 only; 2.1 not mentioned; USTC not on abstract page
ustc-zuchongzhi-3.0,Zuchongzhi 3.0,USTC / Hefei National Laboratory,https://arxiv.org/abs/2412.11924,arXiv:2412.11924 — Zuchongzhi 3.0 random circuit sampling,ref:zcz3,✅,paper,Establishing a New Benchmark in Quantum Computational Advantage with 105-qubit Zuchongzhi 3.0 Processor,16 Dec 2024; 'Zuchongzhi 3.0 ... comprising 105 qubits' in title/abstract; USTC not on abstract page
ustc-zuchongzhi-3.0,Zuchongzhi 3.0,USTC / Hefei National Laboratory,https://www.eurekalert.org/news-releases/1076296,EurekAlert — Zuchongzhi 3.0 release (USTC),ref:zcz3-eurek,✅,press,Zuchongzhi-3: A 105-qubit superconducting quantum processor with 10^15 times speedup in circuit sampling,"9 Mar 2025; alias 'Zuchongzhi-3' (105 qubits, 182 couplers); USTC named; Hefei Natl Lab not"
ustc-zuchongzhi-3.2,Zuchongzhi 3.2,USTC / Hefei National Laboratory,https://arxiv.org/abs/2607.01473,"arXiv:2607.01473 — logical CNOT, H and S on d=3 surface-code patches (USTC, 107 q)",ref:ustc-logical,org-only,paper,[2607.01473] Surface code logical operations on a superconducting quantum processor,"1 Jul 2026; USTC team via authors (Pan/Zhu/Lu); says only '107-qubit processor', Zuchongzhi unnamed"
ustc-zuchongzhi-3.2,Zuchongzhi 3.2,USTC / Hefei National Laboratory,https://journals.aps.org/prl/abstract/10.1103/rqkg-dw31,"PRL 135, 260601 — below-threshold surface code with all-microwave leakage suppression",ref:zcz32,unreachable,paper,,403 from journals.aps.org
xanadu-aurora,Aurora,Xanadu,https://postquantum.com/quantum-computing-companies/xanadu/,PostQuantum — Xanadu,ref:xanadu-pq,✅,other,Xanadu,"Aurora named: '12-qubit universal photonic quantum computer'; pub 22 May 2025, mod 27 May 2026"
xanadu-aurora,Aurora,Xanadu,https://quantumzeitgeist.com/xanadu-technical-roadmap-showcase/,Quantum Zeitgeist — Xanadu technical roadmap showcase,ref:xanadu-zeit,✅,press,Xanadu Showcases Technical Roadmap And Full-Stack Platform,Aurora named repeatedly; 7 Mar 2026 (mod 14 Apr 2026)
xanadu-aurora,Aurora,Xanadu,https://www.nature.com/articles/s41586-024-08406-9,"Nature 638, 912 — Scaling and networking a modular photonic quantum computer (Aurora)",ref:aurora,✅,paper,Scaling and networking a modular photonic quantum computer,"'this machine, which we name Aurora'; Xanadu affiliation; 22 Jan 2025"
xanadu-borealis,Borealis,Xanadu,https://postquantum.com/quantum-computing-companies/xanadu/,PostQuantum — Xanadu,ref:xanadu-pq,✅,other,Xanadu,Borealis named: '216-mode interferometer ... Gaussian boson sampling'; pub 22 May 2025
xanadu-borealis,Borealis,Xanadu,https://www.nature.com/articles/s41586-022-04725-x,"Nature 606, 75 — Quantum computational advantage with a programmable photonic processor (Borealis)",ref:borealis,✅,paper,Quantum computational advantage with a programmable photonic processor,'quantum computational advantage using Borealis'; Xanadu affiliation; 1 Jun 2022
yaqumo-yb,neutral-ytterbium QPU,Yaqumo (+ Fujitsu),https://global.fujitsu/en-global/pr/news/2026/03/25-01,Fujitsu — STAR Ver. 3 with University of Osaka (25 Mar 2026),ref:star3,org-only,press,PRESS RELEASE (Fujitsu Limited and The University of Osaka),"Fujitsu/Osaka STAR Ver.3 PR, 25 Mar 2026; Yaqumo and the Yb QPU never named"
yaqumo-yb,neutral-ytterbium QPU,Yaqumo (+ Fujitsu),https://quantumcomputingreport.com/fujitsu-and-yaqumo-begin-hardware-validation-of-star-architecture-on-neutral-atom-qpus/,QCR — Fujitsu and Yaqumo begin hardware validation of STAR on neutral atoms,ref:yaqumo-qcr,✅,press,Fujitsu and Yaqumo Begin Hardware Validation of STAR Architecture on Neutral-Atom QPUs - Quantum Computing Report,alias: Yaqumo's physical neutral-atom QPUs with ytterbium (Yb) atoms; 9 Sep 2026
yaqumo-yb,neutral-ytterbium QPU,Yaqumo (+ Fujitsu),https://yaqumo.com/en/news/499/,Yaqumo — STAR hardware validation on neutral-atom QPUs,ref:yaqumo,✅,press,Fujitsu and Yaqumo begin testing quantum computing architecture and basic software on neutral-atom quantum computer hard,alias: 'Yaqumo's neutral-atom quantum computers' using ytterbium neutral-atoms; 9 Sep 2026
zhuangzi-2.0,Zhuangzi 2.0,CAS / Peking University,https://arxiv.org/abs/2503.21553,,evidence:architecture-paper-figure,✅,paper,arXiv:2503.21553 (title not returned by summariser),"alias 'Chuang-tzu 2.0' = Wade-Giles of Zhuangzi 2.0, 78-q superconducting processor; org not shown"
zhuangzi-2.0,Zhuangzi 2.0,CAS / Peking University,https://thequantuminsider.com/2026/05/15/10-plus-companies-leading-the-quantum-technologies-race-in-china/,The Quantum Insider — companies leading the quantum race in China,ref:qudoor-tqi,✗,press,Top Chinese Quantum Computing Companies in 2026,"15 May 2026; lists QuDoor (Beijing ion-trap) but Zhuangzi 2.0, CAS, PKU never named"
zju-125q,Zhejiang University 125-qubit surface-code processor,Zhejiang University + CAEP,https://arxiv.org/html/2606.06598,arXiv:2606.06598 — Zhejiang 125-qubit surface-code processor,ref:zju125,✅,paper,A superconducting surface-code processor with lattice-surgery logical operations,"alias: 'superconducting system of 125 qubits', ZJU + CAEP authors; 4 Jun 2026"
